r_x,f,t,y,m,r_y,l,r,UseByTechnologyByMode
RE1,ELC002,DEMAGRGWTWAT,2022,1,RE1,S11,RE1,0.0603
RE1,ELC002,DEMAGRGWTWAT,2023,1,RE1,S11,RE1,0.127
RE1,ELC002,DEMAGRGWTWAT,2024,1,RE1,S11,RE1,0.1089
RE1,ELC002,DEMAGRGWTWAT,2025,1,RE1,S11,RE1,0.0907
RE1,ELC002,DEMAGRGWTWAT,2026,1,RE1,S11,RE1,0.0726
RE1,ELC002,DEMAGRGWTWAT,2027,1,RE1,S11,RE1,0.0544
RE1,ELC002,DEMAGRGWTWAT,2028,1,RE1,S11,RE1,0.0363
RE1,ELC002,DEMAGRGWTWAT,2029,1,RE1,S11,RE1,0.0181
RE1,WTRGWT,DEMAGRGWTWAT,2022,1,RE1,S11,RE1,0.0558
RE1,WTRGWT,DEMAGRGWTWAT,2023,1,RE1,S11,RE1,0.1176
RE1,WTRGWT,DEMAGRGWTWAT,2024,1,RE1,S11,RE1,0.1008
RE1,WTRGWT,DEMAGRGWTWAT,2025,1,RE1,S11,RE1,0.084
RE1,WTRGWT,DEMAGRGWTWAT,2026,1,RE1,S11,RE1,0.0672
RE1,WTRGWT,DEMAGRGWTWAT,2027,1,RE1,S11,RE1,0.0504
RE1,WTRGWT,DEMAGRGWTWAT,2028,1,RE1,S11,RE1,0.0336
RE1,WTRGWT,DEMAGRGWTWAT,2029,1,RE1,S11,RE1,0.0168
RE1,ELC002,DEMAGRSURWAT,2020,1,RE1,S11,RE1,0.1442
RE1,ELC002,DEMAGRSURWAT,2021,1,RE1,S11,RE1,0.2098
RE1,ELC002,DEMAGRSURWAT,2022,1,RE1,S11,RE1,0.2312
RE1,ELC002,DEMAGRSURWAT,2023,1,RE1,S11,RE1,0.2472
RE1,ELC002,DEMAGRSURWAT,2024,1,RE1,S11,RE1,0.3313
RE1,ELC002,DEMAGRSURWAT,2025,1,RE1,S11,RE1,0.4184
RE1,ELC002,DEMAGRSURWAT,2026,1,RE1,S11,RE1,0.5027
RE1,ELC002,DEMAGRSURWAT,2027,1,RE1,S11,RE1,0.5872
RE1,ELC002,DEMAGRSURWAT,2028,1,RE1,S11,RE1,0.6749
RE1,ELC002,DEMAGRSURWAT,2029,1,RE1,S11,RE1,0.7628
RE1,ELC002,DEMAGRSURWAT,2030,1,RE1,S11,RE1,0.8509
RE1,ELC002,DEMAGRSURWAT,2031,1,RE1,S11,RE1,0.8722
RE1,ELC002,DEMAGRSURWAT,2032,1,RE1,S11,RE1,0.8937
RE1,ELC002,DEMAGRSURWAT,2033,1,RE1,S11,RE1,0.9153
RE1,ELC002,DEMAGRSURWAT,2034,1,RE1,S11,RE1,0.937
RE1,ELC002,DEMAGRSURWAT,2035,1,RE1,S11,RE1,0.9591
RE1,WTRSUR,DEMAGRSURWAT,2020,1,RE1,S11,RE1,0.1677
RE1,WTRSUR,DEMAGRSURWAT,2021,1,RE1,S11,RE1,0.2439
RE1,WTRSUR,DEMAGRSURWAT,2022,1,RE1,S11,RE1,0.2688
RE1,WTRSUR,DEMAGRSURWAT,2023,1,RE1,S11,RE1,0.2874
RE1,WTRSUR,DEMAGRSURWAT,2024,1,RE1,S11,RE1,0.3852
RE1,WTRSUR,DEMAGRSURWAT,2025,1,RE1,S11,RE1,0.4866
RE1,WTRSUR,DEMAGRSURWAT,2026,1,RE1,S11,RE1,0.5845
RE1,WTRSUR,DEMAGRSURWAT,2027,1,RE1,S11,RE1,0.6828
RE1,WTRSUR,DEMAGRSURWAT,2028,1,RE1,S11,RE1,0.7847
RE1,WTRSUR,DEMAGRSURWAT,2029,1,RE1,S11,RE1,0.887
RE1,WTRSUR,DEMAGRSURWAT,2030,1,RE1,S11,RE1,0.9894
RE1,WTRSUR,DEMAGRSURWAT,2031,1,RE1,S11,RE1,1.0141
RE1,WTRSUR,DEMAGRSURWAT,2032,1,RE1,S11,RE1,1.0391
RE1,WTRSUR,DEMAGRSURWAT,2033,1,RE1,S11,RE1,1.0643
RE1,WTRSUR,DEMAGRSURWAT,2034,1,RE1,S11,RE1,1.0895
RE1,WTRSUR,DEMAGRSURWAT,2035,1,RE1,S11,RE1,1.1152
RE1,ELC002,DEMPUBGWTWAT,2020,1,RE1,S11,RE1,1.0682
RE1,ELC002,DEMPUBGWTWAT,2021,1,RE1,S11,RE1,1.0806
RE1,ELC002,DEMPUBGWTWAT,2022,1,RE1,S11,RE1,1.0738
RE1,ELC002,DEMPUBGWTWAT,2023,1,RE1,S11,RE1,1.0667
RE1,ELC002,DEMPUBGWTWAT,2024,1,RE1,S11,RE1,1.0593
RE1,ELC002,DEMPUBGWTWAT,2025,1,RE1,S11,RE1,1.0516
RE1,ELC002,DEMPUBGWTWAT,2026,1,RE1,S11,RE1,1.0435
RE1,ELC002,DEMPUBGWTWAT,2027,1,RE1,S11,RE1,1.0353
RE1,ELC002,DEMPUBGWTWAT,2028,1,RE1,S11,RE1,1.0264
RE1,ELC002,DEMPUBGWTWAT,2029,1,RE1,S11,RE1,1.0174
RE1,ELC002,DEMPUBGWTWAT,2030,1,RE1,S11,RE1,1.0078
RE1,ELC002,DEMPUBGWTWAT,2031,1,RE1,S11,RE1,0.998
RE1,ELC002,DEMPUBGWTWAT,2032,1,RE1,S11,RE1,0.9878
RE1,ELC002,DEMPUBGWTWAT,2033,1,RE1,S11,RE1,0.977
RE1,ELC002,DEMPUBGWTWAT,2034,1,RE1,S11,RE1,0.9658
RE1,ELC002,DEMPUBGWTWAT,2035,1,RE1,S11,RE1,0.9541
RE1,WTRGWT,DEMPUBGWTWAT,2020,1,RE1,S11,RE1,0.2525
RE1,WTRGWT,DEMPUBGWTWAT,2021,1,RE1,S11,RE1,0.2555
RE1,WTRGWT,DEMPUBGWTWAT,2022,1,RE1,S11,RE1,0.2538
RE1,WTRGWT,DEMPUBGWTWAT,2023,1,RE1,S11,RE1,0.2522
RE1,WTRGWT,DEMPUBGWTWAT,2024,1,RE1,S11,RE1,0.2504
RE1,WTRGWT,DEMPUBGWTWAT,2025,1,RE1,S11,RE1,0.2486
RE1,WTRGWT,DEMPUBGWTWAT,2026,1,RE1,S11,RE1,0.2467
RE1,WTRGWT,DEMPUBGWTWAT,2027,1,RE1,S11,RE1,0.2447
RE1,WTRGWT,DEMPUBGWTWAT,2028,1,RE1,S11,RE1,0.2427
RE1,WTRGWT,DEMPUBGWTWAT,2029,1,RE1,S11,RE1,0.2405
RE1,WTRGWT,DEMPUBGWTWAT,2030,1,RE1,S11,RE1,0.2383
RE1,WTRGWT,DEMPUBGWTWAT,2031,1,RE1,S11,RE1,0.2359
RE1,WTRGWT,DEMPUBGWTWAT,2032,1,RE1,S11,RE1,0.2335
RE1,WTRGWT,DEMPUBGWTWAT,2033,1,RE1,S11,RE1,0.231
RE1,WTRGWT,DEMPUBGWTWAT,2034,1,RE1,S11,RE1,0.2283
RE1,WTRGWT,DEMPUBGWTWAT,2035,1,RE1,S11,RE1,0.2256
RE1,ELC002,DEMPUBSURWAT,2020,1,RE1,S11,RE1,0.7864
RE1,ELC002,DEMPUBSURWAT,2021,1,RE1,S11,RE1,0.884
RE1,ELC002,DEMPUBSURWAT,2022,1,RE1,S11,RE1,1.0006
RE1,ELC002,DEMPUBSURWAT,2023,1,RE1,S11,RE1,1.1202
RE1,ELC002,DEMPUBSURWAT,2024,1,RE1,S11,RE1,1.2446
RE1,ELC002,DEMPUBSURWAT,2025,1,RE1,S11,RE1,1.3752
RE1,ELC002,DEMPUBSURWAT,2026,1,RE1,S11,RE1,1.5106
RE1,ELC002,DEMPUBSURWAT,2027,1,RE1,S11,RE1,1.6508
RE1,ELC002,DEMPUBSURWAT,2028,1,RE1,S11,RE1,1.7988
RE1,ELC002,DEMPUBSURWAT,2029,1,RE1,S11,RE1,1.9515
RE1,ELC002,DEMPUBSURWAT,2030,1,RE1,S11,RE1,2.1121
RE1,ELC002,DEMPUBSURWAT,2031,1,RE1,S11,RE1,2.279
RE1,ELC002,DEMPUBSURWAT,2032,1,RE1,S11,RE1,2.4522
RE1,ELC002,DEMPUBSURWAT,2033,1,RE1,S11,RE1,2.6333
RE1,ELC002,DEMPUBSURWAT,2034,1,RE1,S11,RE1,2.8222
RE1,ELC002,DEMPUBSURWAT,2035,1,RE1,S11,RE1,3.0205
RE1,WTRSUR,DEMPUBSURWAT,2020,1,RE1,S11,RE1,0.2789
RE1,WTRSUR,DEMPUBSURWAT,2021,1,RE1,S11,RE1,0.3135
RE1,WTRSUR,DEMPUBSURWAT,2022,1,RE1,S11,RE1,0.3548
RE1,WTRSUR,DEMPUBSURWAT,2023,1,RE1,S11,RE1,0.3972
RE1,WTRSUR,DEMPUBSURWAT,2024,1,RE1,S11,RE1,0.4413
RE1,WTRSUR,DEMPUBSURWAT,2025,1,RE1,S11,RE1,0.4877
RE1,WTRSUR,DEMPUBSURWAT,2026,1,RE1,S11,RE1,0.5357
RE1,WTRSUR,DEMPUBSURWAT,2027,1,RE1,S11,RE1,0.5854
RE1,WTRSUR,DEMPUBSURWAT,2028,1,RE1,S11,RE1,0.6379
RE1,WTRSUR,DEMPUBSURWAT,2029,1,RE1,S11,RE1,0.692
RE1,WTRSUR,DEMPUBSURWAT,2030,1,RE1,S11,RE1,0.749
RE1,WTRSUR,DEMPUBSURWAT,2031,1,RE1,S11,RE1,0.8081
RE1,WTRSUR,DEMPUBSURWAT,2032,1,RE1,S11,RE1,0.8696
RE1,WTRSUR,DEMPUBSURWAT,2033,1,RE1,S11,RE1,0.9338
RE1,WTRSUR,DEMPUBSURWAT,2034,1,RE1,S11,RE1,1.0008
RE1,WTRSUR,DEMPUBSURWAT,2035,1,RE1,S11,RE1,1.0711
RE1,ELC002,DEMPWRSURWAT,2020,1,RE1,S11,RE1,0.0253
RE1,ELC002,DEMPWRSURWAT,2021,1,RE1,S11,RE1,0.0283
RE1,ELC002,DEMPWRSURWAT,2022,1,RE1,S11,RE1,0.0416
RE1,ELC002,DEMPWRSURWAT,2023,1,RE1,S11,RE1,0.0382
RE1,ELC002,DEMPWRSURWAT,2024,1,RE1,S11,RE1,0.0459
RE1,ELC002,DEMPWRSURWAT,2025,1,RE1,S11,RE1,0.0399
RE1,ELC002,DEMPWRSURWAT,2026,1,RE1,S11,RE1,0.0366
RE1,ELC002,DEMPWRSURWAT,2027,1,RE1,S11,RE1,0.0375
RE1,ELC002,DEMPWRSURWAT,2028,1,RE1,S11,RE1,0.0385
RE1,ELC002,DEMPWRSURWAT,2029,1,RE1,S11,RE1,0.0391
RE1,ELC002,DEMPWRSURWAT,2030,1,RE1,S11,RE1,0.0393
RE1,ELC002,DEMPWRSURWAT,2031,1,RE1,S11,RE1,0.0301
RE1,ELC002,DEMPWRSURWAT,2032,1,RE1,S11,RE1,0.0267
RE1,WTRSUR,DEMPWRSURWAT,2020,1,RE1,S11,RE1,0.009
RE1,WTRSUR,DEMPWRSURWAT,2021,1,RE1,S11,RE1,0.01
RE1,WTRSUR,DEMPWRSURWAT,2022,1,RE1,S11,RE1,0.0148
RE1,WTRSUR,DEMPWRSURWAT,2023,1,RE1,S11,RE1,0.0135
RE1,WTRSUR,DEMPWRSURWAT,2024,1,RE1,S11,RE1,0.0163
RE1,WTRSUR,DEMPWRSURWAT,2025,1,RE1,S11,RE1,0.0141
RE1,WTRSUR,DEMPWRSURWAT,2026,1,RE1,S11,RE1,0.013
RE1,WTRSUR,DEMPWRSURWAT,2027,1,RE1,S11,RE1,0.0133
RE1,WTRSUR,DEMPWRSURWAT,2028,1,RE1,S11,RE1,0.0136
RE1,WTRSUR,DEMPWRSURWAT,2029,1,RE1,S11,RE1,0.0139
RE1,WTRSUR,DEMPWRSURWAT,2030,1,RE1,S11,RE1,0.0139
RE1,WTRSUR,DEMPWRSURWAT,2031,1,RE1,S11,RE1,0.0107
RE1,WTRSUR,DEMPWRSURWAT,2032,1,RE1,S11,RE1,0.0095
RE1,CRPMAI,DEMTRABIO,2020,1,RE1,S11,RE1,0.3981
RE1,CRPMAI,DEMTRABIO,2021,1,RE1,S11,RE1,0.4101
RE1,CRPMAI,DEMTRABIO,2022,1,RE1,S11,RE1,0.422
RE1,CRPMAI,DEMTRABIO,2023,1,RE1,S11,RE1,0.4339
RE1,CRPMAI,DEMTRABIO,2024,1,RE1,S11,RE1,0.4459
RE1,CRPMAI,DEMTRABIO,2025,1,RE1,S11,RE1,0.4618
RE1,CRPMAI,DEMTRABIO,2026,1,RE1,S11,RE1,0.4738
RE1,CRPMAI,DEMTRABIO,2027,1,RE1,S11,RE1,0.4857
RE1,CRPMAI,DEMTRABIO,2028,1,RE1,S11,RE1,0.5016
RE1,CRPMAI,DEMTRABIO,2029,1,RE1,S11,RE1,0.5175
RE1,CRPMAI,DEMTRABIO,2030,1,RE1,S11,RE1,0.5335
RE1,CRPMAI,DEMTRABIO,2031,1,RE1,S11,RE1,0.5494
RE1,CRPMAI,DEMTRABIO,2032,1,RE1,S11,RE1,0.5653
RE1,CRPMAI,DEMTRABIO,2033,1,RE1,S11,RE1,0.5812
RE1,CRPMAI,DEMTRABIO,2034,1,RE1,S11,RE1,0.5972
RE1,CRPMAI,DEMTRABIO,2035,1,RE1,S11,RE1,0.6131
RE1,LND,LNDBLT,2020,1,RE1,S11,RE1,5.04
RE1,LND,LNDBLT,2021,1,RE1,S11,RE1,5.1072
RE1,LND,LNDBLT,2022,1,RE1,S11,RE1,5.1408
RE1,LND,LNDBLT,2023,1,RE1,S11,RE1,5.208
RE1,LND,LNDBLT,2024,1,RE1,S11,RE1,5.2416
RE1,LND,LNDBLT,2025,1,RE1,S11,RE1,5.3088
RE1,LND,LNDBLT,2026,1,RE1,S11,RE1,5.3424
RE1,LND,LNDBLT,2027,1,RE1,S11,RE1,5.4096
RE1,LND,LNDBLT,2028,1,RE1,S11,RE1,5.4432
RE1,LND,LNDBLT,2029,1,RE1,S11,RE1,5.5104
RE1,LND,LNDBLT,2030,1,RE1,S11,RE1,5.5776
RE1,LND,LNDBLT,2031,1,RE1,S11,RE1,5.6112
RE1,LND,LNDBLT,2032,1,RE1,S11,RE1,5.6784
RE1,LND,LNDBLT,2033,1,RE1,S11,RE1,5.7456
RE1,LND,LNDBLT,2034,1,RE1,S11,RE1,5.7792
RE1,LND,LNDBLT,2035,1,RE1,S11,RE1,5.8464
RE1,WTRPRC,LNDBLT,2020,1,RE1,S11,RE1,6.048
RE1,WTRPRC,LNDBLT,2021,1,RE1,S11,RE1,6.1286
RE1,WTRPRC,LNDBLT,2022,1,RE1,S11,RE1,6.169
RE1,WTRPRC,LNDBLT,2023,1,RE1,S11,RE1,6.2496
RE1,WTRPRC,LNDBLT,2024,1,RE1,S11,RE1,6.2899
RE1,WTRPRC,LNDBLT,2025,1,RE1,S11,RE1,6.3706
RE1,WTRPRC,LNDBLT,2026,1,RE1,S11,RE1,6.4109
RE1,WTRPRC,LNDBLT,2027,1,RE1,S11,RE1,6.4915
RE1,WTRPRC,LNDBLT,2028,1,RE1,S11,RE1,6.5318
RE1,WTRPRC,LNDBLT,2029,1,RE1,S11,RE1,6.6125
RE1,WTRPRC,LNDBLT,2030,1,RE1,S11,RE1,6.6931
RE1,WTRPRC,LNDBLT,2031,1,RE1,S11,RE1,6.7334
RE1,WTRPRC,LNDBLT,2032,1,RE1,S11,RE1,6.8141
RE1,WTRPRC,LNDBLT,2033,1,RE1,S11,RE1,6.8947
RE1,WTRPRC,LNDBLT,2034,1,RE1,S11,RE1,6.935
RE1,WTRPRC,LNDBLT,2035,1,RE1,S11,RE1,7.0157
RE1,LND,LNDFOR,2020,1,RE1,S11,RE1,85.2096
RE1,LND,LNDFOR,2021,1,RE1,S11,RE1,81.8496
RE1,LND,LNDFOR,2022,1,RE1,S11,RE1,79.0355
RE1,LND,LNDFOR,2023,1,RE1,S11,RE1,75.1296
RE1,LND,LNDFOR,2024,1,RE1,S11,RE1,85.0649
RE1,LND,LNDFOR,2025,1,RE1,S11,RE1,85.0045
RE1,LND,LNDFOR,2026,1,RE1,S11,RE1,84.9853
RE1,LND,LNDFOR,2027,1,RE1,S11,RE1,84.9317
RE1,LND,LNDFOR,2028,1,RE1,S11,RE1,84.9035
RE1,LND,LNDFOR,2029,1,RE1,S11,RE1,84.8414
RE1,LND,LNDFOR,2030,1,RE1,S11,RE1,84.7785
RE1,LND,LNDFOR,2031,1,RE1,S11,RE1,84.7785
RE1,LND,LNDFOR,2032,1,RE1,S11,RE1,84.7785
RE1,LND,LNDFOR,2033,1,RE1,S11,RE1,84.7785
RE1,LND,LNDFOR,2034,1,RE1,S11,RE1,84.7785
RE1,LND,LNDFOR,2035,1,RE1,S11,RE1,84.7785
RE1,WTRPRC,LNDFOR,2020,1,RE1,S11,RE1,102.2515
RE1,WTRPRC,LNDFOR,2021,1,RE1,S11,RE1,98.2195
RE1,WTRPRC,LNDFOR,2022,1,RE1,S11,RE1,94.8426
RE1,WTRPRC,LNDFOR,2023,1,RE1,S11,RE1,90.1555
RE1,WTRPRC,LNDFOR,2024,1,RE1,S11,RE1,102.0779
RE1,WTRPRC,LNDFOR,2025,1,RE1,S11,RE1,102.0054
RE1,WTRPRC,LNDFOR,2026,1,RE1,S11,RE1,101.9823
RE1,WTRPRC,LNDFOR,2027,1,RE1,S11,RE1,101.9181
RE1,WTRPRC,LNDFOR,2028,1,RE1,S11,RE1,101.8842
RE1,WTRPRC,LNDFOR,2029,1,RE1,S11,RE1,101.8097
RE1,WTRPRC,LNDFOR,2030,1,RE1,S11,RE1,101.7342
RE1,WTRPRC,LNDFOR,2031,1,RE1,S11,RE1,101.7342
RE1,WTRPRC,LNDFOR,2032,1,RE1,S11,RE1,101.7342
RE1,WTRPRC,LNDFOR,2033,1,RE1,S11,RE1,101.7342
RE1,WTRPRC,LNDFOR,2034,1,RE1,S11,RE1,101.7342
RE1,WTRPRC,LNDFOR,2035,1,RE1,S11,RE1,101.7342
RE1,AGRDSL,LNDMAIIRR,2020,1,RE1,S11,RE1,0.0559
RE1,AGRDSL,LNDMAIIRR,2021,1,RE1,S11,RE1,0.1215
RE1,AGRDSL,LNDMAIIRR,2022,1,RE1,S11,RE1,0.1874
RE1,AGRDSL,LNDMAIIRR,2023,1,RE1,S11,RE1,0.2529
RE1,AGRDSL,LNDMAIIRR,2024,1,RE1,S11,RE1,0.3188
RE1,AGRDSL,LNDMAIIRR,2025,1,RE1,S11,RE1,0.3887
RE1,AGRDSL,LNDMAIIRR,2026,1,RE1,S11,RE1,0.4546
RE1,AGRDSL,LNDMAIIRR,2027,1,RE1,S11,RE1,0.5208
RE1,AGRDSL,LNDMAIIRR,2028,1,RE1,S11,RE1,0.591
RE1,AGRDSL,LNDMAIIRR,2029,1,RE1,S11,RE1,0.6612
RE1,AGRDSL,LNDMAIIRR,2030,1,RE1,S11,RE1,0.7317
RE1,AGRDSL,LNDMAIIRR,2031,1,RE1,S11,RE1,0.7521
RE1,AGRDSL,LNDMAIIRR,2032,1,RE1,S11,RE1,0.7725
RE1,AGRDSL,LNDMAIIRR,2033,1,RE1,S11,RE1,0.7928
RE1,AGRDSL,LNDMAIIRR,2034,1,RE1,S11,RE1,0.8132
RE1,AGRDSL,LNDMAIIRR,2035,1,RE1,S11,RE1,0.8339
RE1,AGRWAT,LNDMAIIRR,2020,1,RE1,S11,RE1,0.0343
RE1,AGRWAT,LNDMAIIRR,2021,1,RE1,S11,RE1,0.0744
RE1,AGRWAT,LNDMAIIRR,2022,1,RE1,S11,RE1,0.1147
RE1,AGRWAT,LNDMAIIRR,2023,1,RE1,S11,RE1,0.1549
RE1,AGRWAT,LNDMAIIRR,2024,1,RE1,S11,RE1,0.1952
RE1,AGRWAT,LNDMAIIRR,2025,1,RE1,S11,RE1,0.238
RE1,AGRWAT,LNDMAIIRR,2026,1,RE1,S11,RE1,0.2783
RE1,AGRWAT,LNDMAIIRR,2027,1,RE1,S11,RE1,0.3189
RE1,AGRWAT,LNDMAIIRR,2028,1,RE1,S11,RE1,0.3618
RE1,AGRWAT,LNDMAIIRR,2029,1,RE1,S11,RE1,0.4048
RE1,AGRWAT,LNDMAIIRR,2030,1,RE1,S11,RE1,0.448
RE1,AGRWAT,LNDMAIIRR,2031,1,RE1,S11,RE1,0.4605
RE1,AGRWAT,LNDMAIIRR,2032,1,RE1,S11,RE1,0.4729
RE1,AGRWAT,LNDMAIIRR,2033,1,RE1,S11,RE1,0.4854
RE1,AGRWAT,LNDMAIIRR,2034,1,RE1,S11,RE1,0.4979
RE1,AGRWAT,LNDMAIIRR,2035,1,RE1,S11,RE1,0.5106
RE1,LND,LNDMAIIRR,2020,1,RE1,S11,RE1,0.1142
RE1,LND,LNDMAIIRR,2021,1,RE1,S11,RE1,0.2479
RE1,LND,LNDMAIIRR,2022,1,RE1,S11,RE1,0.3824
RE1,LND,LNDMAIIRR,2023,1,RE1,S11,RE1,0.5162
RE1,LND,LNDMAIIRR,2024,1,RE1,S11,RE1,0.6507
RE1,LND,LNDMAIIRR,2025,1,RE1,S11,RE1,0.7932
RE1,LND,LNDMAIIRR,2026,1,RE1,S11,RE1,0.9277
RE1,LND,LNDMAIIRR,2027,1,RE1,S11,RE1,1.0629
RE1,LND,LNDMAIIRR,2028,1,RE1,S11,RE1,1.2061
RE1,LND,LNDMAIIRR,2029,1,RE1,S11,RE1,1.3494
RE1,LND,LNDMAIIRR,2030,1,RE1,S11,RE1,1.4934
RE1,LND,LNDMAIIRR,2031,1,RE1,S11,RE1,1.5349
RE1,LND,LNDMAIIRR,2032,1,RE1,S11,RE1,1.5764
RE1,LND,LNDMAIIRR,2033,1,RE1,S11,RE1,1.618
RE1,LND,LNDMAIIRR,2034,1,RE1,S11,RE1,1.6595
RE1,LND,LNDMAIIRR,2035,1,RE1,S11,RE1,1.7018
RE1,WTRPRC,LNDMAIIRR,2020,1,RE1,S11,RE1,0.137
RE1,WTRPRC,LNDMAIIRR,2021,1,RE1,S11,RE1,0.2975
RE1,WTRPRC,LNDMAIIRR,2022,1,RE1,S11,RE1,0.4589
RE1,WTRPRC,LNDMAIIRR,2023,1,RE1,S11,RE1,0.6194
RE1,WTRPRC,LNDMAIIRR,2024,1,RE1,S11,RE1,0.7808
RE1,WTRPRC,LNDMAIIRR,2025,1,RE1,S11,RE1,0.9518
RE1,WTRPRC,LNDMAIIRR,2026,1,RE1,S11,RE1,1.1132
RE1,WTRPRC,LNDMAIIRR,2027,1,RE1,S11,RE1,1.2755
RE1,WTRPRC,LNDMAIIRR,2028,1,RE1,S11,RE1,1.4474
RE1,WTRPRC,LNDMAIIRR,2029,1,RE1,S11,RE1,1.6193
RE1,WTRPRC,LNDMAIIRR,2030,1,RE1,S11,RE1,1.792
RE1,WTRPRC,LNDMAIIRR,2031,1,RE1,S11,RE1,1.8419
RE1,WTRPRC,LNDMAIIRR,2032,1,RE1,S11,RE1,1.8917
RE1,WTRPRC,LNDMAIIRR,2033,1,RE1,S11,RE1,1.9416
RE1,WTRPRC,LNDMAIIRR,2034,1,RE1,S11,RE1,1.9914
RE1,WTRPRC,LNDMAIIRR,2035,1,RE1,S11,RE1,2.0422
RE1,AGRDSL,LNDMAIRNF,2020,1,RE1,S11,RE1,0.405
RE1,AGRDSL,LNDMAIRNF,2021,1,RE1,S11,RE1,0.3645
RE1,AGRDSL,LNDMAIRNF,2022,1,RE1,S11,RE1,0.324
RE1,AGRDSL,LNDMAIRNF,2023,1,RE1,S11,RE1,0.2835
RE1,AGRDSL,LNDMAIRNF,2024,1,RE1,S11,RE1,0.243
RE1,AGRDSL,LNDMAIRNF,2025,1,RE1,S11,RE1,0.2025
RE1,AGRDSL,LNDMAIRNF,2026,1,RE1,S11,RE1,0.162
RE1,AGRDSL,LNDMAIRNF,2027,1,RE1,S11,RE1,0.1215
RE1,AGRDSL,LNDMAIRNF,2028,1,RE1,S11,RE1,0.081
RE1,AGRDSL,LNDMAIRNF,2029,1,RE1,S11,RE1,0.0405
RE1,LND,LNDMAIRNF,2020,1,RE1,S11,RE1,1.3776
RE1,LND,LNDMAIRNF,2021,1,RE1,S11,RE1,1.2398
RE1,LND,LNDMAIRNF,2022,1,RE1,S11,RE1,1.1021
RE1,LND,LNDMAIRNF,2023,1,RE1,S11,RE1,0.9643
RE1,LND,LNDMAIRNF,2024,1,RE1,S11,RE1,0.8266
RE1,LND,LNDMAIRNF,2025,1,RE1,S11,RE1,0.6888
RE1,LND,LNDMAIRNF,2026,1,RE1,S11,RE1,0.551
RE1,LND,LNDMAIRNF,2027,1,RE1,S11,RE1,0.4133
RE1,LND,LNDMAIRNF,2028,1,RE1,S11,RE1,0.2755
RE1,LND,LNDMAIRNF,2029,1,RE1,S11,RE1,0.1378
RE1,WTRPRC,LNDMAIRNF,2020,1,RE1,S11,RE1,1.6531
RE1,WTRPRC,LNDMAIRNF,2021,1,RE1,S11,RE1,1.4878
RE1,WTRPRC,LNDMAIRNF,2022,1,RE1,S11,RE1,1.3225
RE1,WTRPRC,LNDMAIRNF,2023,1,RE1,S11,RE1,1.1572
RE1,WTRPRC,LNDMAIRNF,2024,1,RE1,S11,RE1,0.9919
RE1,WTRPRC,LNDMAIRNF,2025,1,RE1,S11,RE1,0.8266
RE1,WTRPRC,LNDMAIRNF,2026,1,RE1,S11,RE1,0.6612
RE1,WTRPRC,LNDMAIRNF,2027,1,RE1,S11,RE1,0.4959
RE1,WTRPRC,LNDMAIRNF,2028,1,RE1,S11,RE1,0.3306
RE1,WTRPRC,LNDMAIRNF,2029,1,RE1,S11,RE1,0.1653
RE1,AGRDSL,LNDRICIRR,2020,1,RE1,S11,RE1,0.0906
RE1,AGRDSL,LNDRICIRR,2021,1,RE1,S11,RE1,0.1049
RE1,AGRDSL,LNDRICIRR,2022,1,RE1,S11,RE1,0.1225
RE1,AGRDSL,LNDRICIRR,2023,1,RE1,S11,RE1,0.1401
RE1,AGRDSL,LNDRICIRR,2024,1,RE1,S11,RE1,0.1579
RE1,AGRDSL,LNDRICIRR,2025,1,RE1,S11,RE1,0.1758
RE1,AGRDSL,LNDRICIRR,2026,1,RE1,S11,RE1,0.1937
RE1,AGRDSL,LNDRICIRR,2027,1,RE1,S11,RE1,0.2116
RE1,AGRDSL,LNDRICIRR,2028,1,RE1,S11,RE1,0.2297
RE1,AGRDSL,LNDRICIRR,2029,1,RE1,S11,RE1,0.2481
RE1,AGRDSL,LNDRICIRR,2030,1,RE1,S11,RE1,0.2663
RE1,AGRDSL,LNDRICIRR,2031,1,RE1,S11,RE1,0.2716
RE1,AGRDSL,LNDRICIRR,2032,1,RE1,S11,RE1,0.2771
RE1,AGRDSL,LNDRICIRR,2033,1,RE1,S11,RE1,0.2827
RE1,AGRDSL,LNDRICIRR,2034,1,RE1,S11,RE1,0.2883
RE1,AGRDSL,LNDRICIRR,2035,1,RE1,S11,RE1,0.2941
RE1,AGRWAT,LNDRICIRR,2020,1,RE1,S11,RE1,0.0832
RE1,AGRWAT,LNDRICIRR,2021,1,RE1,S11,RE1,0.0964
RE1,AGRWAT,LNDRICIRR,2022,1,RE1,S11,RE1,0.1125
RE1,AGRWAT,LNDRICIRR,2023,1,RE1,S11,RE1,0.1287
RE1,AGRWAT,LNDRICIRR,2024,1,RE1,S11,RE1,0.145
RE1,AGRWAT,LNDRICIRR,2025,1,RE1,S11,RE1,0.1614
RE1,AGRWAT,LNDRICIRR,2026,1,RE1,S11,RE1,0.1779
RE1,AGRWAT,LNDRICIRR,2027,1,RE1,S11,RE1,0.1944
RE1,AGRWAT,LNDRICIRR,2028,1,RE1,S11,RE1,0.211
RE1,AGRWAT,LNDRICIRR,2029,1,RE1,S11,RE1,0.2278
RE1,AGRWAT,LNDRICIRR,2030,1,RE1,S11,RE1,0.2446
RE1,AGRWAT,LNDRICIRR,2031,1,RE1,S11,RE1,0.2494
RE1,AGRWAT,LNDRICIRR,2032,1,RE1,S11,RE1,0.2545
RE1,AGRWAT,LNDRICIRR,2033,1,RE1,S11,RE1,0.2596
RE1,AGRWAT,LNDRICIRR,2034,1,RE1,S11,RE1,0.2648
RE1,AGRWAT,LNDRICIRR,2035,1,RE1,S11,RE1,0.2701
RE1,LND,LNDRICIRR,2020,1,RE1,S11,RE1,0.1848
RE1,LND,LNDRICIRR,2021,1,RE1,S11,RE1,0.2141
RE1,LND,LNDRICIRR,2022,1,RE1,S11,RE1,0.25
RE1,LND,LNDRICIRR,2023,1,RE1,S11,RE1,0.286
RE1,LND,LNDRICIRR,2024,1,RE1,S11,RE1,0.3223
RE1,LND,LNDRICIRR,2025,1,RE1,S11,RE1,0.3587
RE1,LND,LNDRICIRR,2026,1,RE1,S11,RE1,0.3953
RE1,LND,LNDRICIRR,2027,1,RE1,S11,RE1,0.4319
RE1,LND,LNDRICIRR,2028,1,RE1,S11,RE1,0.4689
RE1,LND,LNDRICIRR,2029,1,RE1,S11,RE1,0.5063
RE1,LND,LNDRICIRR,2030,1,RE1,S11,RE1,0.5435
RE1,LND,LNDRICIRR,2031,1,RE1,S11,RE1,0.5543
RE1,LND,LNDRICIRR,2032,1,RE1,S11,RE1,0.5655
RE1,LND,LNDRICIRR,2033,1,RE1,S11,RE1,0.5769
RE1,LND,LNDRICIRR,2034,1,RE1,S11,RE1,0.5884
RE1,LND,LNDRICIRR,2035,1,RE1,S11,RE1,0.6002
RE1,WTRPRC,LNDRICIRR,2020,1,RE1,S11,RE1,0.2218
RE1,WTRPRC,LNDRICIRR,2021,1,RE1,S11,RE1,0.257
RE1,WTRPRC,LNDRICIRR,2022,1,RE1,S11,RE1,0.3
RE1,WTRPRC,LNDRICIRR,2023,1,RE1,S11,RE1,0.3432
RE1,WTRPRC,LNDRICIRR,2024,1,RE1,S11,RE1,0.3867
RE1,WTRPRC,LNDRICIRR,2025,1,RE1,S11,RE1,0.4305
RE1,WTRPRC,LNDRICIRR,2026,1,RE1,S11,RE1,0.4744
RE1,WTRPRC,LNDRICIRR,2027,1,RE1,S11,RE1,0.5183
RE1,WTRPRC,LNDRICIRR,2028,1,RE1,S11,RE1,0.5626
RE1,WTRPRC,LNDRICIRR,2029,1,RE1,S11,RE1,0.6075
RE1,WTRPRC,LNDRICIRR,2030,1,RE1,S11,RE1,0.6522
RE1,WTRPRC,LNDRICIRR,2031,1,RE1,S11,RE1,0.6652
RE1,WTRPRC,LNDRICIRR,2032,1,RE1,S11,RE1,0.6785
RE1,WTRPRC,LNDRICIRR,2033,1,RE1,S11,RE1,0.6923
RE1,WTRPRC,LNDRICIRR,2034,1,RE1,S11,RE1,0.7061
RE1,WTRPRC,LNDRICIRR,2035,1,RE1,S11,RE1,0.7202
RE1,AGRDSL,LNDRICRNF,2020,1,RE1,S11,RE1,0.1406
RE1,AGRDSL,LNDRICRNF,2021,1,RE1,S11,RE1,0.1265
RE1,AGRDSL,LNDRICRNF,2022,1,RE1,S11,RE1,0.1124
RE1,AGRDSL,LNDRICRNF,2023,1,RE1,S11,RE1,0.0984
RE1,AGRDSL,LNDRICRNF,2024,1,RE1,S11,RE1,0.0844
RE1,AGRDSL,LNDRICRNF,2025,1,RE1,S11,RE1,0.0702
RE1,AGRDSL,LNDRICRNF,2026,1,RE1,S11,RE1,0.0562
RE1,AGRDSL,LNDRICRNF,2027,1,RE1,S11,RE1,0.0422
RE1,AGRDSL,LNDRICRNF,2028,1,RE1,S11,RE1,0.0282
RE1,AGRDSL,LNDRICRNF,2029,1,RE1,S11,RE1,0.014
RE1,LND,LNDRICRNF,2020,1,RE1,S11,RE1,0.4781
RE1,LND,LNDRICRNF,2021,1,RE1,S11,RE1,0.4304
RE1,LND,LNDRICRNF,2022,1,RE1,S11,RE1,0.3824
RE1,LND,LNDRICRNF,2023,1,RE1,S11,RE1,0.3347
RE1,LND,LNDRICRNF,2024,1,RE1,S11,RE1,0.2869
RE1,LND,LNDRICRNF,2025,1,RE1,S11,RE1,0.2389
RE1,LND,LNDRICRNF,2026,1,RE1,S11,RE1,0.1912
RE1,LND,LNDRICRNF,2027,1,RE1,S11,RE1,0.1435
RE1,LND,LNDRICRNF,2028,1,RE1,S11,RE1,0.0958
RE1,LND,LNDRICRNF,2029,1,RE1,S11,RE1,0.0477
RE1,WTRPRC,LNDRICRNF,2020,1,RE1,S11,RE1,0.5738
RE1,WTRPRC,LNDRICRNF,2021,1,RE1,S11,RE1,0.5165
RE1,WTRPRC,LNDRICRNF,2022,1,RE1,S11,RE1,0.4588
RE1,WTRPRC,LNDRICRNF,2023,1,RE1,S11,RE1,0.4016
RE1,WTRPRC,LNDRICRNF,2024,1,RE1,S11,RE1,0.3443
RE1,WTRPRC,LNDRICRNF,2025,1,RE1,S11,RE1,0.2867
RE1,WTRPRC,LNDRICRNF,2026,1,RE1,S11,RE1,0.2294
RE1,WTRPRC,LNDRICRNF,2027,1,RE1,S11,RE1,0.1722
RE1,WTRPRC,LNDRICRNF,2028,1,RE1,S11,RE1,0.1149
RE1,WTRPRC,LNDRICRNF,2029,1,RE1,S11,RE1,0.0573
RE1,LND,LNDWAT,2020,1,RE1,S11,RE1,8.3957
RE1,LND,LNDWAT,2021,1,RE1,S11,RE1,7.7335
RE1,LND,LNDWAT,2022,1,RE1,S11,RE1,3.6062
RE1,LND,LNDWAT,2024,1,RE1,S11,RE1,8.4071
RE1,LND,LNDWAT,2025,1,RE1,S11,RE1,8.4071
RE1,LND,LNDWAT,2026,1,RE1,S11,RE1,8.4071
RE1,LND,LNDWAT,2027,1,RE1,S11,RE1,8.4071
RE1,LND,LNDWAT,2028,1,RE1,S11,RE1,8.4071
RE1,LND,LNDWAT,2029,1,RE1,S11,RE1,8.4071
RE1,LND,LNDWAT,2030,1,RE1,S11,RE1,8.4071
RE1,LND,LNDWAT,2031,1,RE1,S11,RE1,8.3211
RE1,LND,LNDWAT,2032,1,RE1,S11,RE1,8.2012
RE1,LND,LNDWAT,2033,1,RE1,S11,RE1,8.081
RE1,LND,LNDWAT,2034,1,RE1,S11,RE1,7.9943
RE1,LND,LNDWAT,2035,1,RE1,S11,RE1,7.8731
RE1,WTRPRC,LNDWAT,2020,1,RE1,S11,RE1,10.0749
RE1,WTRPRC,LNDWAT,2021,1,RE1,S11,RE1,9.2802
RE1,WTRPRC,LNDWAT,2022,1,RE1,S11,RE1,4.3274
RE1,WTRPRC,LNDWAT,2024,1,RE1,S11,RE1,10.0885
RE1,WTRPRC,LNDWAT,2025,1,RE1,S11,RE1,10.0885
RE1,WTRPRC,LNDWAT,2026,1,RE1,S11,RE1,10.0885
RE1,WTRPRC,LNDWAT,2027,1,RE1,S11,RE1,10.0885
RE1,WTRPRC,LNDWAT,2028,1,RE1,S11,RE1,10.0885
RE1,WTRPRC,LNDWAT,2029,1,RE1,S11,RE1,10.0885
RE1,WTRPRC,LNDWAT,2030,1,RE1,S11,RE1,10.0885
RE1,WTRPRC,LNDWAT,2031,1,RE1,S11,RE1,9.9853
RE1,WTRPRC,LNDWAT,2032,1,RE1,S11,RE1,9.8414
RE1,WTRPRC,LNDWAT,2033,1,RE1,S11,RE1,9.6972
RE1,WTRPRC,LNDWAT,2034,1,RE1,S11,RE1,9.5932
RE1,WTRPRC,LNDWAT,2035,1,RE1,S11,RE1,9.4477
RE1,ELC001,PWRBATIN,2022,2,RE1,S11,RE1,12.3318
RE1,ELC001,PWRBATIN,2023,2,RE1,S11,RE1,7.168
RE1,ELC001,PWRBATIN,2024,2,RE1,S11,RE1,18.4714
RE1,ELC001,PWRBATIN,2025,2,RE1,S11,RE1,11.6432
RE1,ELC001,PWRBATIN,2026,2,RE1,S11,RE1,17.1971
RE1,ELC001,PWRBATIN,2027,2,RE1,S11,RE1,19.363
RE1,ELC001,PWRBATIN,2028,2,RE1,S11,RE1,21.643
RE1,ELC001,PWRBATIN,2029,2,RE1,S11,RE1,23.6473
RE1,ELC001,PWRBATIN,2030,2,RE1,S11,RE1,25.0017
RE1,ELC001,PWRBATIN,2031,2,RE1,S11,RE1,26.0325
RE1,ELC001,PWRBATIN,2032,2,RE1,S11,RE1,26.0325
RE1,ELC001,PWRBATIN,2033,2,RE1,S11,RE1,11.8526
RE1,ELC001,PWRBATIN,2034,2,RE1,S11,RE1,11.6003
RE1,ELC001,PWRBATIN,2035,2,RE1,S11,RE1,11.5552
RE1,GAS,PWRGAS,2020,1,RE1,S11,RE1,65.1961
RE1,GAS,PWRGAS,2021,1,RE1,S11,RE1,73.0062
RE1,GAS,PWRGAS,2022,1,RE1,S11,RE1,107.3912
RE1,GAS,PWRGAS,2023,1,RE1,S11,RE1,98.5889
RE1,GAS,PWRGAS,2024,1,RE1,S11,RE1,118.2176
RE1,GAS,PWRGAS,2025,1,RE1,S11,RE1,102.7956
RE1,GAS,PWRGAS,2026,1,RE1,S11,RE1,94.4202
RE1,GAS,PWRGAS,2027,1,RE1,S11,RE1,96.7892
RE1,GAS,PWRGAS,2028,1,RE1,S11,RE1,99.2832
RE1,GAS,PWRGAS,2029,1,RE1,S11,RE1,101.0127
RE1,GAS,PWRGAS,2030,1,RE1,S11,RE1,101.3374
RE1,GAS,PWRGAS,2031,1,RE1,S11,RE1,77.7902
RE1,GAS,PWRGAS,2032,1,RE1,S11,RE1,68.9829
RE1,PWRWAT,PWRGAS,2020,1,RE1,S11,RE1,0.0072
RE1,PWRWAT,PWRGAS,2021,1,RE1,S11,RE1,0.008
RE1,PWRWAT,PWRGAS,2022,1,RE1,S11,RE1,0.0118
RE1,PWRWAT,PWRGAS,2023,1,RE1,S11,RE1,0.0108
RE1,PWRWAT,PWRGAS,2024,1,RE1,S11,RE1,0.013
RE1,PWRWAT,PWRGAS,2025,1,RE1,S11,RE1,0.0113
RE1,PWRWAT,PWRGAS,2026,1,RE1,S11,RE1,0.0104
RE1,PWRWAT,PWRGAS,2027,1,RE1,S11,RE1,0.0106
RE1,PWRWAT,PWRGAS,2028,1,RE1,S11,RE1,0.0109
RE1,PWRWAT,PWRGAS,2029,1,RE1,S11,RE1,0.0111
RE1,PWRWAT,PWRGAS,2030,1,RE1,S11,RE1,0.0111
RE1,PWRWAT,PWRGAS,2031,1,RE1,S11,RE1,0.0086
RE1,PWRWAT,PWRGAS,2032,1,RE1,S11,RE1,0.0076
RE1,HYD,PWRHYD,2020,1,RE1,S11,RE1,9.5365
RE1,HYD,PWRHYD,2021,1,RE1,S11,RE1,9.5365
RE1,HYD,PWRHYD,2022,1,RE1,S11,RE1,9.5365
RE1,HYD,PWRHYD,2023,1,RE1,S11,RE1,9.5365
RE1,HYD,PWRHYD,2024,1,RE1,S11,RE1,9.5365
RE1,HYD,PWRHYD,2025,1,RE1,S11,RE1,9.5365
RE1,HYD,PWRHYD,2026,1,RE1,S11,RE1,9.5365
RE1,HYD,PWRHYD,2027,1,RE1,S11,RE1,9.5365
RE1,HYD,PWRHYD,2028,1,RE1,S11,RE1,9.5365
RE1,HYD,PWRHYD,2029,1,RE1,S11,RE1,9.5365
RE1,HYD,PWRHYD,2030,1,RE1,S11,RE1,9.5365
RE1,HYD,PWRHYD,2031,1,RE1,S11,RE1,9.5365
RE1,HYD,PWRHYD,2032,1,RE1,S11,RE1,9.5365
RE1,HYD,PWRHYD,2033,1,RE1,S11,RE1,9.5365
RE1,HYD,PWRHYD,2034,1,RE1,S11,RE1,9.5365
RE1,HYD,PWRHYD,2035,1,RE1,S11,RE1,9.5365
RE1,SOL,PWRSOL,2020,1,RE1,S11,RE1,4.1325
RE1,SOL,PWRSOL,2021,1,RE1,S11,RE1,4.1325
RE1,SOL,PWRSOL,2022,1,RE1,S11,RE1,4.1325
RE1,SOL,PWRSOL,2023,1,RE1,S11,RE1,4.1325
RE1,SOL,PWRSOL,2024,1,RE1,S11,RE1,4.1325
RE1,SOL,PWRSOL,2025,1,RE1,S11,RE1,4.1325
RE1,SOL,PWRSOL,2026,1,RE1,S11,RE1,4.1325
RE1,SOL,PWRSOL,2027,1,RE1,S11,RE1,4.1325
RE1,SOL,PWRSOL,2028,1,RE1,S11,RE1,4.1325
RE1,SOL,PWRSOL,2029,1,RE1,S11,RE1,4.1325
RE1,SOL,PWRSOL,2030,1,RE1,S11,RE1,4.1325
RE1,SOL,PWRSOL,2031,1,RE1,S11,RE1,4.1325
RE1,SOL,PWRSOL,2032,1,RE1,S11,RE1,4.1325
RE1,SOL,PWRSOL,2033,1,RE1,S11,RE1,4.1325
RE1,SOL,PWRSOL,2034,1,RE1,S11,RE1,4.1325
RE1,SOL,PWRSOL,2035,1,RE1,S11,RE1,4.1325
RE1,ELC001,PWRTRN,2020,1,RE1,S11,RE1,47.6975
RE1,ELC001,PWRTRN,2021,1,RE1,S11,RE1,51.6025
RE1,ELC001,PWRTRN,2022,1,RE1,S11,RE1,56.4632
RE1,ELC001,PWRTRN,2023,1,RE1,S11,RE1,61.6187
RE1,ELC001,PWRTRN,2024,1,RE1,S11,RE1,66.7727
RE1,ELC001,PWRTRN,2025,1,RE1,S11,RE1,72.2304
RE1,ELC001,PWRTRN,2026,1,RE1,S11,RE1,78.3106
RE1,ELC001,PWRTRN,2027,1,RE1,S11,RE1,84.4008
RE1,ELC001,PWRTRN,2028,1,RE1,S11,RE1,90.8116
RE1,ELC001,PWRTRN,2029,1,RE1,S11,RE1,97.845
RE1,ELC001,PWRTRN,2030,1,RE1,S11,RE1,105.1952
RE1,ELC001,PWRTRN,2031,1,RE1,S11,RE1,112.7965
RE1,ELC001,PWRTRN,2032,1,RE1,S11,RE1,121.0287
RE1,ELC001,PWRTRN,2033,1,RE1,S11,RE1,129.5523
RE1,ELC001,PWRTRN,2034,1,RE1,S11,RE1,138.7316
RE1,ELC001,PWRTRN,2035,1,RE1,S11,RE1,148.2302
RE1,WND,PWRWND,2020,1,RE1,S11,RE1,5.563
RE1,WND,PWRWND,2021,1,RE1,S11,RE1,5.563
RE1,WND,PWRWND,2022,1,RE1,S11,RE1,5.563
RE1,WND,PWRWND,2023,1,RE1,S11,RE1,9.9557
RE1,WND,PWRWND,2024,1,RE1,S11,RE1,16.5988
RE1,WND,PWRWND,2025,1,RE1,S11,RE1,22.9393
RE1,WND,PWRWND,2026,1,RE1,S11,RE1,38.7611
RE1,WND,PWRWND,2027,1,RE1,S11,RE1,45.8327
RE1,WND,PWRWND,2028,1,RE1,S11,RE1,53.2765
RE1,WND,PWRWND,2029,1,RE1,S11,RE1,61.4495
RE1,WND,PWRWND,2030,1,RE1,S11,RE1,69.9917
RE1,WND,PWRWND,2031,1,RE1,S11,RE1,90.3973
RE1,WND,PWRWND,2032,1,RE1,S11,RE1,103.0332
RE1,WND,PWRWND,2033,1,RE1,S11,RE1,131.8684
RE1,WND,PWRWND,2034,1,RE1,S11,RE1,140.7954
RE1,WND,PWRWND,2035,1,RE1,S11,RE1,150.2489
RE1,WTRRUN,RSCHYD,2020,1,RE1,S11,RE1,27.2471
RE1,WTRRUN,RSCHYD,2021,1,RE1,S11,RE1,27.2471
RE1,WTRRUN,RSCHYD,2022,1,RE1,S11,RE1,27.2471
RE1,WTRRUN,RSCHYD,2023,1,RE1,S11,RE1,27.2471
RE1,WTRRUN,RSCHYD,2024,1,RE1,S11,RE1,27.2471
RE1,WTRRUN,RSCHYD,2025,1,RE1,S11,RE1,27.2471
RE1,WTRRUN,RSCHYD,2026,1,RE1,S11,RE1,27.2471
RE1,WTRRUN,RSCHYD,2027,1,RE1,S11,RE1,27.2471
RE1,WTRRUN,RSCHYD,2028,1,RE1,S11,RE1,27.2471
RE1,WTRRUN,RSCHYD,2029,1,RE1,S11,RE1,27.2471
RE1,WTRRUN,RSCHYD,2030,1,RE1,S11,RE1,27.2471
RE1,WTRRUN,RSCHYD,2031,1,RE1,S11,RE1,27.2471
RE1,WTRRUN,RSCHYD,2032,1,RE1,S11,RE1,27.2471
RE1,WTRRUN,RSCHYD,2033,1,RE1,S11,RE1,27.2471
RE1,WTRRUN,RSCHYD,2034,1,RE1,S11,RE1,27.2471
RE1,WTRRUN,RSCHYD,2035,1,RE1,S11,RE1,27.2471
RE1,ELC002,DEMAGRGWTWAT,2022,1,RE1,S12,RE1,0.0301
RE1,ELC002,DEMAGRGWTWAT,2023,1,RE1,S12,RE1,0.0635
RE1,ELC002,DEMAGRGWTWAT,2024,1,RE1,S12,RE1,0.0544
RE1,ELC002,DEMAGRGWTWAT,2025,1,RE1,S12,RE1,0.0454
RE1,ELC002,DEMAGRGWTWAT,2026,1,RE1,S12,RE1,0.0363
RE1,ELC002,DEMAGRGWTWAT,2027,1,RE1,S12,RE1,0.0272
RE1,ELC002,DEMAGRGWTWAT,2028,1,RE1,S12,RE1,0.0181
RE1,ELC002,DEMAGRGWTWAT,2029,1,RE1,S12,RE1,0.0091
RE1,WTRGWT,DEMAGRGWTWAT,2022,1,RE1,S12,RE1,0.0279
RE1,WTRGWT,DEMAGRGWTWAT,2023,1,RE1,S12,RE1,0.0588
RE1,WTRGWT,DEMAGRGWTWAT,2024,1,RE1,S12,RE1,0.0504
RE1,WTRGWT,DEMAGRGWTWAT,2025,1,RE1,S12,RE1,0.042
RE1,WTRGWT,DEMAGRGWTWAT,2026,1,RE1,S12,RE1,0.0336
RE1,WTRGWT,DEMAGRGWTWAT,2027,1,RE1,S12,RE1,0.0252
RE1,WTRGWT,DEMAGRGWTWAT,2028,1,RE1,S12,RE1,0.0168
RE1,WTRGWT,DEMAGRGWTWAT,2029,1,RE1,S12,RE1,0.0084
RE1,ELC002,DEMAGRSURWAT,2020,1,RE1,S12,RE1,0.0721
RE1,ELC002,DEMAGRSURWAT,2021,1,RE1,S12,RE1,0.1049
RE1,ELC002,DEMAGRSURWAT,2022,1,RE1,S12,RE1,0.1156
RE1,ELC002,DEMAGRSURWAT,2023,1,RE1,S12,RE1,0.1236
RE1,ELC002,DEMAGRSURWAT,2024,1,RE1,S12,RE1,0.1656
RE1,ELC002,DEMAGRSURWAT,2025,1,RE1,S12,RE1,0.2092
RE1,ELC002,DEMAGRSURWAT,2026,1,RE1,S12,RE1,0.2514
RE1,ELC002,DEMAGRSURWAT,2027,1,RE1,S12,RE1,0.2936
RE1,ELC002,DEMAGRSURWAT,2028,1,RE1,S12,RE1,0.3374
RE1,ELC002,DEMAGRSURWAT,2029,1,RE1,S12,RE1,0.3814
RE1,ELC002,DEMAGRSURWAT,2030,1,RE1,S12,RE1,0.4254
RE1,ELC002,DEMAGRSURWAT,2031,1,RE1,S12,RE1,0.4361
RE1,ELC002,DEMAGRSURWAT,2032,1,RE1,S12,RE1,0.4468
RE1,ELC002,DEMAGRSURWAT,2033,1,RE1,S12,RE1,0.4577
RE1,ELC002,DEMAGRSURWAT,2034,1,RE1,S12,RE1,0.4685
RE1,ELC002,DEMAGRSURWAT,2035,1,RE1,S12,RE1,0.4795
RE1,WTRSUR,DEMAGRSURWAT,2020,1,RE1,S12,RE1,0.0839
RE1,WTRSUR,DEMAGRSURWAT,2021,1,RE1,S12,RE1,0.122
RE1,WTRSUR,DEMAGRSURWAT,2022,1,RE1,S12,RE1,0.1344
RE1,WTRSUR,DEMAGRSURWAT,2023,1,RE1,S12,RE1,0.1437
RE1,WTRSUR,DEMAGRSURWAT,2024,1,RE1,S12,RE1,0.1926
RE1,WTRSUR,DEMAGRSURWAT,2025,1,RE1,S12,RE1,0.2433
RE1,WTRSUR,DEMAGRSURWAT,2026,1,RE1,S12,RE1,0.2923
RE1,WTRSUR,DEMAGRSURWAT,2027,1,RE1,S12,RE1,0.3414
RE1,WTRSUR,DEMAGRSURWAT,2028,1,RE1,S12,RE1,0.3924
RE1,WTRSUR,DEMAGRSURWAT,2029,1,RE1,S12,RE1,0.4435
RE1,WTRSUR,DEMAGRSURWAT,2030,1,RE1,S12,RE1,0.4947
RE1,WTRSUR,DEMAGRSURWAT,2031,1,RE1,S12,RE1,0.5071
RE1,WTRSUR,DEMAGRSURWAT,2032,1,RE1,S12,RE1,0.5196
RE1,WTRSUR,DEMAGRSURWAT,2033,1,RE1,S12,RE1,0.5322
RE1,WTRSUR,DEMAGRSURWAT,2034,1,RE1,S12,RE1,0.5447
RE1,WTRSUR,DEMAGRSURWAT,2035,1,RE1,S12,RE1,0.5576
RE1,ELC002,DEMPUBSURWAT,2020,1,RE1,S12,RE1,0.2515
RE1,ELC002,DEMPUBSURWAT,2021,1,RE1,S12,RE1,0.2693
RE1,ELC002,DEMPUBSURWAT,2022,1,RE1,S12,RE1,0.288
RE1,ELC002,DEMPUBSURWAT,2023,1,RE1,S12,RE1,0.3074
RE1,ELC002,DEMPUBSURWAT,2024,1,RE1,S12,RE1,0.3274
RE1,ELC002,DEMPUBSURWAT,2025,1,RE1,S12,RE1,0.3485
RE1,ELC002,DEMPUBSURWAT,2026,1,RE1,S12,RE1,0.3703
RE1,ELC002,DEMPUBSURWAT,2027,1,RE1,S12,RE1,0.3929
RE1,ELC002,DEMPUBSURWAT,2028,1,RE1,S12,RE1,0.4167
RE1,ELC002,DEMPUBSURWAT,2029,1,RE1,S12,RE1,0.4414
RE1,ELC002,DEMPUBSURWAT,2030,1,RE1,S12,RE1,0.4672
RE1,ELC002,DEMPUBSURWAT,2031,1,RE1,S12,RE1,0.4941
RE1,ELC002,DEMPUBSURWAT,2032,1,RE1,S12,RE1,0.5221
RE1,ELC002,DEMPUBSURWAT,2033,1,RE1,S12,RE1,0.5513
RE1,ELC002,DEMPUBSURWAT,2034,1,RE1,S12,RE1,0.5817
RE1,ELC002,DEMPUBSURWAT,2035,1,RE1,S12,RE1,0.6137
RE1,WTRSUR,DEMPUBSURWAT,2020,1,RE1,S12,RE1,0.0892
RE1,WTRSUR,DEMPUBSURWAT,2021,1,RE1,S12,RE1,0.0955
RE1,WTRSUR,DEMPUBSURWAT,2022,1,RE1,S12,RE1,0.1021
RE1,WTRSUR,DEMPUBSURWAT,2023,1,RE1,S12,RE1,0.109
RE1,WTRSUR,DEMPUBSURWAT,2024,1,RE1,S12,RE1,0.1161
RE1,WTRSUR,DEMPUBSURWAT,2025,1,RE1,S12,RE1,0.1236
RE1,WTRSUR,DEMPUBSURWAT,2026,1,RE1,S12,RE1,0.1313
RE1,WTRSUR,DEMPUBSURWAT,2027,1,RE1,S12,RE1,0.1393
RE1,WTRSUR,DEMPUBSURWAT,2028,1,RE1,S12,RE1,0.1478
RE1,WTRSUR,DEMPUBSURWAT,2029,1,RE1,S12,RE1,0.1565
RE1,WTRSUR,DEMPUBSURWAT,2030,1,RE1,S12,RE1,0.1657
RE1,WTRSUR,DEMPUBSURWAT,2031,1,RE1,S12,RE1,0.1752
RE1,WTRSUR,DEMPUBSURWAT,2032,1,RE1,S12,RE1,0.1851
RE1,WTRSUR,DEMPUBSURWAT,2033,1,RE1,S12,RE1,0.1955
RE1,WTRSUR,DEMPUBSURWAT,2034,1,RE1,S12,RE1,0.2063
RE1,WTRSUR,DEMPUBSURWAT,2035,1,RE1,S12,RE1,0.2176
RE1,ELC002,DEMPWRSURWAT,2020,1,RE1,S12,RE1,0.0143
RE1,ELC002,DEMPWRSURWAT,2021,1,RE1,S12,RE1,0.0158
RE1,ELC002,DEMPWRSURWAT,2022,1,RE1,S12,RE1,0.0177
RE1,ELC002,DEMPWRSURWAT,2023,1,RE1,S12,RE1,0.0246
RE1,ELC002,DEMPWRSURWAT,2024,1,RE1,S12,RE1,0.0179
RE1,ELC002,DEMPWRSURWAT,2025,1,RE1,S12,RE1,0.0246
RE1,ELC002,DEMPWRSURWAT,2026,1,RE1,S12,RE1,0.0206
RE1,ELC002,DEMPWRSURWAT,2027,1,RE1,S12,RE1,0.0206
RE1,ELC002,DEMPWRSURWAT,2028,1,RE1,S12,RE1,0.0206
RE1,ELC002,DEMPWRSURWAT,2029,1,RE1,S12,RE1,0.0206
RE1,ELC002,DEMPWRSURWAT,2030,1,RE1,S12,RE1,0.0206
RE1,ELC002,DEMPWRSURWAT,2031,1,RE1,S12,RE1,0.014
RE1,ELC002,DEMPWRSURWAT,2032,1,RE1,S12,RE1,0.0101
RE1,WTRSUR,DEMPWRSURWAT,2020,1,RE1,S12,RE1,0.0051
RE1,WTRSUR,DEMPWRSURWAT,2021,1,RE1,S12,RE1,0.0056
RE1,WTRSUR,DEMPWRSURWAT,2022,1,RE1,S12,RE1,0.0063
RE1,WTRSUR,DEMPWRSURWAT,2023,1,RE1,S12,RE1,0.0087
RE1,WTRSUR,DEMPWRSURWAT,2024,1,RE1,S12,RE1,0.0063
RE1,WTRSUR,DEMPWRSURWAT,2025,1,RE1,S12,RE1,0.0087
RE1,WTRSUR,DEMPWRSURWAT,2026,1,RE1,S12,RE1,0.0073
RE1,WTRSUR,DEMPWRSURWAT,2027,1,RE1,S12,RE1,0.0073
RE1,WTRSUR,DEMPWRSURWAT,2028,1,RE1,S12,RE1,0.0073
RE1,WTRSUR,DEMPWRSURWAT,2029,1,RE1,S12,RE1,0.0073
RE1,WTRSUR,DEMPWRSURWAT,2030,1,RE1,S12,RE1,0.0073
RE1,WTRSUR,DEMPWRSURWAT,2031,1,RE1,S12,RE1,0.005
RE1,WTRSUR,DEMPWRSURWAT,2032,1,RE1,S12,RE1,0.0036
RE1,CRPMAI,DEMTRABIO,2020,1,RE1,S12,RE1,0.199
RE1,CRPMAI,DEMTRABIO,2021,1,RE1,S12,RE1,0.205
RE1,CRPMAI,DEMTRABIO,2022,1,RE1,S12,RE1,0.211
RE1,CRPMAI,DEMTRABIO,2023,1,RE1,S12,RE1,0.217
RE1,CRPMAI,DEMTRABIO,2024,1,RE1,S12,RE1,0.2229
RE1,CRPMAI,DEMTRABIO,2025,1,RE1,S12,RE1,0.2309
RE1,CRPMAI,DEMTRABIO,2026,1,RE1,S12,RE1,0.2369
RE1,CRPMAI,DEMTRABIO,2027,1,RE1,S12,RE1,0.2428
RE1,CRPMAI,DEMTRABIO,2028,1,RE1,S12,RE1,0.2508
RE1,CRPMAI,DEMTRABIO,2029,1,RE1,S12,RE1,0.2588
RE1,CRPMAI,DEMTRABIO,2030,1,RE1,S12,RE1,0.2667
RE1,CRPMAI,DEMTRABIO,2031,1,RE1,S12,RE1,0.2747
RE1,CRPMAI,DEMTRABIO,2032,1,RE1,S12,RE1,0.2827
RE1,CRPMAI,DEMTRABIO,2033,1,RE1,S12,RE1,0.2906
RE1,CRPMAI,DEMTRABIO,2034,1,RE1,S12,RE1,0.2986
RE1,CRPMAI,DEMTRABIO,2035,1,RE1,S12,RE1,0.3065
RE1,LND,LNDBLT,2020,1,RE1,S12,RE1,2.52
RE1,LND,LNDBLT,2021,1,RE1,S12,RE1,2.5536
RE1,LND,LNDBLT,2022,1,RE1,S12,RE1,2.5704
RE1,LND,LNDBLT,2023,1,RE1,S12,RE1,2.604
RE1,LND,LNDBLT,2024,1,RE1,S12,RE1,2.6208
RE1,LND,LNDBLT,2025,1,RE1,S12,RE1,2.6544
RE1,LND,LNDBLT,2026,1,RE1,S12,RE1,2.6712
RE1,LND,LNDBLT,2027,1,RE1,S12,RE1,2.7048
RE1,LND,LNDBLT,2028,1,RE1,S12,RE1,2.7216
RE1,LND,LNDBLT,2029,1,RE1,S12,RE1,2.7552
RE1,LND,LNDBLT,2030,1,RE1,S12,RE1,2.7888
RE1,LND,LNDBLT,2031,1,RE1,S12,RE1,2.8056
RE1,LND,LNDBLT,2032,1,RE1,S12,RE1,2.8392
RE1,LND,LNDBLT,2033,1,RE1,S12,RE1,2.8728
RE1,LND,LNDBLT,2034,1,RE1,S12,RE1,2.8896
RE1,LND,LNDBLT,2035,1,RE1,S12,RE1,2.9232
RE1,WTRPRC,LNDBLT,2020,1,RE1,S12,RE1,3.024
RE1,WTRPRC,LNDBLT,2021,1,RE1,S12,RE1,3.0643
RE1,WTRPRC,LNDBLT,2022,1,RE1,S12,RE1,3.0845
RE1,WTRPRC,LNDBLT,2023,1,RE1,S12,RE1,3.1248
RE1,WTRPRC,LNDBLT,2024,1,RE1,S12,RE1,3.145
RE1,WTRPRC,LNDBLT,2025,1,RE1,S12,RE1,3.1853
RE1,WTRPRC,LNDBLT,2026,1,RE1,S12,RE1,3.2054
RE1,WTRPRC,LNDBLT,2027,1,RE1,S12,RE1,3.2458
RE1,WTRPRC,LNDBLT,2028,1,RE1,S12,RE1,3.2659
RE1,WTRPRC,LNDBLT,2029,1,RE1,S12,RE1,3.3062
RE1,WTRPRC,LNDBLT,2030,1,RE1,S12,RE1,3.3466
RE1,WTRPRC,LNDBLT,2031,1,RE1,S12,RE1,3.3667
RE1,WTRPRC,LNDBLT,2032,1,RE1,S12,RE1,3.407
RE1,WTRPRC,LNDBLT,2033,1,RE1,S12,RE1,3.4474
RE1,WTRPRC,LNDBLT,2034,1,RE1,S12,RE1,3.4675
RE1,WTRPRC,LNDBLT,2035,1,RE1,S12,RE1,3.5078
RE1,LND,LNDFOR,2020,1,RE1,S12,RE1,42.6048
RE1,LND,LNDFOR,2021,1,RE1,S12,RE1,40.9248
RE1,LND,LNDFOR,2022,1,RE1,S12,RE1,39.5178
RE1,LND,LNDFOR,2023,1,RE1,S12,RE1,37.5648
RE1,LND,LNDFOR,2024,1,RE1,S12,RE1,42.5324
RE1,LND,LNDFOR,2025,1,RE1,S12,RE1,42.5023
RE1,LND,LNDFOR,2026,1,RE1,S12,RE1,42.4926
RE1,LND,LNDFOR,2027,1,RE1,S12,RE1,42.4659
RE1,LND,LNDFOR,2028,1,RE1,S12,RE1,42.4517
RE1,LND,LNDFOR,2029,1,RE1,S12,RE1,42.4207
RE1,LND,LNDFOR,2030,1,RE1,S12,RE1,42.3893
RE1,LND,LNDFOR,2031,1,RE1,S12,RE1,42.3893
RE1,LND,LNDFOR,2032,1,RE1,S12,RE1,42.3893
RE1,LND,LNDFOR,2033,1,RE1,S12,RE1,42.3893
RE1,LND,LNDFOR,2034,1,RE1,S12,RE1,42.3893
RE1,LND,LNDFOR,2035,1,RE1,S12,RE1,42.3893
RE1,WTRPRC,LNDFOR,2020,1,RE1,S12,RE1,51.1258
RE1,WTRPRC,LNDFOR,2021,1,RE1,S12,RE1,49.1098
RE1,WTRPRC,LNDFOR,2022,1,RE1,S12,RE1,47.4213
RE1,WTRPRC,LNDFOR,2023,1,RE1,S12,RE1,45.0778
RE1,WTRPRC,LNDFOR,2024,1,RE1,S12,RE1,51.0389
RE1,WTRPRC,LNDFOR,2025,1,RE1,S12,RE1,51.0027
RE1,WTRPRC,LNDFOR,2026,1,RE1,S12,RE1,50.9912
RE1,WTRPRC,LNDFOR,2027,1,RE1,S12,RE1,50.959
RE1,WTRPRC,LNDFOR,2028,1,RE1,S12,RE1,50.9421
RE1,WTRPRC,LNDFOR,2029,1,RE1,S12,RE1,50.9049
RE1,WTRPRC,LNDFOR,2030,1,RE1,S12,RE1,50.8671
RE1,WTRPRC,LNDFOR,2031,1,RE1,S12,RE1,50.8671
RE1,WTRPRC,LNDFOR,2032,1,RE1,S12,RE1,50.8671
RE1,WTRPRC,LNDFOR,2033,1,RE1,S12,RE1,50.8671
RE1,WTRPRC,LNDFOR,2034,1,RE1,S12,RE1,50.8671
RE1,WTRPRC,LNDFOR,2035,1,RE1,S12,RE1,50.8671
RE1,AGRDSL,LNDMAIIRR,2020,1,RE1,S12,RE1,0.028
RE1,AGRDSL,LNDMAIIRR,2021,1,RE1,S12,RE1,0.0607
RE1,AGRDSL,LNDMAIIRR,2022,1,RE1,S12,RE1,0.0937
RE1,AGRDSL,LNDMAIIRR,2023,1,RE1,S12,RE1,0.1265
RE1,AGRDSL,LNDMAIIRR,2024,1,RE1,S12,RE1,0.1594
RE1,AGRDSL,LNDMAIIRR,2025,1,RE1,S12,RE1,0.1943
RE1,AGRDSL,LNDMAIIRR,2026,1,RE1,S12,RE1,0.2273
RE1,AGRDSL,LNDMAIIRR,2027,1,RE1,S12,RE1,0.2604
RE1,AGRDSL,LNDMAIIRR,2028,1,RE1,S12,RE1,0.2955
RE1,AGRDSL,LNDMAIIRR,2029,1,RE1,S12,RE1,0.3306
RE1,AGRDSL,LNDMAIIRR,2030,1,RE1,S12,RE1,0.3659
RE1,AGRDSL,LNDMAIIRR,2031,1,RE1,S12,RE1,0.376
RE1,AGRDSL,LNDMAIIRR,2032,1,RE1,S12,RE1,0.3862
RE1,AGRDSL,LNDMAIIRR,2033,1,RE1,S12,RE1,0.3964
RE1,AGRDSL,LNDMAIIRR,2034,1,RE1,S12,RE1,0.4066
RE1,AGRDSL,LNDMAIIRR,2035,1,RE1,S12,RE1,0.417
RE1,AGRWAT,LNDMAIIRR,2020,1,RE1,S12,RE1,0.0171
RE1,AGRWAT,LNDMAIIRR,2021,1,RE1,S12,RE1,0.0372
RE1,AGRWAT,LNDMAIIRR,2022,1,RE1,S12,RE1,0.0574
RE1,AGRWAT,LNDMAIIRR,2023,1,RE1,S12,RE1,0.0774
RE1,AGRWAT,LNDMAIIRR,2024,1,RE1,S12,RE1,0.0976
RE1,AGRWAT,LNDMAIIRR,2025,1,RE1,S12,RE1,0.119
RE1,AGRWAT,LNDMAIIRR,2026,1,RE1,S12,RE1,0.1391
RE1,AGRWAT,LNDMAIIRR,2027,1,RE1,S12,RE1,0.1594
RE1,AGRWAT,LNDMAIIRR,2028,1,RE1,S12,RE1,0.1809
RE1,AGRWAT,LNDMAIIRR,2029,1,RE1,S12,RE1,0.2024
RE1,AGRWAT,LNDMAIIRR,2030,1,RE1,S12,RE1,0.224
RE1,AGRWAT,LNDMAIIRR,2031,1,RE1,S12,RE1,0.2302
RE1,AGRWAT,LNDMAIIRR,2032,1,RE1,S12,RE1,0.2365
RE1,AGRWAT,LNDMAIIRR,2033,1,RE1,S12,RE1,0.2427
RE1,AGRWAT,LNDMAIIRR,2034,1,RE1,S12,RE1,0.2489
RE1,AGRWAT,LNDMAIIRR,2035,1,RE1,S12,RE1,0.2553
RE1,LND,LNDMAIIRR,2020,1,RE1,S12,RE1,0.0571
RE1,LND,LNDMAIIRR,2021,1,RE1,S12,RE1,0.124
RE1,LND,LNDMAIIRR,2022,1,RE1,S12,RE1,0.1912
RE1,LND,LNDMAIIRR,2023,1,RE1,S12,RE1,0.2581
RE1,LND,LNDMAIIRR,2024,1,RE1,S12,RE1,0.3253
RE1,LND,LNDMAIIRR,2025,1,RE1,S12,RE1,0.3966
RE1,LND,LNDMAIIRR,2026,1,RE1,S12,RE1,0.4638
RE1,LND,LNDMAIIRR,2027,1,RE1,S12,RE1,0.5315
RE1,LND,LNDMAIIRR,2028,1,RE1,S12,RE1,0.6031
RE1,LND,LNDMAIIRR,2029,1,RE1,S12,RE1,0.6747
RE1,LND,LNDMAIIRR,2030,1,RE1,S12,RE1,0.7467
RE1,LND,LNDMAIIRR,2031,1,RE1,S12,RE1,0.7674
RE1,LND,LNDMAIIRR,2032,1,RE1,S12,RE1,0.7882
RE1,LND,LNDMAIIRR,2033,1,RE1,S12,RE1,0.809
RE1,LND,LNDMAIIRR,2034,1,RE1,S12,RE1,0.8298
RE1,LND,LNDMAIIRR,2035,1,RE1,S12,RE1,0.8509
RE1,WTRPRC,LNDMAIIRR,2020,1,RE1,S12,RE1,0.0685
RE1,WTRPRC,LNDMAIIRR,2021,1,RE1,S12,RE1,0.1488
RE1,WTRPRC,LNDMAIIRR,2022,1,RE1,S12,RE1,0.2295
RE1,WTRPRC,LNDMAIIRR,2023,1,RE1,S12,RE1,0.3097
RE1,WTRPRC,LNDMAIIRR,2024,1,RE1,S12,RE1,0.3904
RE1,WTRPRC,LNDMAIIRR,2025,1,RE1,S12,RE1,0.4759
RE1,WTRPRC,LNDMAIIRR,2026,1,RE1,S12,RE1,0.5566
RE1,WTRPRC,LNDMAIIRR,2027,1,RE1,S12,RE1,0.6377
RE1,WTRPRC,LNDMAIIRR,2028,1,RE1,S12,RE1,0.7237
RE1,WTRPRC,LNDMAIIRR,2029,1,RE1,S12,RE1,0.8096
RE1,WTRPRC,LNDMAIIRR,2030,1,RE1,S12,RE1,0.896
RE1,WTRPRC,LNDMAIIRR,2031,1,RE1,S12,RE1,0.9209
RE1,WTRPRC,LNDMAIIRR,2032,1,RE1,S12,RE1,0.9459
RE1,WTRPRC,LNDMAIIRR,2033,1,RE1,S12,RE1,0.9708
RE1,WTRPRC,LNDMAIIRR,2034,1,RE1,S12,RE1,0.9957
RE1,WTRPRC,LNDMAIIRR,2035,1,RE1,S12,RE1,1.0211
RE1,AGRDSL,LNDMAIRNF,2020,1,RE1,S12,RE1,0.2025
RE1,AGRDSL,LNDMAIRNF,2021,1,RE1,S12,RE1,0.1823
RE1,AGRDSL,LNDMAIRNF,2022,1,RE1,S12,RE1,0.162
RE1,AGRDSL,LNDMAIRNF,2023,1,RE1,S12,RE1,0.1418
RE1,AGRDSL,LNDMAIRNF,2024,1,RE1,S12,RE1,0.1215
RE1,AGRDSL,LNDMAIRNF,2025,1,RE1,S12,RE1,0.1013
RE1,AGRDSL,LNDMAIRNF,2026,1,RE1,S12,RE1,0.081
RE1,AGRDSL,LNDMAIRNF,2027,1,RE1,S12,RE1,0.0608
RE1,AGRDSL,LNDMAIRNF,2028,1,RE1,S12,RE1,0.0405
RE1,AGRDSL,LNDMAIRNF,2029,1,RE1,S12,RE1,0.0203
RE1,LND,LNDMAIRNF,2020,1,RE1,S12,RE1,0.6888
RE1,LND,LNDMAIRNF,2021,1,RE1,S12,RE1,0.6199
RE1,LND,LNDMAIRNF,2022,1,RE1,S12,RE1,0.551
RE1,LND,LNDMAIRNF,2023,1,RE1,S12,RE1,0.4822
RE1,LND,LNDMAIRNF,2024,1,RE1,S12,RE1,0.4133
RE1,LND,LNDMAIRNF,2025,1,RE1,S12,RE1,0.3444
RE1,LND,LNDMAIRNF,2026,1,RE1,S12,RE1,0.2755
RE1,LND,LNDMAIRNF,2027,1,RE1,S12,RE1,0.2066
RE1,LND,LNDMAIRNF,2028,1,RE1,S12,RE1,0.1378
RE1,LND,LNDMAIRNF,2029,1,RE1,S12,RE1,0.0689
RE1,WTRPRC,LNDMAIRNF,2020,1,RE1,S12,RE1,0.8266
RE1,WTRPRC,LNDMAIRNF,2021,1,RE1,S12,RE1,0.7439
RE1,WTRPRC,LNDMAIRNF,2022,1,RE1,S12,RE1,0.6612
RE1,WTRPRC,LNDMAIRNF,2023,1,RE1,S12,RE1,0.5786
RE1,WTRPRC,LNDMAIRNF,2024,1,RE1,S12,RE1,0.4959
RE1,WTRPRC,LNDMAIRNF,2025,1,RE1,S12,RE1,0.4133
RE1,WTRPRC,LNDMAIRNF,2026,1,RE1,S12,RE1,0.3306
RE1,WTRPRC,LNDMAIRNF,2027,1,RE1,S12,RE1,0.248
RE1,WTRPRC,LNDMAIRNF,2028,1,RE1,S12,RE1,0.1653
RE1,WTRPRC,LNDMAIRNF,2029,1,RE1,S12,RE1,0.0827
RE1,AGRDSL,LNDRICIRR,2020,1,RE1,S12,RE1,0.0453
RE1,AGRDSL,LNDRICIRR,2021,1,RE1,S12,RE1,0.0525
RE1,AGRDSL,LNDRICIRR,2022,1,RE1,S12,RE1,0.0612
RE1,AGRDSL,LNDRICIRR,2023,1,RE1,S12,RE1,0.0701
RE1,AGRDSL,LNDRICIRR,2024,1,RE1,S12,RE1,0.079
RE1,AGRDSL,LNDRICIRR,2025,1,RE1,S12,RE1,0.0879
RE1,AGRDSL,LNDRICIRR,2026,1,RE1,S12,RE1,0.0969
RE1,AGRDSL,LNDRICIRR,2027,1,RE1,S12,RE1,0.1058
RE1,AGRDSL,LNDRICIRR,2028,1,RE1,S12,RE1,0.1149
RE1,AGRDSL,LNDRICIRR,2029,1,RE1,S12,RE1,0.124
RE1,AGRDSL,LNDRICIRR,2030,1,RE1,S12,RE1,0.1332
RE1,AGRDSL,LNDRICIRR,2031,1,RE1,S12,RE1,0.1358
RE1,AGRDSL,LNDRICIRR,2032,1,RE1,S12,RE1,0.1385
RE1,AGRDSL,LNDRICIRR,2033,1,RE1,S12,RE1,0.1414
RE1,AGRDSL,LNDRICIRR,2034,1,RE1,S12,RE1,0.1442
RE1,AGRDSL,LNDRICIRR,2035,1,RE1,S12,RE1,0.147
RE1,AGRWAT,LNDRICIRR,2020,1,RE1,S12,RE1,0.0416
RE1,AGRWAT,LNDRICIRR,2021,1,RE1,S12,RE1,0.0482
RE1,AGRWAT,LNDRICIRR,2022,1,RE1,S12,RE1,0.0562
RE1,AGRWAT,LNDRICIRR,2023,1,RE1,S12,RE1,0.0643
RE1,AGRWAT,LNDRICIRR,2024,1,RE1,S12,RE1,0.0725
RE1,AGRWAT,LNDRICIRR,2025,1,RE1,S12,RE1,0.0807
RE1,AGRWAT,LNDRICIRR,2026,1,RE1,S12,RE1,0.089
RE1,AGRWAT,LNDRICIRR,2027,1,RE1,S12,RE1,0.0972
RE1,AGRWAT,LNDRICIRR,2028,1,RE1,S12,RE1,0.1055
RE1,AGRWAT,LNDRICIRR,2029,1,RE1,S12,RE1,0.1139
RE1,AGRWAT,LNDRICIRR,2030,1,RE1,S12,RE1,0.1223
RE1,AGRWAT,LNDRICIRR,2031,1,RE1,S12,RE1,0.1247
RE1,AGRWAT,LNDRICIRR,2032,1,RE1,S12,RE1,0.1272
RE1,AGRWAT,LNDRICIRR,2033,1,RE1,S12,RE1,0.1298
RE1,AGRWAT,LNDRICIRR,2034,1,RE1,S12,RE1,0.1324
RE1,AGRWAT,LNDRICIRR,2035,1,RE1,S12,RE1,0.135
RE1,LND,LNDRICIRR,2020,1,RE1,S12,RE1,0.0924
RE1,LND,LNDRICIRR,2021,1,RE1,S12,RE1,0.1071
RE1,LND,LNDRICIRR,2022,1,RE1,S12,RE1,0.125
RE1,LND,LNDRICIRR,2023,1,RE1,S12,RE1,0.143
RE1,LND,LNDRICIRR,2024,1,RE1,S12,RE1,0.1611
RE1,LND,LNDRICIRR,2025,1,RE1,S12,RE1,0.1794
RE1,LND,LNDRICIRR,2026,1,RE1,S12,RE1,0.1977
RE1,LND,LNDRICIRR,2027,1,RE1,S12,RE1,0.216
RE1,LND,LNDRICIRR,2028,1,RE1,S12,RE1,0.2344
RE1,LND,LNDRICIRR,2029,1,RE1,S12,RE1,0.2531
RE1,LND,LNDRICIRR,2030,1,RE1,S12,RE1,0.2717
RE1,LND,LNDRICIRR,2031,1,RE1,S12,RE1,0.2772
RE1,LND,LNDRICIRR,2032,1,RE1,S12,RE1,0.2827
RE1,LND,LNDRICIRR,2033,1,RE1,S12,RE1,0.2885
RE1,LND,LNDRICIRR,2034,1,RE1,S12,RE1,0.2942
RE1,LND,LNDRICIRR,2035,1,RE1,S12,RE1,0.3001
RE1,WTRPRC,LNDRICIRR,2020,1,RE1,S12,RE1,0.1109
RE1,WTRPRC,LNDRICIRR,2021,1,RE1,S12,RE1,0.1285
RE1,WTRPRC,LNDRICIRR,2022,1,RE1,S12,RE1,0.15
RE1,WTRPRC,LNDRICIRR,2023,1,RE1,S12,RE1,0.1716
RE1,WTRPRC,LNDRICIRR,2024,1,RE1,S12,RE1,0.1934
RE1,WTRPRC,LNDRICIRR,2025,1,RE1,S12,RE1,0.2152
RE1,WTRPRC,LNDRICIRR,2026,1,RE1,S12,RE1,0.2372
RE1,WTRPRC,LNDRICIRR,2027,1,RE1,S12,RE1,0.2592
RE1,WTRPRC,LNDRICIRR,2028,1,RE1,S12,RE1,0.2813
RE1,WTRPRC,LNDRICIRR,2029,1,RE1,S12,RE1,0.3038
RE1,WTRPRC,LNDRICIRR,2030,1,RE1,S12,RE1,0.3261
RE1,WTRPRC,LNDRICIRR,2031,1,RE1,S12,RE1,0.3326
RE1,WTRPRC,LNDRICIRR,2032,1,RE1,S12,RE1,0.3393
RE1,WTRPRC,LNDRICIRR,2033,1,RE1,S12,RE1,0.3462
RE1,WTRPRC,LNDRICIRR,2034,1,RE1,S12,RE1,0.353
RE1,WTRPRC,LNDRICIRR,2035,1,RE1,S12,RE1,0.3601
RE1,AGRDSL,LNDRICRNF,2020,1,RE1,S12,RE1,0.0703
RE1,AGRDSL,LNDRICRNF,2021,1,RE1,S12,RE1,0.0633
RE1,AGRDSL,LNDRICRNF,2022,1,RE1,S12,RE1,0.0562
RE1,AGRDSL,LNDRICRNF,2023,1,RE1,S12,RE1,0.0492
RE1,AGRDSL,LNDRICRNF,2024,1,RE1,S12,RE1,0.0422
RE1,AGRDSL,LNDRICRNF,2025,1,RE1,S12,RE1,0.0351
RE1,AGRDSL,LNDRICRNF,2026,1,RE1,S12,RE1,0.0281
RE1,AGRDSL,LNDRICRNF,2027,1,RE1,S12,RE1,0.0211
RE1,AGRDSL,LNDRICRNF,2028,1,RE1,S12,RE1,0.0141
RE1,AGRDSL,LNDRICRNF,2029,1,RE1,S12,RE1,0.007
RE1,LND,LNDRICRNF,2020,1,RE1,S12,RE1,0.2391
RE1,LND,LNDRICRNF,2021,1,RE1,S12,RE1,0.2152
RE1,LND,LNDRICRNF,2022,1,RE1,S12,RE1,0.1912
RE1,LND,LNDRICRNF,2023,1,RE1,S12,RE1,0.1673
RE1,LND,LNDRICRNF,2024,1,RE1,S12,RE1,0.1435
RE1,LND,LNDRICRNF,2025,1,RE1,S12,RE1,0.1194
RE1,LND,LNDRICRNF,2026,1,RE1,S12,RE1,0.0956
RE1,LND,LNDRICRNF,2027,1,RE1,S12,RE1,0.0717
RE1,LND,LNDRICRNF,2028,1,RE1,S12,RE1,0.0479
RE1,LND,LNDRICRNF,2029,1,RE1,S12,RE1,0.0239
RE1,WTRPRC,LNDRICRNF,2020,1,RE1,S12,RE1,0.2869
RE1,WTRPRC,LNDRICRNF,2021,1,RE1,S12,RE1,0.2582
RE1,WTRPRC,LNDRICRNF,2022,1,RE1,S12,RE1,0.2294
RE1,WTRPRC,LNDRICRNF,2023,1,RE1,S12,RE1,0.2008
RE1,WTRPRC,LNDRICRNF,2024,1,RE1,S12,RE1,0.1722
RE1,WTRPRC,LNDRICRNF,2025,1,RE1,S12,RE1,0.1433
RE1,WTRPRC,LNDRICRNF,2026,1,RE1,S12,RE1,0.1147
RE1,WTRPRC,LNDRICRNF,2027,1,RE1,S12,RE1,0.0861
RE1,WTRPRC,LNDRICRNF,2028,1,RE1,S12,RE1,0.0575
RE1,WTRPRC,LNDRICRNF,2029,1,RE1,S12,RE1,0.0286
RE1,LND,LNDWAT,2020,1,RE1,S12,RE1,4.1979
RE1,LND,LNDWAT,2024,1,RE1,S12,RE1,4.2035
RE1,LND,LNDWAT,2025,1,RE1,S12,RE1,4.2035
RE1,LND,LNDWAT,2026,1,RE1,S12,RE1,4.2035
RE1,LND,LNDWAT,2027,1,RE1,S12,RE1,4.2035
RE1,LND,LNDWAT,2028,1,RE1,S12,RE1,4.2035
RE1,LND,LNDWAT,2029,1,RE1,S12,RE1,4.2035
RE1,LND,LNDWAT,2030,1,RE1,S12,RE1,4.2035
RE1,LND,LNDWAT,2031,1,RE1,S12,RE1,4.1605
RE1,LND,LNDWAT,2032,1,RE1,S12,RE1,4.1006
RE1,LND,LNDWAT,2033,1,RE1,S12,RE1,4.0405
RE1,LND,LNDWAT,2034,1,RE1,S12,RE1,3.9972
RE1,LND,LNDWAT,2035,1,RE1,S12,RE1,3.9365
RE1,WTRPRC,LNDWAT,2020,1,RE1,S12,RE1,5.0374
RE1,WTRPRC,LNDWAT,2024,1,RE1,S12,RE1,5.0442
RE1,WTRPRC,LNDWAT,2025,1,RE1,S12,RE1,5.0442
RE1,WTRPRC,LNDWAT,2026,1,RE1,S12,RE1,5.0442
RE1,WTRPRC,LNDWAT,2027,1,RE1,S12,RE1,5.0442
RE1,WTRPRC,LNDWAT,2028,1,RE1,S12,RE1,5.0442
RE1,WTRPRC,LNDWAT,2029,1,RE1,S12,RE1,5.0442
RE1,WTRPRC,LNDWAT,2030,1,RE1,S12,RE1,5.0442
RE1,WTRPRC,LNDWAT,2031,1,RE1,S12,RE1,4.9926
RE1,WTRPRC,LNDWAT,2032,1,RE1,S12,RE1,4.9207
RE1,WTRPRC,LNDWAT,2033,1,RE1,S12,RE1,4.8486
RE1,WTRPRC,LNDWAT,2034,1,RE1,S12,RE1,4.7966
RE1,WTRPRC,LNDWAT,2035,1,RE1,S12,RE1,4.7239
RE1,ELC001,PWRBATIN,2023,2,RE1,S12,RE1,8.3898
RE1,ELC001,PWRBATIN,2025,2,RE1,S12,RE1,8.849
RE1,ELC001,PWRBATIN,2026,2,RE1,S12,RE1,7.5247
RE1,ELC001,PWRBATIN,2027,2,RE1,S12,RE1,7.6177
RE1,ELC001,PWRBATIN,2028,2,RE1,S12,RE1,7.7158
RE1,ELC001,PWRBATIN,2029,2,RE1,S12,RE1,7.8225
RE1,ELC001,PWRBATIN,2030,2,RE1,S12,RE1,7.9345
RE1,ELC001,PWRBATIN,2031,2,RE1,S12,RE1,4.6904
RE1,ELC001,PWRBATIN,2032,2,RE1,S12,RE1,1.2242
RE1,GAS,PWRGAS,2020,1,RE1,S12,RE1,36.8118
RE1,GAS,PWRGAS,2021,1,RE1,S12,RE1,40.6874
RE1,GAS,PWRGAS,2022,1,RE1,S12,RE1,45.524
RE1,GAS,PWRGAS,2023,1,RE1,S12,RE1,63.5766
RE1,GAS,PWRGAS,2024,1,RE1,S12,RE1,46.0292
RE1,GAS,PWRGAS,2025,1,RE1,S12,RE1,63.5766
RE1,GAS,PWRGAS,2026,1,RE1,S12,RE1,52.9805
RE1,GAS,PWRGAS,2027,1,RE1,S12,RE1,52.9805
RE1,GAS,PWRGAS,2028,1,RE1,S12,RE1,52.9805
RE1,GAS,PWRGAS,2029,1,RE1,S12,RE1,52.9805
RE1,GAS,PWRGAS,2030,1,RE1,S12,RE1,52.9805
RE1,GAS,PWRGAS,2031,1,RE1,S12,RE1,36.0075
RE1,GAS,PWRGAS,2032,1,RE1,S12,RE1,26.1073
RE1,PWRWAT,PWRGAS,2020,1,RE1,S12,RE1,0.004
RE1,PWRWAT,PWRGAS,2021,1,RE1,S12,RE1,0.0045
RE1,PWRWAT,PWRGAS,2022,1,RE1,S12,RE1,0.005
RE1,PWRWAT,PWRGAS,2023,1,RE1,S12,RE1,0.007
RE1,PWRWAT,PWRGAS,2024,1,RE1,S12,RE1,0.0051
RE1,PWRWAT,PWRGAS,2025,1,RE1,S12,RE1,0.007
RE1,PWRWAT,PWRGAS,2026,1,RE1,S12,RE1,0.0058
RE1,PWRWAT,PWRGAS,2027,1,RE1,S12,RE1,0.0058
RE1,PWRWAT,PWRGAS,2028,1,RE1,S12,RE1,0.0058
RE1,PWRWAT,PWRGAS,2029,1,RE1,S12,RE1,0.0058
RE1,PWRWAT,PWRGAS,2030,1,RE1,S12,RE1,0.0058
RE1,PWRWAT,PWRGAS,2031,1,RE1,S12,RE1,0.004
RE1,PWRWAT,PWRGAS,2032,1,RE1,S12,RE1,0.0029
RE1,HYD,PWRHYD,2020,1,RE1,S12,RE1,4.7682
RE1,HYD,PWRHYD,2021,1,RE1,S12,RE1,4.7682
RE1,HYD,PWRHYD,2022,1,RE1,S12,RE1,4.7682
RE1,HYD,PWRHYD,2023,1,RE1,S12,RE1,4.7682
RE1,HYD,PWRHYD,2024,1,RE1,S12,RE1,4.7682
RE1,HYD,PWRHYD,2025,1,RE1,S12,RE1,4.7682
RE1,HYD,PWRHYD,2026,1,RE1,S12,RE1,4.7682
RE1,HYD,PWRHYD,2027,1,RE1,S12,RE1,4.7682
RE1,HYD,PWRHYD,2028,1,RE1,S12,RE1,4.7682
RE1,HYD,PWRHYD,2029,1,RE1,S12,RE1,4.7682
RE1,HYD,PWRHYD,2030,1,RE1,S12,RE1,4.7682
RE1,HYD,PWRHYD,2031,1,RE1,S12,RE1,4.7682
RE1,HYD,PWRHYD,2032,1,RE1,S12,RE1,4.7682
RE1,HYD,PWRHYD,2033,1,RE1,S12,RE1,4.7682
RE1,HYD,PWRHYD,2034,1,RE1,S12,RE1,4.7682
RE1,HYD,PWRHYD,2035,1,RE1,S12,RE1,4.7682
RE1,SOL,PWRSOL,2020,1,RE1,S12,RE1,0.106
RE1,SOL,PWRSOL,2021,1,RE1,S12,RE1,0.106
RE1,SOL,PWRSOL,2022,1,RE1,S12,RE1,0.106
RE1,SOL,PWRSOL,2023,1,RE1,S12,RE1,0.106
RE1,SOL,PWRSOL,2024,1,RE1,S12,RE1,0.106
RE1,SOL,PWRSOL,2025,1,RE1,S12,RE1,0.106
RE1,SOL,PWRSOL,2026,1,RE1,S12,RE1,0.106
RE1,SOL,PWRSOL,2027,1,RE1,S12,RE1,0.106
RE1,SOL,PWRSOL,2028,1,RE1,S12,RE1,0.106
RE1,SOL,PWRSOL,2029,1,RE1,S12,RE1,0.106
RE1,SOL,PWRSOL,2030,1,RE1,S12,RE1,0.106
RE1,SOL,PWRSOL,2031,1,RE1,S12,RE1,0.106
RE1,SOL,PWRSOL,2032,1,RE1,S12,RE1,0.106
RE1,SOL,PWRSOL,2033,1,RE1,S12,RE1,0.106
RE1,SOL,PWRSOL,2034,1,RE1,S12,RE1,0.106
RE1,SOL,PWRSOL,2035,1,RE1,S12,RE1,0.106
RE1,ELC001,PWRTRN,2020,1,RE1,S12,RE1,25.6377
RE1,ELC001,PWRTRN,2021,1,RE1,S12,RE1,27.5755
RE1,ELC001,PWRTRN,2022,1,RE1,S12,RE1,29.9938
RE1,ELC001,PWRTRN,2023,1,RE1,S12,RE1,32.5757
RE1,ELC001,PWRTRN,2024,1,RE1,S12,RE1,35.1337
RE1,ELC001,PWRTRN,2025,1,RE1,S12,RE1,37.8664
RE1,ELC001,PWRTRN,2026,1,RE1,S12,RE1,40.8994
RE1,ELC001,PWRTRN,2027,1,RE1,S12,RE1,43.9381
RE1,ELC001,PWRTRN,2028,1,RE1,S12,RE1,47.1365
RE1,ELC001,PWRTRN,2029,1,RE1,S12,RE1,50.6493
RE1,ELC001,PWRTRN,2030,1,RE1,S12,RE1,54.3203
RE1,ELC001,PWRTRN,2031,1,RE1,S12,RE1,58.1147
RE1,ELC001,PWRTRN,2032,1,RE1,S12,RE1,62.2267
RE1,ELC001,PWRTRN,2033,1,RE1,S12,RE1,66.4899
RE1,ELC001,PWRTRN,2034,1,RE1,S12,RE1,71.0791
RE1,ELC001,PWRTRN,2035,1,RE1,S12,RE1,75.827
RE1,WND,PWRWND,2020,1,RE1,S12,RE1,2.4636
RE1,WND,PWRWND,2021,1,RE1,S12,RE1,2.4636
RE1,WND,PWRWND,2022,1,RE1,S12,RE1,2.4636
RE1,WND,PWRWND,2023,1,RE1,S12,RE1,4.409
RE1,WND,PWRWND,2024,1,RE1,S12,RE1,7.3509
RE1,WND,PWRWND,2025,1,RE1,S12,RE1,10.1588
RE1,WND,PWRWND,2026,1,RE1,S12,RE1,17.1656
RE1,WND,PWRWND,2027,1,RE1,S12,RE1,20.2973
RE1,WND,PWRWND,2028,1,RE1,S12,RE1,23.5939
RE1,WND,PWRWND,2029,1,RE1,S12,RE1,27.2133
RE1,WND,PWRWND,2030,1,RE1,S12,RE1,30.9963
RE1,WND,PWRWND,2031,1,RE1,S12,RE1,40.0331
RE1,WND,PWRWND,2032,1,RE1,S12,RE1,45.629
RE1,WND,PWRWND,2033,1,RE1,S12,RE1,58.3989
RE1,WND,PWRWND,2034,1,RE1,S12,RE1,62.3522
RE1,WND,PWRWND,2035,1,RE1,S12,RE1,66.5388
RE1,WTRRUN,RSCHYD,2020,1,RE1,S12,RE1,13.6236
RE1,WTRRUN,RSCHYD,2021,1,RE1,S12,RE1,13.6236
RE1,WTRRUN,RSCHYD,2022,1,RE1,S12,RE1,13.6236
RE1,WTRRUN,RSCHYD,2023,1,RE1,S12,RE1,13.6236
RE1,WTRRUN,RSCHYD,2024,1,RE1,S12,RE1,13.6236
RE1,WTRRUN,RSCHYD,2025,1,RE1,S12,RE1,13.6236
RE1,WTRRUN,RSCHYD,2026,1,RE1,S12,RE1,13.6236
RE1,WTRRUN,RSCHYD,2027,1,RE1,S12,RE1,13.6236
RE1,WTRRUN,RSCHYD,2028,1,RE1,S12,RE1,13.6236
RE1,WTRRUN,RSCHYD,2029,1,RE1,S12,RE1,13.6236
RE1,WTRRUN,RSCHYD,2030,1,RE1,S12,RE1,13.6236
RE1,WTRRUN,RSCHYD,2031,1,RE1,S12,RE1,13.6236
RE1,WTRRUN,RSCHYD,2032,1,RE1,S12,RE1,13.6236
RE1,WTRRUN,RSCHYD,2033,1,RE1,S12,RE1,13.6236
RE1,WTRRUN,RSCHYD,2034,1,RE1,S12,RE1,13.6236
RE1,WTRRUN,RSCHYD,2035,1,RE1,S12,RE1,13.6236
RE1,ELC002,DEMAGRGWTWAT,2022,1,RE1,S21,RE1,0.0594
RE1,ELC002,DEMAGRGWTWAT,2023,1,RE1,S21,RE1,0.1251
RE1,ELC002,DEMAGRGWTWAT,2024,1,RE1,S21,RE1,0.1072
RE1,ELC002,DEMAGRGWTWAT,2025,1,RE1,S21,RE1,0.0894
RE1,ELC002,DEMAGRGWTWAT,2026,1,RE1,S21,RE1,0.0715
RE1,ELC002,DEMAGRGWTWAT,2027,1,RE1,S21,RE1,0.0536
RE1,ELC002,DEMAGRGWTWAT,2028,1,RE1,S21,RE1,0.0357
RE1,ELC002,DEMAGRGWTWAT,2029,1,RE1,S21,RE1,0.0179
RE1,WTRGWT,DEMAGRGWTWAT,2022,1,RE1,S21,RE1,0.055
RE1,WTRGWT,DEMAGRGWTWAT,2023,1,RE1,S21,RE1,0.1158
RE1,WTRGWT,DEMAGRGWTWAT,2024,1,RE1,S21,RE1,0.0993
RE1,WTRGWT,DEMAGRGWTWAT,2025,1,RE1,S21,RE1,0.0828
RE1,WTRGWT,DEMAGRGWTWAT,2026,1,RE1,S21,RE1,0.0662
RE1,WTRGWT,DEMAGRGWTWAT,2027,1,RE1,S21,RE1,0.0496
RE1,WTRGWT,DEMAGRGWTWAT,2028,1,RE1,S21,RE1,0.0331
RE1,WTRGWT,DEMAGRGWTWAT,2029,1,RE1,S21,RE1,0.0166
RE1,ELC002,DEMAGRSURWAT,2020,1,RE1,S21,RE1,0.1421
RE1,ELC002,DEMAGRSURWAT,2021,1,RE1,S21,RE1,0.2066
RE1,ELC002,DEMAGRSURWAT,2022,1,RE1,S21,RE1,0.2277
RE1,ELC002,DEMAGRSURWAT,2023,1,RE1,S21,RE1,0.2435
RE1,ELC002,DEMAGRSURWAT,2024,1,RE1,S21,RE1,0.3264
RE1,ELC002,DEMAGRSURWAT,2025,1,RE1,S21,RE1,0.4122
RE1,ELC002,DEMAGRSURWAT,2026,1,RE1,S21,RE1,0.4952
RE1,ELC002,DEMAGRSURWAT,2027,1,RE1,S21,RE1,0.5785
RE1,ELC002,DEMAGRSURWAT,2028,1,RE1,S21,RE1,0.6648
RE1,ELC002,DEMAGRSURWAT,2029,1,RE1,S21,RE1,0.7514
RE1,ELC002,DEMAGRSURWAT,2030,1,RE1,S21,RE1,0.8382
RE1,ELC002,DEMAGRSURWAT,2031,1,RE1,S21,RE1,0.8592
RE1,ELC002,DEMAGRSURWAT,2032,1,RE1,S21,RE1,0.8804
RE1,ELC002,DEMAGRSURWAT,2033,1,RE1,S21,RE1,0.9017
RE1,ELC002,DEMAGRSURWAT,2034,1,RE1,S21,RE1,0.923
RE1,ELC002,DEMAGRSURWAT,2035,1,RE1,S21,RE1,0.9448
RE1,WTRSUR,DEMAGRSURWAT,2020,1,RE1,S21,RE1,0.1652
RE1,WTRSUR,DEMAGRSURWAT,2021,1,RE1,S21,RE1,0.2403
RE1,WTRSUR,DEMAGRSURWAT,2022,1,RE1,S21,RE1,0.2648
RE1,WTRSUR,DEMAGRSURWAT,2023,1,RE1,S21,RE1,0.2832
RE1,WTRSUR,DEMAGRSURWAT,2024,1,RE1,S21,RE1,0.3795
RE1,WTRSUR,DEMAGRSURWAT,2025,1,RE1,S21,RE1,0.4793
RE1,WTRSUR,DEMAGRSURWAT,2026,1,RE1,S21,RE1,0.5758
RE1,WTRSUR,DEMAGRSURWAT,2027,1,RE1,S21,RE1,0.6727
RE1,WTRSUR,DEMAGRSURWAT,2028,1,RE1,S21,RE1,0.7731
RE1,WTRSUR,DEMAGRSURWAT,2029,1,RE1,S21,RE1,0.8738
RE1,WTRSUR,DEMAGRSURWAT,2030,1,RE1,S21,RE1,0.9747
RE1,WTRSUR,DEMAGRSURWAT,2031,1,RE1,S21,RE1,0.9991
RE1,WTRSUR,DEMAGRSURWAT,2032,1,RE1,S21,RE1,1.0237
RE1,WTRSUR,DEMAGRSURWAT,2033,1,RE1,S21,RE1,1.0485
RE1,WTRSUR,DEMAGRSURWAT,2034,1,RE1,S21,RE1,1.0733
RE1,WTRSUR,DEMAGRSURWAT,2035,1,RE1,S21,RE1,1.0986
RE1,ELC002,DEMPUBGWTWAT,2020,1,RE1,S21,RE1,1.1435
RE1,ELC002,DEMPUBGWTWAT,2021,1,RE1,S21,RE1,1.1621
RE1,ELC002,DEMPUBGWTWAT,2022,1,RE1,S21,RE1,1.1621
RE1,ELC002,DEMPUBGWTWAT,2023,1,RE1,S21,RE1,1.1621
RE1,ELC002,DEMPUBGWTWAT,2024,1,RE1,S21,RE1,1.1621
RE1,ELC002,DEMPUBGWTWAT,2025,1,RE1,S21,RE1,1.1621
RE1,ELC002,DEMPUBGWTWAT,2026,1,RE1,S21,RE1,1.1621
RE1,ELC002,DEMPUBGWTWAT,2027,1,RE1,S21,RE1,1.1621
RE1,ELC002,DEMPUBGWTWAT,2028,1,RE1,S21,RE1,1.1621
RE1,ELC002,DEMPUBGWTWAT,2029,1,RE1,S21,RE1,1.1621
RE1,ELC002,DEMPUBGWTWAT,2030,1,RE1,S21,RE1,1.1621
RE1,ELC002,DEMPUBGWTWAT,2031,1,RE1,S21,RE1,1.1621
RE1,ELC002,DEMPUBGWTWAT,2032,1,RE1,S21,RE1,1.1621
RE1,ELC002,DEMPUBGWTWAT,2033,1,RE1,S21,RE1,1.1621
RE1,ELC002,DEMPUBGWTWAT,2034,1,RE1,S21,RE1,1.1621
RE1,ELC002,DEMPUBGWTWAT,2035,1,RE1,S21,RE1,1.1621
RE1,WTRGWT,DEMPUBGWTWAT,2020,1,RE1,S21,RE1,0.2703
RE1,WTRGWT,DEMPUBGWTWAT,2021,1,RE1,S21,RE1,0.2747
RE1,WTRGWT,DEMPUBGWTWAT,2022,1,RE1,S21,RE1,0.2747
RE1,WTRGWT,DEMPUBGWTWAT,2023,1,RE1,S21,RE1,0.2747
RE1,WTRGWT,DEMPUBGWTWAT,2024,1,RE1,S21,RE1,0.2747
RE1,WTRGWT,DEMPUBGWTWAT,2025,1,RE1,S21,RE1,0.2747
RE1,WTRGWT,DEMPUBGWTWAT,2026,1,RE1,S21,RE1,0.2747
RE1,WTRGWT,DEMPUBGWTWAT,2027,1,RE1,S21,RE1,0.2747
RE1,WTRGWT,DEMPUBGWTWAT,2028,1,RE1,S21,RE1,0.2747
RE1,WTRGWT,DEMPUBGWTWAT,2029,1,RE1,S21,RE1,0.2747
RE1,WTRGWT,DEMPUBGWTWAT,2030,1,RE1,S21,RE1,0.2747
RE1,WTRGWT,DEMPUBGWTWAT,2031,1,RE1,S21,RE1,0.2747
RE1,WTRGWT,DEMPUBGWTWAT,2032,1,RE1,S21,RE1,0.2747
RE1,WTRGWT,DEMPUBGWTWAT,2033,1,RE1,S21,RE1,0.2747
RE1,WTRGWT,DEMPUBGWTWAT,2034,1,RE1,S21,RE1,0.2747
RE1,WTRGWT,DEMPUBGWTWAT,2035,1,RE1,S21,RE1,0.2747
RE1,ELC002,DEMPUBSURWAT,2020,1,RE1,S21,RE1,0.7747
RE1,ELC002,DEMPUBSURWAT,2021,1,RE1,S21,RE1,0.8709
RE1,ELC002,DEMPUBSURWAT,2022,1,RE1,S21,RE1,0.9857
RE1,ELC002,DEMPUBSURWAT,2023,1,RE1,S21,RE1,1.1035
RE1,ELC002,DEMPUBSURWAT,2024,1,RE1,S21,RE1,1.226
RE1,ELC002,DEMPUBSURWAT,2025,1,RE1,S21,RE1,1.3548
RE1,ELC002,DEMPUBSURWAT,2026,1,RE1,S21,RE1,1.4882
RE1,ELC002,DEMPUBSURWAT,2027,1,RE1,S21,RE1,1.6262
RE1,ELC002,DEMPUBSURWAT,2028,1,RE1,S21,RE1,1.772
RE1,ELC002,DEMPUBSURWAT,2029,1,RE1,S21,RE1,1.9225
RE1,ELC002,DEMPUBSURWAT,2030,1,RE1,S21,RE1,2.0807
RE1,ELC002,DEMPUBSURWAT,2031,1,RE1,S21,RE1,2.2451
RE1,ELC002,DEMPUBSURWAT,2032,1,RE1,S21,RE1,2.4157
RE1,ELC002,DEMPUBSURWAT,2033,1,RE1,S21,RE1,2.5941
RE1,ELC002,DEMPUBSURWAT,2034,1,RE1,S21,RE1,2.7802
RE1,ELC002,DEMPUBSURWAT,2035,1,RE1,S21,RE1,2.9756
RE1,WTRSUR,DEMPUBSURWAT,2020,1,RE1,S21,RE1,0.2747
RE1,WTRSUR,DEMPUBSURWAT,2021,1,RE1,S21,RE1,0.3088
RE1,WTRSUR,DEMPUBSURWAT,2022,1,RE1,S21,RE1,0.3495
RE1,WTRSUR,DEMPUBSURWAT,2023,1,RE1,S21,RE1,0.3913
RE1,WTRSUR,DEMPUBSURWAT,2024,1,RE1,S21,RE1,0.4348
RE1,WTRSUR,DEMPUBSURWAT,2025,1,RE1,S21,RE1,0.4804
RE1,WTRSUR,DEMPUBSURWAT,2026,1,RE1,S21,RE1,0.5277
RE1,WTRSUR,DEMPUBSURWAT,2027,1,RE1,S21,RE1,0.5767
RE1,WTRSUR,DEMPUBSURWAT,2028,1,RE1,S21,RE1,0.6284
RE1,WTRSUR,DEMPUBSURWAT,2029,1,RE1,S21,RE1,0.6817
RE1,WTRSUR,DEMPUBSURWAT,2030,1,RE1,S21,RE1,0.7378
RE1,WTRSUR,DEMPUBSURWAT,2031,1,RE1,S21,RE1,0.7961
RE1,WTRSUR,DEMPUBSURWAT,2032,1,RE1,S21,RE1,0.8566
RE1,WTRSUR,DEMPUBSURWAT,2033,1,RE1,S21,RE1,0.9199
RE1,WTRSUR,DEMPUBSURWAT,2034,1,RE1,S21,RE1,0.9859
RE1,WTRSUR,DEMPUBSURWAT,2035,1,RE1,S21,RE1,1.0552
RE1,ELC002,DEMPWRSURWAT,2020,1,RE1,S21,RE1,0.0424
RE1,ELC002,DEMPWRSURWAT,2021,1,RE1,S21,RE1,0.0464
RE1,ELC002,DEMPWRSURWAT,2022,1,RE1,S21,RE1,0.0484
RE1,ELC002,DEMPWRSURWAT,2023,1,RE1,S21,RE1,0.0485
RE1,ELC002,DEMPWRSURWAT,2024,1,RE1,S21,RE1,0.0485
RE1,ELC002,DEMPWRSURWAT,2025,1,RE1,S21,RE1,0.0485
RE1,ELC002,DEMPWRSURWAT,2026,1,RE1,S21,RE1,0.0405
RE1,ELC002,DEMPWRSURWAT,2027,1,RE1,S21,RE1,0.0405
RE1,ELC002,DEMPWRSURWAT,2028,1,RE1,S21,RE1,0.0405
RE1,ELC002,DEMPWRSURWAT,2029,1,RE1,S21,RE1,0.0405
RE1,ELC002,DEMPWRSURWAT,2030,1,RE1,S21,RE1,0.0405
RE1,ELC002,DEMPWRSURWAT,2031,1,RE1,S21,RE1,0.0324
RE1,ELC002,DEMPWRSURWAT,2032,1,RE1,S21,RE1,0.0324
RE1,ELC002,DEMPWRSURWAT,2033,1,RE1,S21,RE1,0.0244
RE1,ELC002,DEMPWRSURWAT,2034,1,RE1,S21,RE1,0.0286
RE1,ELC002,DEMPWRSURWAT,2035,1,RE1,S21,RE1,0.0324
RE1,WTRSUR,DEMPWRSURWAT,2020,1,RE1,S21,RE1,0.015
RE1,WTRSUR,DEMPWRSURWAT,2021,1,RE1,S21,RE1,0.0165
RE1,WTRSUR,DEMPWRSURWAT,2022,1,RE1,S21,RE1,0.0171
RE1,WTRSUR,DEMPWRSURWAT,2023,1,RE1,S21,RE1,0.0172
RE1,WTRSUR,DEMPWRSURWAT,2024,1,RE1,S21,RE1,0.0172
RE1,WTRSUR,DEMPWRSURWAT,2025,1,RE1,S21,RE1,0.0172
RE1,WTRSUR,DEMPWRSURWAT,2026,1,RE1,S21,RE1,0.0144
RE1,WTRSUR,DEMPWRSURWAT,2027,1,RE1,S21,RE1,0.0144
RE1,WTRSUR,DEMPWRSURWAT,2028,1,RE1,S21,RE1,0.0144
RE1,WTRSUR,DEMPWRSURWAT,2029,1,RE1,S21,RE1,0.0144
RE1,WTRSUR,DEMPWRSURWAT,2030,1,RE1,S21,RE1,0.0144
RE1,WTRSUR,DEMPWRSURWAT,2031,1,RE1,S21,RE1,0.0115
RE1,WTRSUR,DEMPWRSURWAT,2032,1,RE1,S21,RE1,0.0115
RE1,WTRSUR,DEMPWRSURWAT,2033,1,RE1,S21,RE1,0.0086
RE1,WTRSUR,DEMPWRSURWAT,2034,1,RE1,S21,RE1,0.0101
RE1,WTRSUR,DEMPWRSURWAT,2035,1,RE1,S21,RE1,0.0115
RE1,CRPMAI,DEMTRABIO,2020,1,RE1,S21,RE1,0.3922
RE1,CRPMAI,DEMTRABIO,2021,1,RE1,S21,RE1,0.404
RE1,CRPMAI,DEMTRABIO,2022,1,RE1,S21,RE1,0.4157
RE1,CRPMAI,DEMTRABIO,2023,1,RE1,S21,RE1,0.4275
RE1,CRPMAI,DEMTRABIO,2024,1,RE1,S21,RE1,0.4392
RE1,CRPMAI,DEMTRABIO,2025,1,RE1,S21,RE1,0.4549
RE1,CRPMAI,DEMTRABIO,2026,1,RE1,S21,RE1,0.4667
RE1,CRPMAI,DEMTRABIO,2027,1,RE1,S21,RE1,0.4785
RE1,CRPMAI,DEMTRABIO,2028,1,RE1,S21,RE1,0.4941
RE1,CRPMAI,DEMTRABIO,2029,1,RE1,S21,RE1,0.5098
RE1,CRPMAI,DEMTRABIO,2030,1,RE1,S21,RE1,0.5255
RE1,CRPMAI,DEMTRABIO,2031,1,RE1,S21,RE1,0.5412
RE1,CRPMAI,DEMTRABIO,2032,1,RE1,S21,RE1,0.5569
RE1,CRPMAI,DEMTRABIO,2033,1,RE1,S21,RE1,0.5726
RE1,CRPMAI,DEMTRABIO,2034,1,RE1,S21,RE1,0.5883
RE1,CRPMAI,DEMTRABIO,2035,1,RE1,S21,RE1,0.6039
RE1,LND,LNDBLT,2020,1,RE1,S21,RE1,4.965
RE1,LND,LNDBLT,2021,1,RE1,S21,RE1,5.0312
RE1,LND,LNDBLT,2022,1,RE1,S21,RE1,5.0643
RE1,LND,LNDBLT,2023,1,RE1,S21,RE1,5.1305
RE1,LND,LNDBLT,2024,1,RE1,S21,RE1,5.1636
RE1,LND,LNDBLT,2025,1,RE1,S21,RE1,5.2298
RE1,LND,LNDBLT,2026,1,RE1,S21,RE1,5.2629
RE1,LND,LNDBLT,2027,1,RE1,S21,RE1,5.3291
RE1,LND,LNDBLT,2028,1,RE1,S21,RE1,5.3622
RE1,LND,LNDBLT,2029,1,RE1,S21,RE1,5.4284
RE1,LND,LNDBLT,2030,1,RE1,S21,RE1,5.4946
RE1,LND,LNDBLT,2031,1,RE1,S21,RE1,5.5277
RE1,LND,LNDBLT,2032,1,RE1,S21,RE1,5.5939
RE1,LND,LNDBLT,2033,1,RE1,S21,RE1,5.6601
RE1,LND,LNDBLT,2034,1,RE1,S21,RE1,5.6932
RE1,LND,LNDBLT,2035,1,RE1,S21,RE1,5.7594
RE1,WTRPRC,LNDBLT,2020,1,RE1,S21,RE1,5.958
RE1,WTRPRC,LNDBLT,2021,1,RE1,S21,RE1,6.0374
RE1,WTRPRC,LNDBLT,2022,1,RE1,S21,RE1,6.0772
RE1,WTRPRC,LNDBLT,2023,1,RE1,S21,RE1,6.1566
RE1,WTRPRC,LNDBLT,2024,1,RE1,S21,RE1,6.1963
RE1,WTRPRC,LNDBLT,2025,1,RE1,S21,RE1,6.2758
RE1,WTRPRC,LNDBLT,2026,1,RE1,S21,RE1,6.3155
RE1,WTRPRC,LNDBLT,2027,1,RE1,S21,RE1,6.3949
RE1,WTRPRC,LNDBLT,2028,1,RE1,S21,RE1,6.4346
RE1,WTRPRC,LNDBLT,2029,1,RE1,S21,RE1,6.5141
RE1,WTRPRC,LNDBLT,2030,1,RE1,S21,RE1,6.5935
RE1,WTRPRC,LNDBLT,2031,1,RE1,S21,RE1,6.6332
RE1,WTRPRC,LNDBLT,2032,1,RE1,S21,RE1,6.7127
RE1,WTRPRC,LNDBLT,2033,1,RE1,S21,RE1,6.7921
RE1,WTRPRC,LNDBLT,2034,1,RE1,S21,RE1,6.8318
RE1,WTRPRC,LNDBLT,2035,1,RE1,S21,RE1,6.9113
RE1,LND,LNDFOR,2020,1,RE1,S21,RE1,83.9416
RE1,LND,LNDFOR,2021,1,RE1,S21,RE1,80.6316
RE1,LND,LNDFOR,2022,1,RE1,S21,RE1,77.8594
RE1,LND,LNDFOR,2023,1,RE1,S21,RE1,74.0116
RE1,LND,LNDFOR,2024,1,RE1,S21,RE1,83.799
RE1,LND,LNDFOR,2025,1,RE1,S21,RE1,83.7396
RE1,LND,LNDFOR,2026,1,RE1,S21,RE1,83.7206
RE1,LND,LNDFOR,2027,1,RE1,S21,RE1,83.6679
RE1,LND,LNDFOR,2028,1,RE1,S21,RE1,83.64
RE1,LND,LNDFOR,2029,1,RE1,S21,RE1,83.5789
RE1,LND,LNDFOR,2030,1,RE1,S21,RE1,83.5169
RE1,LND,LNDFOR,2031,1,RE1,S21,RE1,83.261
RE1,LND,LNDFOR,2032,1,RE1,S21,RE1,82.9041
RE1,LND,LNDFOR,2033,1,RE1,S21,RE1,82.5464
RE1,LND,LNDFOR,2034,1,RE1,S21,RE1,82.2886
RE1,LND,LNDFOR,2035,1,RE1,S21,RE1,81.9277
RE1,WTRPRC,LNDFOR,2020,1,RE1,S21,RE1,100.7299
RE1,WTRPRC,LNDFOR,2021,1,RE1,S21,RE1,96.7579
RE1,WTRPRC,LNDFOR,2022,1,RE1,S21,RE1,93.4313
RE1,WTRPRC,LNDFOR,2023,1,RE1,S21,RE1,88.8139
RE1,WTRPRC,LNDFOR,2024,1,RE1,S21,RE1,100.5588
RE1,WTRPRC,LNDFOR,2025,1,RE1,S21,RE1,100.4875
RE1,WTRPRC,LNDFOR,2026,1,RE1,S21,RE1,100.4647
RE1,WTRPRC,LNDFOR,2027,1,RE1,S21,RE1,100.4014
RE1,WTRPRC,LNDFOR,2028,1,RE1,S21,RE1,100.368
RE1,WTRPRC,LNDFOR,2029,1,RE1,S21,RE1,100.2947
RE1,WTRPRC,LNDFOR,2030,1,RE1,S21,RE1,100.2203
RE1,WTRPRC,LNDFOR,2031,1,RE1,S21,RE1,99.9132
RE1,WTRPRC,LNDFOR,2032,1,RE1,S21,RE1,99.485
RE1,WTRPRC,LNDFOR,2033,1,RE1,S21,RE1,99.0556
RE1,WTRPRC,LNDFOR,2034,1,RE1,S21,RE1,98.7463
RE1,WTRPRC,LNDFOR,2035,1,RE1,S21,RE1,98.3133
RE1,AGRDSL,LNDMAIIRR,2020,1,RE1,S21,RE1,0.0551
RE1,AGRDSL,LNDMAIIRR,2021,1,RE1,S21,RE1,0.1197
RE1,AGRDSL,LNDMAIIRR,2022,1,RE1,S21,RE1,0.1846
RE1,AGRDSL,LNDMAIIRR,2023,1,RE1,S21,RE1,0.2492
RE1,AGRDSL,LNDMAIIRR,2024,1,RE1,S21,RE1,0.3141
RE1,AGRDSL,LNDMAIIRR,2025,1,RE1,S21,RE1,0.3829
RE1,AGRDSL,LNDMAIIRR,2026,1,RE1,S21,RE1,0.4478
RE1,AGRDSL,LNDMAIIRR,2027,1,RE1,S21,RE1,0.5131
RE1,AGRDSL,LNDMAIIRR,2028,1,RE1,S21,RE1,0.5822
RE1,AGRDSL,LNDMAIIRR,2029,1,RE1,S21,RE1,0.6514
RE1,AGRDSL,LNDMAIIRR,2030,1,RE1,S21,RE1,0.7209
RE1,AGRDSL,LNDMAIIRR,2031,1,RE1,S21,RE1,0.7409
RE1,AGRDSL,LNDMAIIRR,2032,1,RE1,S21,RE1,0.761
RE1,AGRDSL,LNDMAIIRR,2033,1,RE1,S21,RE1,0.781
RE1,AGRDSL,LNDMAIIRR,2034,1,RE1,S21,RE1,0.8011
RE1,AGRDSL,LNDMAIIRR,2035,1,RE1,S21,RE1,0.8215
RE1,AGRWAT,LNDMAIIRR,2020,1,RE1,S21,RE1,0.0337
RE1,AGRWAT,LNDMAIIRR,2021,1,RE1,S21,RE1,0.0733
RE1,AGRWAT,LNDMAIIRR,2022,1,RE1,S21,RE1,0.113
RE1,AGRWAT,LNDMAIIRR,2023,1,RE1,S21,RE1,0.1526
RE1,AGRWAT,LNDMAIIRR,2024,1,RE1,S21,RE1,0.1923
RE1,AGRWAT,LNDMAIIRR,2025,1,RE1,S21,RE1,0.2344
RE1,AGRWAT,LNDMAIIRR,2026,1,RE1,S21,RE1,0.2742
RE1,AGRWAT,LNDMAIIRR,2027,1,RE1,S21,RE1,0.3141
RE1,AGRWAT,LNDMAIIRR,2028,1,RE1,S21,RE1,0.3565
RE1,AGRWAT,LNDMAIIRR,2029,1,RE1,S21,RE1,0.3988
RE1,AGRWAT,LNDMAIIRR,2030,1,RE1,S21,RE1,0.4413
RE1,AGRWAT,LNDMAIIRR,2031,1,RE1,S21,RE1,0.4536
RE1,AGRWAT,LNDMAIIRR,2032,1,RE1,S21,RE1,0.4659
RE1,AGRWAT,LNDMAIIRR,2033,1,RE1,S21,RE1,0.4782
RE1,AGRWAT,LNDMAIIRR,2034,1,RE1,S21,RE1,0.4905
RE1,AGRWAT,LNDMAIIRR,2035,1,RE1,S21,RE1,0.503
RE1,LND,LNDMAIIRR,2020,1,RE1,S21,RE1,0.1125
RE1,LND,LNDMAIIRR,2021,1,RE1,S21,RE1,0.2442
RE1,LND,LNDMAIIRR,2022,1,RE1,S21,RE1,0.3767
RE1,LND,LNDMAIIRR,2023,1,RE1,S21,RE1,0.5085
RE1,LND,LNDMAIIRR,2024,1,RE1,S21,RE1,0.641
RE1,LND,LNDMAIIRR,2025,1,RE1,S21,RE1,0.7814
RE1,LND,LNDMAIIRR,2026,1,RE1,S21,RE1,0.9139
RE1,LND,LNDMAIIRR,2027,1,RE1,S21,RE1,1.0471
RE1,LND,LNDMAIIRR,2028,1,RE1,S21,RE1,1.1882
RE1,LND,LNDMAIIRR,2029,1,RE1,S21,RE1,1.3293
RE1,LND,LNDMAIIRR,2030,1,RE1,S21,RE1,1.4711
RE1,LND,LNDMAIIRR,2031,1,RE1,S21,RE1,1.512
RE1,LND,LNDMAIIRR,2032,1,RE1,S21,RE1,1.553
RE1,LND,LNDMAIIRR,2033,1,RE1,S21,RE1,1.5939
RE1,LND,LNDMAIIRR,2034,1,RE1,S21,RE1,1.6348
RE1,LND,LNDMAIIRR,2035,1,RE1,S21,RE1,1.6765
RE1,WTRPRC,LNDMAIIRR,2020,1,RE1,S21,RE1,0.135
RE1,WTRPRC,LNDMAIIRR,2021,1,RE1,S21,RE1,0.2931
RE1,WTRPRC,LNDMAIIRR,2022,1,RE1,S21,RE1,0.4521
RE1,WTRPRC,LNDMAIIRR,2023,1,RE1,S21,RE1,0.6102
RE1,WTRPRC,LNDMAIIRR,2024,1,RE1,S21,RE1,0.7692
RE1,WTRPRC,LNDMAIIRR,2025,1,RE1,S21,RE1,0.9377
RE1,WTRPRC,LNDMAIIRR,2026,1,RE1,S21,RE1,1.0966
RE1,WTRPRC,LNDMAIIRR,2027,1,RE1,S21,RE1,1.2565
RE1,WTRPRC,LNDMAIIRR,2028,1,RE1,S21,RE1,1.4258
RE1,WTRPRC,LNDMAIIRR,2029,1,RE1,S21,RE1,1.5952
RE1,WTRPRC,LNDMAIIRR,2030,1,RE1,S21,RE1,1.7654
RE1,WTRPRC,LNDMAIIRR,2031,1,RE1,S21,RE1,1.8144
RE1,WTRPRC,LNDMAIIRR,2032,1,RE1,S21,RE1,1.8636
RE1,WTRPRC,LNDMAIIRR,2033,1,RE1,S21,RE1,1.9127
RE1,WTRPRC,LNDMAIIRR,2034,1,RE1,S21,RE1,1.9618
RE1,WTRPRC,LNDMAIIRR,2035,1,RE1,S21,RE1,2.0118
RE1,AGRDSL,LNDMAIRNF,2020,1,RE1,S21,RE1,0.399
RE1,AGRDSL,LNDMAIRNF,2021,1,RE1,S21,RE1,0.3591
RE1,AGRDSL,LNDMAIRNF,2022,1,RE1,S21,RE1,0.3192
RE1,AGRDSL,LNDMAIRNF,2023,1,RE1,S21,RE1,0.2793
RE1,AGRDSL,LNDMAIRNF,2024,1,RE1,S21,RE1,0.2394
RE1,AGRDSL,LNDMAIRNF,2025,1,RE1,S21,RE1,0.1995
RE1,AGRDSL,LNDMAIRNF,2026,1,RE1,S21,RE1,0.1596
RE1,AGRDSL,LNDMAIRNF,2027,1,RE1,S21,RE1,0.1197
RE1,AGRDSL,LNDMAIRNF,2028,1,RE1,S21,RE1,0.0798
RE1,AGRDSL,LNDMAIRNF,2029,1,RE1,S21,RE1,0.0399
RE1,LND,LNDMAIRNF,2020,1,RE1,S21,RE1,1.3571
RE1,LND,LNDMAIRNF,2021,1,RE1,S21,RE1,1.2214
RE1,LND,LNDMAIRNF,2022,1,RE1,S21,RE1,1.0857
RE1,LND,LNDMAIRNF,2023,1,RE1,S21,RE1,0.95
RE1,LND,LNDMAIRNF,2024,1,RE1,S21,RE1,0.8143
RE1,LND,LNDMAIRNF,2025,1,RE1,S21,RE1,0.6786
RE1,LND,LNDMAIRNF,2026,1,RE1,S21,RE1,0.5428
RE1,LND,LNDMAIRNF,2027,1,RE1,S21,RE1,0.4071
RE1,LND,LNDMAIRNF,2028,1,RE1,S21,RE1,0.2714
RE1,LND,LNDMAIRNF,2029,1,RE1,S21,RE1,0.1357
RE1,WTRPRC,LNDMAIRNF,2020,1,RE1,S21,RE1,1.6285
RE1,WTRPRC,LNDMAIRNF,2021,1,RE1,S21,RE1,1.4657
RE1,WTRPRC,LNDMAIRNF,2022,1,RE1,S21,RE1,1.3028
RE1,WTRPRC,LNDMAIRNF,2023,1,RE1,S21,RE1,1.14
RE1,WTRPRC,LNDMAIRNF,2024,1,RE1,S21,RE1,0.9771
RE1,WTRPRC,LNDMAIRNF,2025,1,RE1,S21,RE1,0.8143
RE1,WTRPRC,LNDMAIRNF,2026,1,RE1,S21,RE1,0.6514
RE1,WTRPRC,LNDMAIRNF,2027,1,RE1,S21,RE1,0.4886
RE1,WTRPRC,LNDMAIRNF,2028,1,RE1,S21,RE1,0.3257
RE1,WTRPRC,LNDMAIRNF,2029,1,RE1,S21,RE1,0.1629
RE1,AGRDSL,LNDRICIRR,2020,1,RE1,S21,RE1,0.0892
RE1,AGRDSL,LNDRICIRR,2021,1,RE1,S21,RE1,0.1034
RE1,AGRDSL,LNDRICIRR,2022,1,RE1,S21,RE1,0.1207
RE1,AGRDSL,LNDRICIRR,2023,1,RE1,S21,RE1,0.138
RE1,AGRDSL,LNDRICIRR,2024,1,RE1,S21,RE1,0.1556
RE1,AGRDSL,LNDRICIRR,2025,1,RE1,S21,RE1,0.1732
RE1,AGRDSL,LNDRICIRR,2026,1,RE1,S21,RE1,0.1908
RE1,AGRDSL,LNDRICIRR,2027,1,RE1,S21,RE1,0.2085
RE1,AGRDSL,LNDRICIRR,2028,1,RE1,S21,RE1,0.2263
RE1,AGRDSL,LNDRICIRR,2029,1,RE1,S21,RE1,0.2444
RE1,AGRDSL,LNDRICIRR,2030,1,RE1,S21,RE1,0.2623
RE1,AGRDSL,LNDRICIRR,2031,1,RE1,S21,RE1,0.2676
RE1,AGRDSL,LNDRICIRR,2032,1,RE1,S21,RE1,0.2729
RE1,AGRDSL,LNDRICIRR,2033,1,RE1,S21,RE1,0.2785
RE1,AGRDSL,LNDRICIRR,2034,1,RE1,S21,RE1,0.284
RE1,AGRDSL,LNDRICIRR,2035,1,RE1,S21,RE1,0.2897
RE1,AGRWAT,LNDRICIRR,2020,1,RE1,S21,RE1,0.0819
RE1,AGRWAT,LNDRICIRR,2021,1,RE1,S21,RE1,0.0949
RE1,AGRWAT,LNDRICIRR,2022,1,RE1,S21,RE1,0.1108
RE1,AGRWAT,LNDRICIRR,2023,1,RE1,S21,RE1,0.1268
RE1,AGRWAT,LNDRICIRR,2024,1,RE1,S21,RE1,0.1429
RE1,AGRWAT,LNDRICIRR,2025,1,RE1,S21,RE1,0.159
RE1,AGRWAT,LNDRICIRR,2026,1,RE1,S21,RE1,0.1753
RE1,AGRWAT,LNDRICIRR,2027,1,RE1,S21,RE1,0.1915
RE1,AGRWAT,LNDRICIRR,2028,1,RE1,S21,RE1,0.2078
RE1,AGRWAT,LNDRICIRR,2029,1,RE1,S21,RE1,0.2244
RE1,AGRWAT,LNDRICIRR,2030,1,RE1,S21,RE1,0.2409
RE1,AGRWAT,LNDRICIRR,2031,1,RE1,S21,RE1,0.2457
RE1,AGRWAT,LNDRICIRR,2032,1,RE1,S21,RE1,0.2507
RE1,AGRWAT,LNDRICIRR,2033,1,RE1,S21,RE1,0.2558
RE1,AGRWAT,LNDRICIRR,2034,1,RE1,S21,RE1,0.2608
RE1,AGRWAT,LNDRICIRR,2035,1,RE1,S21,RE1,0.2661
RE1,LND,LNDRICIRR,2020,1,RE1,S21,RE1,0.1821
RE1,LND,LNDRICIRR,2021,1,RE1,S21,RE1,0.2109
RE1,LND,LNDRICIRR,2022,1,RE1,S21,RE1,0.2463
RE1,LND,LNDRICIRR,2023,1,RE1,S21,RE1,0.2817
RE1,LND,LNDRICIRR,2024,1,RE1,S21,RE1,0.3175
RE1,LND,LNDRICIRR,2025,1,RE1,S21,RE1,0.3534
RE1,LND,LNDRICIRR,2026,1,RE1,S21,RE1,0.3895
RE1,LND,LNDRICIRR,2027,1,RE1,S21,RE1,0.4255
RE1,LND,LNDRICIRR,2028,1,RE1,S21,RE1,0.4619
RE1,LND,LNDRICIRR,2029,1,RE1,S21,RE1,0.4987
RE1,LND,LNDRICIRR,2030,1,RE1,S21,RE1,0.5354
RE1,LND,LNDRICIRR,2031,1,RE1,S21,RE1,0.5461
RE1,LND,LNDRICIRR,2032,1,RE1,S21,RE1,0.557
RE1,LND,LNDRICIRR,2033,1,RE1,S21,RE1,0.5684
RE1,LND,LNDRICIRR,2034,1,RE1,S21,RE1,0.5796
RE1,LND,LNDRICIRR,2035,1,RE1,S21,RE1,0.5912
RE1,WTRPRC,LNDRICIRR,2020,1,RE1,S21,RE1,0.2185
RE1,WTRPRC,LNDRICIRR,2021,1,RE1,S21,RE1,0.2531
RE1,WTRPRC,LNDRICIRR,2022,1,RE1,S21,RE1,0.2955
RE1,WTRPRC,LNDRICIRR,2023,1,RE1,S21,RE1,0.3381
RE1,WTRPRC,LNDRICIRR,2024,1,RE1,S21,RE1,0.381
RE1,WTRPRC,LNDRICIRR,2025,1,RE1,S21,RE1,0.4241
RE1,WTRPRC,LNDRICIRR,2026,1,RE1,S21,RE1,0.4673
RE1,WTRPRC,LNDRICIRR,2027,1,RE1,S21,RE1,0.5106
RE1,WTRPRC,LNDRICIRR,2028,1,RE1,S21,RE1,0.5543
RE1,WTRPRC,LNDRICIRR,2029,1,RE1,S21,RE1,0.5985
RE1,WTRPRC,LNDRICIRR,2030,1,RE1,S21,RE1,0.6425
RE1,WTRPRC,LNDRICIRR,2031,1,RE1,S21,RE1,0.6553
RE1,WTRPRC,LNDRICIRR,2032,1,RE1,S21,RE1,0.6684
RE1,WTRPRC,LNDRICIRR,2033,1,RE1,S21,RE1,0.682
RE1,WTRPRC,LNDRICIRR,2034,1,RE1,S21,RE1,0.6956
RE1,WTRPRC,LNDRICIRR,2035,1,RE1,S21,RE1,0.7095
RE1,AGRDSL,LNDRICRNF,2020,1,RE1,S21,RE1,0.1319
RE1,AGRDSL,LNDRICRNF,2021,1,RE1,S21,RE1,0.1247
RE1,AGRDSL,LNDRICRNF,2022,1,RE1,S21,RE1,0.1107
RE1,AGRDSL,LNDRICRNF,2023,1,RE1,S21,RE1,0.0969
RE1,AGRDSL,LNDRICRNF,2024,1,RE1,S21,RE1,0.0831
RE1,AGRDSL,LNDRICRNF,2025,1,RE1,S21,RE1,0.0692
RE1,AGRDSL,LNDRICRNF,2026,1,RE1,S21,RE1,0.0554
RE1,AGRDSL,LNDRICRNF,2027,1,RE1,S21,RE1,0.0416
RE1,AGRDSL,LNDRICRNF,2028,1,RE1,S21,RE1,0.0277
RE1,AGRDSL,LNDRICRNF,2029,1,RE1,S21,RE1,0.0138
RE1,LND,LNDRICRNF,2020,1,RE1,S21,RE1,0.4485
RE1,LND,LNDRICRNF,2021,1,RE1,S21,RE1,0.424
RE1,LND,LNDRICRNF,2022,1,RE1,S21,RE1,0.3767
RE1,LND,LNDRICRNF,2023,1,RE1,S21,RE1,0.3297
RE1,LND,LNDRICRNF,2024,1,RE1,S21,RE1,0.2827
RE1,LND,LNDRICRNF,2025,1,RE1,S21,RE1,0.2353
RE1,LND,LNDRICRNF,2026,1,RE1,S21,RE1,0.1883
RE1,LND,LNDRICRNF,2027,1,RE1,S21,RE1,0.1413
RE1,LND,LNDRICRNF,2028,1,RE1,S21,RE1,0.0943
RE1,LND,LNDRICRNF,2029,1,RE1,S21,RE1,0.047
RE1,WTRPRC,LNDRICRNF,2020,1,RE1,S21,RE1,0.5382
RE1,WTRPRC,LNDRICRNF,2021,1,RE1,S21,RE1,0.5088
RE1,WTRPRC,LNDRICRNF,2022,1,RE1,S21,RE1,0.452
RE1,WTRPRC,LNDRICRNF,2023,1,RE1,S21,RE1,0.3956
RE1,WTRPRC,LNDRICRNF,2024,1,RE1,S21,RE1,0.3392
RE1,WTRPRC,LNDRICRNF,2025,1,RE1,S21,RE1,0.2824
RE1,WTRPRC,LNDRICRNF,2026,1,RE1,S21,RE1,0.226
RE1,WTRPRC,LNDRICRNF,2027,1,RE1,S21,RE1,0.1696
RE1,WTRPRC,LNDRICRNF,2028,1,RE1,S21,RE1,0.1132
RE1,WTRPRC,LNDRICRNF,2029,1,RE1,S21,RE1,0.0564
RE1,LND,LNDWAT,2020,1,RE1,S21,RE1,8.2933
RE1,LND,LNDWAT,2021,1,RE1,S21,RE1,11.5366
RE1,LND,LNDWAT,2022,1,RE1,S21,RE1,14.2909
RE1,LND,LNDWAT,2023,1,RE1,S21,RE1,18.088
RE1,LND,LNDWAT,2024,1,RE1,S21,RE1,8.282
RE1,LND,LNDWAT,2025,1,RE1,S21,RE1,8.282
RE1,LND,LNDWAT,2026,1,RE1,S21,RE1,8.282
RE1,LND,LNDWAT,2027,1,RE1,S21,RE1,8.282
RE1,LND,LNDWAT,2028,1,RE1,S21,RE1,8.282
RE1,LND,LNDWAT,2029,1,RE1,S21,RE1,8.282
RE1,LND,LNDWAT,2030,1,RE1,S21,RE1,8.282
RE1,LND,LNDWAT,2031,1,RE1,S21,RE1,8.4532
RE1,LND,LNDWAT,2032,1,RE1,S21,RE1,8.6919
RE1,LND,LNDWAT,2033,1,RE1,S21,RE1,8.9312
RE1,LND,LNDWAT,2034,1,RE1,S21,RE1,9.1037
RE1,LND,LNDWAT,2035,1,RE1,S21,RE1,9.3451
RE1,WTRPRC,LNDWAT,2020,1,RE1,S21,RE1,9.952
RE1,WTRPRC,LNDWAT,2021,1,RE1,S21,RE1,13.844
RE1,WTRPRC,LNDWAT,2022,1,RE1,S21,RE1,17.1491
RE1,WTRPRC,LNDWAT,2023,1,RE1,S21,RE1,21.7056
RE1,WTRPRC,LNDWAT,2024,1,RE1,S21,RE1,9.9383
RE1,WTRPRC,LNDWAT,2025,1,RE1,S21,RE1,9.9383
RE1,WTRPRC,LNDWAT,2026,1,RE1,S21,RE1,9.9383
RE1,WTRPRC,LNDWAT,2027,1,RE1,S21,RE1,9.9383
RE1,WTRPRC,LNDWAT,2028,1,RE1,S21,RE1,9.9383
RE1,WTRPRC,LNDWAT,2029,1,RE1,S21,RE1,9.9383
RE1,WTRPRC,LNDWAT,2030,1,RE1,S21,RE1,9.9383
RE1,WTRPRC,LNDWAT,2031,1,RE1,S21,RE1,10.1438
RE1,WTRPRC,LNDWAT,2032,1,RE1,S21,RE1,10.4303
RE1,WTRPRC,LNDWAT,2033,1,RE1,S21,RE1,10.7175
RE1,WTRPRC,LNDWAT,2034,1,RE1,S21,RE1,10.9244
RE1,WTRPRC,LNDWAT,2035,1,RE1,S21,RE1,11.2141
RE1,GAS,PWRGAS,2020,1,RE1,S21,RE1,109.2195
RE1,GAS,PWRGAS,2021,1,RE1,S21,RE1,119.6264
RE1,GAS,PWRGAS,2022,1,RE1,S21,RE1,124.7738
RE1,GAS,PWRGAS,2023,1,RE1,S21,RE1,125.261
RE1,GAS,PWRGAS,2024,1,RE1,S21,RE1,125.261
RE1,GAS,PWRGAS,2025,1,RE1,S21,RE1,125.261
RE1,GAS,PWRGAS,2026,1,RE1,S21,RE1,104.3842
RE1,GAS,PWRGAS,2027,1,RE1,S21,RE1,104.3842
RE1,GAS,PWRGAS,2028,1,RE1,S21,RE1,104.3842
RE1,GAS,PWRGAS,2029,1,RE1,S21,RE1,104.3842
RE1,GAS,PWRGAS,2030,1,RE1,S21,RE1,104.3842
RE1,GAS,PWRGAS,2031,1,RE1,S21,RE1,83.5073
RE1,GAS,PWRGAS,2032,1,RE1,S21,RE1,83.5073
RE1,GAS,PWRGAS,2033,1,RE1,S21,RE1,62.9416
RE1,GAS,PWRGAS,2034,1,RE1,S21,RE1,73.7101
RE1,GAS,PWRGAS,2035,1,RE1,S21,RE1,83.5073
RE1,PWRWAT,PWRGAS,2020,1,RE1,S21,RE1,0.012
RE1,PWRWAT,PWRGAS,2021,1,RE1,S21,RE1,0.0132
RE1,PWRWAT,PWRGAS,2022,1,RE1,S21,RE1,0.0137
RE1,PWRWAT,PWRGAS,2023,1,RE1,S21,RE1,0.0138
RE1,PWRWAT,PWRGAS,2024,1,RE1,S21,RE1,0.0138
RE1,PWRWAT,PWRGAS,2025,1,RE1,S21,RE1,0.0138
RE1,PWRWAT,PWRGAS,2026,1,RE1,S21,RE1,0.0115
RE1,PWRWAT,PWRGAS,2027,1,RE1,S21,RE1,0.0115
RE1,PWRWAT,PWRGAS,2028,1,RE1,S21,RE1,0.0115
RE1,PWRWAT,PWRGAS,2029,1,RE1,S21,RE1,0.0115
RE1,PWRWAT,PWRGAS,2030,1,RE1,S21,RE1,0.0115
RE1,PWRWAT,PWRGAS,2031,1,RE1,S21,RE1,0.0092
RE1,PWRWAT,PWRGAS,2032,1,RE1,S21,RE1,0.0092
RE1,PWRWAT,PWRGAS,2033,1,RE1,S21,RE1,0.0069
RE1,PWRWAT,PWRGAS,2034,1,RE1,S21,RE1,0.0081
RE1,PWRWAT,PWRGAS,2035,1,RE1,S21,RE1,0.0092
RE1,HYD,PWRHYD,2020,1,RE1,S21,RE1,12.7176
RE1,HYD,PWRHYD,2021,1,RE1,S21,RE1,13.1846
RE1,HYD,PWRHYD,2022,1,RE1,S21,RE1,13.5816
RE1,HYD,PWRHYD,2023,1,RE1,S21,RE1,14.1255
RE1,HYD,PWRHYD,2024,1,RE1,S21,RE1,12.7641
RE1,HYD,PWRHYD,2025,1,RE1,S21,RE1,12.7782
RE1,HYD,PWRHYD,2026,1,RE1,S21,RE1,12.7897
RE1,HYD,PWRHYD,2027,1,RE1,S21,RE1,12.8024
RE1,HYD,PWRHYD,2028,1,RE1,S21,RE1,12.8157
RE1,HYD,PWRHYD,2029,1,RE1,S21,RE1,12.8301
RE1,HYD,PWRHYD,2030,1,RE1,S21,RE1,12.8446
RE1,HYD,PWRHYD,2031,1,RE1,S21,RE1,12.8798
RE1,HYD,PWRHYD,2032,1,RE1,S21,RE1,12.9255
RE1,HYD,PWRHYD,2033,1,RE1,S21,RE1,12.9713
RE1,HYD,PWRHYD,2034,1,RE1,S21,RE1,13.0067
RE1,HYD,PWRHYD,2035,1,RE1,S21,RE1,13.0531
RE1,SOL,PWRSOL,2020,1,RE1,S21,RE1,2.714
RE1,SOL,PWRSOL,2021,1,RE1,S21,RE1,2.714
RE1,SOL,PWRSOL,2022,1,RE1,S21,RE1,2.714
RE1,SOL,PWRSOL,2023,1,RE1,S21,RE1,2.714
RE1,SOL,PWRSOL,2024,1,RE1,S21,RE1,2.714
RE1,SOL,PWRSOL,2025,1,RE1,S21,RE1,2.714
RE1,SOL,PWRSOL,2026,1,RE1,S21,RE1,2.714
RE1,SOL,PWRSOL,2027,1,RE1,S21,RE1,2.714
RE1,SOL,PWRSOL,2028,1,RE1,S21,RE1,2.714
RE1,SOL,PWRSOL,2029,1,RE1,S21,RE1,2.714
RE1,SOL,PWRSOL,2030,1,RE1,S21,RE1,2.714
RE1,SOL,PWRSOL,2031,1,RE1,S21,RE1,2.714
RE1,SOL,PWRSOL,2032,1,RE1,S21,RE1,2.714
RE1,SOL,PWRSOL,2033,1,RE1,S21,RE1,2.714
RE1,SOL,PWRSOL,2034,1,RE1,S21,RE1,2.714
RE1,SOL,PWRSOL,2035,1,RE1,S21,RE1,2.714
RE1,ELC001,PWRTRN,2020,1,RE1,S21,RE1,73.1207
RE1,ELC001,PWRTRN,2021,1,RE1,S21,RE1,78.7911
RE1,ELC001,PWRTRN,2022,1,RE1,S21,RE1,85.8436
RE1,ELC001,PWRTRN,2023,1,RE1,S21,RE1,93.3543
RE1,ELC001,PWRTRN,2024,1,RE1,S21,RE1,100.8515
RE1,ELC001,PWRTRN,2025,1,RE1,S21,RE1,108.8145
RE1,ELC001,PWRTRN,2026,1,RE1,S21,RE1,117.6816
RE1,ELC001,PWRTRN,2027,1,RE1,S21,RE1,126.5632
RE1,ELC001,PWRTRN,2028,1,RE1,S21,RE1,135.9124
RE1,ELC001,PWRTRN,2029,1,RE1,S21,RE1,146.1782
RE1,ELC001,PWRTRN,2030,1,RE1,S21,RE1,156.9083
RE1,ELC001,PWRTRN,2031,1,RE1,S21,RE1,168.0386
RE1,ELC001,PWRTRN,2032,1,RE1,S21,RE1,180.0961
RE1,ELC001,PWRTRN,2033,1,RE1,S21,RE1,192.6092
RE1,ELC001,PWRTRN,2034,1,RE1,S21,RE1,206.0554
RE1,ELC001,PWRTRN,2035,1,RE1,S21,RE1,219.9676
RE1,WND,PWRWND,2020,1,RE1,S21,RE1,5.7933
RE1,WND,PWRWND,2021,1,RE1,S21,RE1,5.7933
RE1,WND,PWRWND,2022,1,RE1,S21,RE1,5.7933
RE1,WND,PWRWND,2023,1,RE1,S21,RE1,10.368
RE1,WND,PWRWND,2024,1,RE1,S21,RE1,17.2861
RE1,WND,PWRWND,2025,1,RE1,S21,RE1,23.8892
RE1,WND,PWRWND,2026,1,RE1,S21,RE1,40.3663
RE1,WND,PWRWND,2027,1,RE1,S21,RE1,47.7307
RE1,WND,PWRWND,2028,1,RE1,S21,RE1,55.4827
RE1,WND,PWRWND,2029,1,RE1,S21,RE1,63.9941
RE1,WND,PWRWND,2030,1,RE1,S21,RE1,72.8901
RE1,WND,PWRWND,2031,1,RE1,S21,RE1,94.1408
RE1,WND,PWRWND,2032,1,RE1,S21,RE1,107.3
RE1,WND,PWRWND,2033,1,RE1,S21,RE1,137.3293
RE1,WND,PWRWND,2034,1,RE1,S21,RE1,146.6259
RE1,WND,PWRWND,2035,1,RE1,S21,RE1,156.4709
RE1,WTRRUN,RSCHYD,2020,1,RE1,S21,RE1,36.3361
RE1,WTRRUN,RSCHYD,2021,1,RE1,S21,RE1,37.6703
RE1,WTRRUN,RSCHYD,2022,1,RE1,S21,RE1,38.8045
RE1,WTRRUN,RSCHYD,2023,1,RE1,S21,RE1,40.3584
RE1,WTRRUN,RSCHYD,2024,1,RE1,S21,RE1,36.4687
RE1,WTRRUN,RSCHYD,2025,1,RE1,S21,RE1,36.509
RE1,WTRRUN,RSCHYD,2026,1,RE1,S21,RE1,36.5419
RE1,WTRRUN,RSCHYD,2027,1,RE1,S21,RE1,36.5781
RE1,WTRRUN,RSCHYD,2028,1,RE1,S21,RE1,36.6162
RE1,WTRRUN,RSCHYD,2029,1,RE1,S21,RE1,36.6573
RE1,WTRRUN,RSCHYD,2030,1,RE1,S21,RE1,36.6989
RE1,WTRRUN,RSCHYD,2031,1,RE1,S21,RE1,36.7993
RE1,WTRRUN,RSCHYD,2032,1,RE1,S21,RE1,36.9299
RE1,WTRRUN,RSCHYD,2033,1,RE1,S21,RE1,37.0609
RE1,WTRRUN,RSCHYD,2034,1,RE1,S21,RE1,37.1621
RE1,WTRRUN,RSCHYD,2035,1,RE1,S21,RE1,37.2945
RE1,ELC002,DEMAGRGWTWAT,2022,1,RE1,S22,RE1,0.0296
RE1,ELC002,DEMAGRGWTWAT,2023,1,RE1,S22,RE1,0.0624
RE1,ELC002,DEMAGRGWTWAT,2024,1,RE1,S22,RE1,0.0535
RE1,ELC002,DEMAGRGWTWAT,2025,1,RE1,S22,RE1,0.0446
RE1,ELC002,DEMAGRGWTWAT,2026,1,RE1,S22,RE1,0.0356
RE1,ELC002,DEMAGRGWTWAT,2027,1,RE1,S22,RE1,0.0267
RE1,ELC002,DEMAGRGWTWAT,2028,1,RE1,S22,RE1,0.0178
RE1,ELC002,DEMAGRGWTWAT,2029,1,RE1,S22,RE1,0.0089
RE1,WTRGWT,DEMAGRGWTWAT,2022,1,RE1,S22,RE1,0.0274
RE1,WTRGWT,DEMAGRGWTWAT,2023,1,RE1,S22,RE1,0.0578
RE1,WTRGWT,DEMAGRGWTWAT,2024,1,RE1,S22,RE1,0.0495
RE1,WTRGWT,DEMAGRGWTWAT,2025,1,RE1,S22,RE1,0.0412
RE1,WTRGWT,DEMAGRGWTWAT,2026,1,RE1,S22,RE1,0.033
RE1,WTRGWT,DEMAGRGWTWAT,2027,1,RE1,S22,RE1,0.0248
RE1,WTRGWT,DEMAGRGWTWAT,2028,1,RE1,S22,RE1,0.0165
RE1,WTRGWT,DEMAGRGWTWAT,2029,1,RE1,S22,RE1,0.0082
RE1,ELC002,DEMAGRSURWAT,2020,1,RE1,S22,RE1,0.0708
RE1,ELC002,DEMAGRSURWAT,2021,1,RE1,S22,RE1,0.103
RE1,ELC002,DEMAGRSURWAT,2022,1,RE1,S22,RE1,0.1135
RE1,ELC002,DEMAGRSURWAT,2023,1,RE1,S22,RE1,0.1214
RE1,ELC002,DEMAGRSURWAT,2024,1,RE1,S22,RE1,0.1627
RE1,ELC002,DEMAGRSURWAT,2025,1,RE1,S22,RE1,0.2055
RE1,ELC002,DEMAGRSURWAT,2026,1,RE1,S22,RE1,0.2469
RE1,ELC002,DEMAGRSURWAT,2027,1,RE1,S22,RE1,0.2884
RE1,ELC002,DEMAGRSURWAT,2028,1,RE1,S22,RE1,0.3314
RE1,ELC002,DEMAGRSURWAT,2029,1,RE1,S22,RE1,0.3746
RE1,ELC002,DEMAGRSURWAT,2030,1,RE1,S22,RE1,0.4178
RE1,ELC002,DEMAGRSURWAT,2031,1,RE1,S22,RE1,0.4283
RE1,ELC002,DEMAGRSURWAT,2032,1,RE1,S22,RE1,0.4389
RE1,ELC002,DEMAGRSURWAT,2033,1,RE1,S22,RE1,0.4495
RE1,ELC002,DEMAGRSURWAT,2034,1,RE1,S22,RE1,0.4601
RE1,ELC002,DEMAGRSURWAT,2035,1,RE1,S22,RE1,0.471
RE1,WTRSUR,DEMAGRSURWAT,2020,1,RE1,S22,RE1,0.0824
RE1,WTRSUR,DEMAGRSURWAT,2021,1,RE1,S22,RE1,0.1198
RE1,WTRSUR,DEMAGRSURWAT,2022,1,RE1,S22,RE1,0.132
RE1,WTRSUR,DEMAGRSURWAT,2023,1,RE1,S22,RE1,0.1412
RE1,WTRSUR,DEMAGRSURWAT,2024,1,RE1,S22,RE1,0.1892
RE1,WTRSUR,DEMAGRSURWAT,2025,1,RE1,S22,RE1,0.2389
RE1,WTRSUR,DEMAGRSURWAT,2026,1,RE1,S22,RE1,0.2871
RE1,WTRSUR,DEMAGRSURWAT,2027,1,RE1,S22,RE1,0.3353
RE1,WTRSUR,DEMAGRSURWAT,2028,1,RE1,S22,RE1,0.3854
RE1,WTRSUR,DEMAGRSURWAT,2029,1,RE1,S22,RE1,0.4356
RE1,WTRSUR,DEMAGRSURWAT,2030,1,RE1,S22,RE1,0.4859
RE1,WTRSUR,DEMAGRSURWAT,2031,1,RE1,S22,RE1,0.498
RE1,WTRSUR,DEMAGRSURWAT,2032,1,RE1,S22,RE1,0.5103
RE1,WTRSUR,DEMAGRSURWAT,2033,1,RE1,S22,RE1,0.5227
RE1,WTRSUR,DEMAGRSURWAT,2034,1,RE1,S22,RE1,0.535
RE1,WTRSUR,DEMAGRSURWAT,2035,1,RE1,S22,RE1,0.5476
RE1,ELC002,DEMPUBSURWAT,2020,1,RE1,S22,RE1,0.2026
RE1,ELC002,DEMPUBSURWAT,2021,1,RE1,S22,RE1,0.2169
RE1,ELC002,DEMPUBSURWAT,2022,1,RE1,S22,RE1,0.232
RE1,ELC002,DEMPUBSURWAT,2023,1,RE1,S22,RE1,0.2476
RE1,ELC002,DEMPUBSURWAT,2024,1,RE1,S22,RE1,0.2637
RE1,ELC002,DEMPUBSURWAT,2025,1,RE1,S22,RE1,0.2807
RE1,ELC002,DEMPUBSURWAT,2026,1,RE1,S22,RE1,0.2983
RE1,ELC002,DEMPUBSURWAT,2027,1,RE1,S22,RE1,0.3165
RE1,ELC002,DEMPUBSURWAT,2028,1,RE1,S22,RE1,0.3357
RE1,ELC002,DEMPUBSURWAT,2029,1,RE1,S22,RE1,0.3555
RE1,ELC002,DEMPUBSURWAT,2030,1,RE1,S22,RE1,0.3764
RE1,ELC002,DEMPUBSURWAT,2031,1,RE1,S22,RE1,0.3981
RE1,ELC002,DEMPUBSURWAT,2032,1,RE1,S22,RE1,0.4205
RE1,ELC002,DEMPUBSURWAT,2033,1,RE1,S22,RE1,0.4441
RE1,ELC002,DEMPUBSURWAT,2034,1,RE1,S22,RE1,0.4686
RE1,ELC002,DEMPUBSURWAT,2035,1,RE1,S22,RE1,0.4944
RE1,WTRSUR,DEMPUBSURWAT,2020,1,RE1,S22,RE1,0.0718
RE1,WTRSUR,DEMPUBSURWAT,2021,1,RE1,S22,RE1,0.0769
RE1,WTRSUR,DEMPUBSURWAT,2022,1,RE1,S22,RE1,0.0823
RE1,WTRSUR,DEMPUBSURWAT,2023,1,RE1,S22,RE1,0.0878
RE1,WTRSUR,DEMPUBSURWAT,2024,1,RE1,S22,RE1,0.0935
RE1,WTRSUR,DEMPUBSURWAT,2025,1,RE1,S22,RE1,0.0995
RE1,WTRSUR,DEMPUBSURWAT,2026,1,RE1,S22,RE1,0.1058
RE1,WTRSUR,DEMPUBSURWAT,2027,1,RE1,S22,RE1,0.1122
RE1,WTRSUR,DEMPUBSURWAT,2028,1,RE1,S22,RE1,0.119
RE1,WTRSUR,DEMPUBSURWAT,2029,1,RE1,S22,RE1,0.1261
RE1,WTRSUR,DEMPUBSURWAT,2030,1,RE1,S22,RE1,0.1335
RE1,WTRSUR,DEMPUBSURWAT,2031,1,RE1,S22,RE1,0.1412
RE1,WTRSUR,DEMPUBSURWAT,2032,1,RE1,S22,RE1,0.1491
RE1,WTRSUR,DEMPUBSURWAT,2033,1,RE1,S22,RE1,0.1575
RE1,WTRSUR,DEMPUBSURWAT,2034,1,RE1,S22,RE1,0.1662
RE1,WTRSUR,DEMPUBSURWAT,2035,1,RE1,S22,RE1,0.1753
RE1,ELC002,DEMPWRSURWAT,2020,1,RE1,S22,RE1,0.0166
RE1,ELC002,DEMPWRSURWAT,2021,1,RE1,S22,RE1,0.0182
RE1,ELC002,DEMPWRSURWAT,2022,1,RE1,S22,RE1,0.0139
RE1,ELC002,DEMPWRSURWAT,2023,1,RE1,S22,RE1,0.0133
RE1,ELC002,DEMPWRSURWAT,2024,1,RE1,S22,RE1,0.0125
RE1,ELC002,DEMPWRSURWAT,2025,1,RE1,S22,RE1,0.0116
RE1,ELC002,DEMPWRSURWAT,2026,1,RE1,S22,RE1,0.0063
RE1,ELC002,DEMPWRSURWAT,2027,1,RE1,S22,RE1,0.0054
RE1,ELC002,DEMPWRSURWAT,2028,1,RE1,S22,RE1,0.0044
RE1,ELC002,DEMPWRSURWAT,2029,1,RE1,S22,RE1,0.0038
RE1,ELC002,DEMPWRSURWAT,2030,1,RE1,S22,RE1,0.0036
RE1,WTRSUR,DEMPWRSURWAT,2020,1,RE1,S22,RE1,0.0059
RE1,WTRSUR,DEMPWRSURWAT,2021,1,RE1,S22,RE1,0.0065
RE1,WTRSUR,DEMPWRSURWAT,2022,1,RE1,S22,RE1,0.0049
RE1,WTRSUR,DEMPWRSURWAT,2023,1,RE1,S22,RE1,0.0047
RE1,WTRSUR,DEMPWRSURWAT,2024,1,RE1,S22,RE1,0.0044
RE1,WTRSUR,DEMPWRSURWAT,2025,1,RE1,S22,RE1,0.0041
RE1,WTRSUR,DEMPWRSURWAT,2026,1,RE1,S22,RE1,0.0022
RE1,WTRSUR,DEMPWRSURWAT,2027,1,RE1,S22,RE1,0.0019
RE1,WTRSUR,DEMPWRSURWAT,2028,1,RE1,S22,RE1,0.0016
RE1,WTRSUR,DEMPWRSURWAT,2029,1,RE1,S22,RE1,0.0013
RE1,WTRSUR,DEMPWRSURWAT,2030,1,RE1,S22,RE1,0.0013
RE1,CRPMAI,DEMTRABIO,2020,1,RE1,S22,RE1,0.1955
RE1,CRPMAI,DEMTRABIO,2021,1,RE1,S22,RE1,0.2014
RE1,CRPMAI,DEMTRABIO,2022,1,RE1,S22,RE1,0.2072
RE1,CRPMAI,DEMTRABIO,2023,1,RE1,S22,RE1,0.2131
RE1,CRPMAI,DEMTRABIO,2024,1,RE1,S22,RE1,0.219
RE1,CRPMAI,DEMTRABIO,2025,1,RE1,S22,RE1,0.2268
RE1,CRPMAI,DEMTRABIO,2026,1,RE1,S22,RE1,0.2326
RE1,CRPMAI,DEMTRABIO,2027,1,RE1,S22,RE1,0.2385
RE1,CRPMAI,DEMTRABIO,2028,1,RE1,S22,RE1,0.2463
RE1,CRPMAI,DEMTRABIO,2029,1,RE1,S22,RE1,0.2541
RE1,CRPMAI,DEMTRABIO,2030,1,RE1,S22,RE1,0.262
RE1,CRPMAI,DEMTRABIO,2031,1,RE1,S22,RE1,0.2698
RE1,CRPMAI,DEMTRABIO,2032,1,RE1,S22,RE1,0.2776
RE1,CRPMAI,DEMTRABIO,2033,1,RE1,S22,RE1,0.2854
RE1,CRPMAI,DEMTRABIO,2034,1,RE1,S22,RE1,0.2933
RE1,CRPMAI,DEMTRABIO,2035,1,RE1,S22,RE1,0.3011
RE1,LND,LNDBLT,2020,1,RE1,S22,RE1,2.475
RE1,LND,LNDBLT,2021,1,RE1,S22,RE1,2.508
RE1,LND,LNDBLT,2022,1,RE1,S22,RE1,2.5245
RE1,LND,LNDBLT,2023,1,RE1,S22,RE1,2.5575
RE1,LND,LNDBLT,2024,1,RE1,S22,RE1,2.574
RE1,LND,LNDBLT,2025,1,RE1,S22,RE1,2.607
RE1,LND,LNDBLT,2026,1,RE1,S22,RE1,2.6235
RE1,LND,LNDBLT,2027,1,RE1,S22,RE1,2.6565
RE1,LND,LNDBLT,2028,1,RE1,S22,RE1,2.673
RE1,LND,LNDBLT,2029,1,RE1,S22,RE1,2.706
RE1,LND,LNDBLT,2030,1,RE1,S22,RE1,2.739
RE1,LND,LNDBLT,2031,1,RE1,S22,RE1,2.7555
RE1,LND,LNDBLT,2032,1,RE1,S22,RE1,2.7885
RE1,LND,LNDBLT,2033,1,RE1,S22,RE1,2.8215
RE1,LND,LNDBLT,2034,1,RE1,S22,RE1,2.838
RE1,LND,LNDBLT,2035,1,RE1,S22,RE1,2.871
RE1,WTRPRC,LNDBLT,2020,1,RE1,S22,RE1,2.97
RE1,WTRPRC,LNDBLT,2021,1,RE1,S22,RE1,3.0096
RE1,WTRPRC,LNDBLT,2022,1,RE1,S22,RE1,3.0294
RE1,WTRPRC,LNDBLT,2023,1,RE1,S22,RE1,3.069
RE1,WTRPRC,LNDBLT,2024,1,RE1,S22,RE1,3.0888
RE1,WTRPRC,LNDBLT,2025,1,RE1,S22,RE1,3.1284
RE1,WTRPRC,LNDBLT,2026,1,RE1,S22,RE1,3.1482
RE1,WTRPRC,LNDBLT,2027,1,RE1,S22,RE1,3.1878
RE1,WTRPRC,LNDBLT,2028,1,RE1,S22,RE1,3.2076
RE1,WTRPRC,LNDBLT,2029,1,RE1,S22,RE1,3.2472
RE1,WTRPRC,LNDBLT,2030,1,RE1,S22,RE1,3.2868
RE1,WTRPRC,LNDBLT,2031,1,RE1,S22,RE1,3.3066
RE1,WTRPRC,LNDBLT,2032,1,RE1,S22,RE1,3.3462
RE1,WTRPRC,LNDBLT,2033,1,RE1,S22,RE1,3.3858
RE1,WTRPRC,LNDBLT,2034,1,RE1,S22,RE1,3.4056
RE1,WTRPRC,LNDBLT,2035,1,RE1,S22,RE1,3.4452
RE1,LND,LNDFOR,2020,1,RE1,S22,RE1,41.844
RE1,LND,LNDFOR,2021,1,RE1,S22,RE1,40.194
RE1,LND,LNDFOR,2022,1,RE1,S22,RE1,38.8121
RE1,LND,LNDFOR,2023,1,RE1,S22,RE1,36.894
RE1,LND,LNDFOR,2024,1,RE1,S22,RE1,41.7729
RE1,LND,LNDFOR,2025,1,RE1,S22,RE1,41.7433
RE1,LND,LNDFOR,2026,1,RE1,S22,RE1,41.7338
RE1,LND,LNDFOR,2027,1,RE1,S22,RE1,41.7075
RE1,LND,LNDFOR,2028,1,RE1,S22,RE1,41.6937
RE1,LND,LNDFOR,2029,1,RE1,S22,RE1,41.6632
RE1,LND,LNDFOR,2030,1,RE1,S22,RE1,41.6323
RE1,LND,LNDFOR,2031,1,RE1,S22,RE1,41.6323
RE1,LND,LNDFOR,2032,1,RE1,S22,RE1,41.6323
RE1,LND,LNDFOR,2033,1,RE1,S22,RE1,41.6323
RE1,LND,LNDFOR,2034,1,RE1,S22,RE1,41.6323
RE1,LND,LNDFOR,2035,1,RE1,S22,RE1,41.6323
RE1,WTRPRC,LNDFOR,2020,1,RE1,S22,RE1,50.2128
RE1,WTRPRC,LNDFOR,2021,1,RE1,S22,RE1,48.2328
RE1,WTRPRC,LNDFOR,2022,1,RE1,S22,RE1,46.5745
RE1,WTRPRC,LNDFOR,2023,1,RE1,S22,RE1,44.2728
RE1,WTRPRC,LNDFOR,2024,1,RE1,S22,RE1,50.1275
RE1,WTRPRC,LNDFOR,2025,1,RE1,S22,RE1,50.092
RE1,WTRPRC,LNDFOR,2026,1,RE1,S22,RE1,50.0806
RE1,WTRPRC,LNDFOR,2027,1,RE1,S22,RE1,50.0491
RE1,WTRPRC,LNDFOR,2028,1,RE1,S22,RE1,50.0324
RE1,WTRPRC,LNDFOR,2029,1,RE1,S22,RE1,49.9959
RE1,WTRPRC,LNDFOR,2030,1,RE1,S22,RE1,49.9588
RE1,WTRPRC,LNDFOR,2031,1,RE1,S22,RE1,49.9588
RE1,WTRPRC,LNDFOR,2032,1,RE1,S22,RE1,49.9588
RE1,WTRPRC,LNDFOR,2033,1,RE1,S22,RE1,49.9588
RE1,WTRPRC,LNDFOR,2034,1,RE1,S22,RE1,49.9588
RE1,WTRPRC,LNDFOR,2035,1,RE1,S22,RE1,49.9588
RE1,AGRDSL,LNDMAIIRR,2020,1,RE1,S22,RE1,0.0275
RE1,AGRDSL,LNDMAIIRR,2021,1,RE1,S22,RE1,0.0597
RE1,AGRDSL,LNDMAIIRR,2022,1,RE1,S22,RE1,0.092
RE1,AGRDSL,LNDMAIIRR,2023,1,RE1,S22,RE1,0.1242
RE1,AGRDSL,LNDMAIIRR,2024,1,RE1,S22,RE1,0.1566
RE1,AGRDSL,LNDMAIIRR,2025,1,RE1,S22,RE1,0.1909
RE1,AGRDSL,LNDMAIIRR,2026,1,RE1,S22,RE1,0.2232
RE1,AGRDSL,LNDMAIIRR,2027,1,RE1,S22,RE1,0.2558
RE1,AGRDSL,LNDMAIIRR,2028,1,RE1,S22,RE1,0.2902
RE1,AGRDSL,LNDMAIIRR,2029,1,RE1,S22,RE1,0.3247
RE1,AGRDSL,LNDMAIIRR,2030,1,RE1,S22,RE1,0.3593
RE1,AGRDSL,LNDMAIIRR,2031,1,RE1,S22,RE1,0.3693
RE1,AGRDSL,LNDMAIIRR,2032,1,RE1,S22,RE1,0.3793
RE1,AGRDSL,LNDMAIIRR,2033,1,RE1,S22,RE1,0.3893
RE1,AGRDSL,LNDMAIIRR,2034,1,RE1,S22,RE1,0.3993
RE1,AGRDSL,LNDMAIIRR,2035,1,RE1,S22,RE1,0.4095
RE1,AGRWAT,LNDMAIIRR,2020,1,RE1,S22,RE1,0.0168
RE1,AGRWAT,LNDMAIIRR,2021,1,RE1,S22,RE1,0.0365
RE1,AGRWAT,LNDMAIIRR,2022,1,RE1,S22,RE1,0.0563
RE1,AGRWAT,LNDMAIIRR,2023,1,RE1,S22,RE1,0.076
RE1,AGRWAT,LNDMAIIRR,2024,1,RE1,S22,RE1,0.0959
RE1,AGRWAT,LNDMAIIRR,2025,1,RE1,S22,RE1,0.1169
RE1,AGRWAT,LNDMAIIRR,2026,1,RE1,S22,RE1,0.1367
RE1,AGRWAT,LNDMAIIRR,2027,1,RE1,S22,RE1,0.1566
RE1,AGRWAT,LNDMAIIRR,2028,1,RE1,S22,RE1,0.1777
RE1,AGRWAT,LNDMAIIRR,2029,1,RE1,S22,RE1,0.1988
RE1,AGRWAT,LNDMAIIRR,2030,1,RE1,S22,RE1,0.22
RE1,AGRWAT,LNDMAIIRR,2031,1,RE1,S22,RE1,0.2261
RE1,AGRWAT,LNDMAIIRR,2032,1,RE1,S22,RE1,0.2322
RE1,AGRWAT,LNDMAIIRR,2033,1,RE1,S22,RE1,0.2384
RE1,AGRWAT,LNDMAIIRR,2034,1,RE1,S22,RE1,0.2445
RE1,AGRWAT,LNDMAIIRR,2035,1,RE1,S22,RE1,0.2507
RE1,LND,LNDMAIIRR,2020,1,RE1,S22,RE1,0.0561
RE1,LND,LNDMAIIRR,2021,1,RE1,S22,RE1,0.1218
RE1,LND,LNDMAIIRR,2022,1,RE1,S22,RE1,0.1878
RE1,LND,LNDMAIIRR,2023,1,RE1,S22,RE1,0.2535
RE1,LND,LNDMAIIRR,2024,1,RE1,S22,RE1,0.3195
RE1,LND,LNDMAIIRR,2025,1,RE1,S22,RE1,0.3895
RE1,LND,LNDMAIIRR,2026,1,RE1,S22,RE1,0.4555
RE1,LND,LNDMAIIRR,2027,1,RE1,S22,RE1,0.522
RE1,LND,LNDMAIIRR,2028,1,RE1,S22,RE1,0.5923
RE1,LND,LNDMAIIRR,2029,1,RE1,S22,RE1,0.6626
RE1,LND,LNDMAIIRR,2030,1,RE1,S22,RE1,0.7333
RE1,LND,LNDMAIIRR,2031,1,RE1,S22,RE1,0.7537
RE1,LND,LNDMAIIRR,2032,1,RE1,S22,RE1,0.7741
RE1,LND,LNDMAIIRR,2033,1,RE1,S22,RE1,0.7946
RE1,LND,LNDMAIIRR,2034,1,RE1,S22,RE1,0.815
RE1,LND,LNDMAIIRR,2035,1,RE1,S22,RE1,0.8357
RE1,WTRPRC,LNDMAIIRR,2020,1,RE1,S22,RE1,0.0673
RE1,WTRPRC,LNDMAIIRR,2021,1,RE1,S22,RE1,0.1461
RE1,WTRPRC,LNDMAIIRR,2022,1,RE1,S22,RE1,0.2254
RE1,WTRPRC,LNDMAIIRR,2023,1,RE1,S22,RE1,0.3042
RE1,WTRPRC,LNDMAIIRR,2024,1,RE1,S22,RE1,0.3834
RE1,WTRPRC,LNDMAIIRR,2025,1,RE1,S22,RE1,0.4674
RE1,WTRPRC,LNDMAIIRR,2026,1,RE1,S22,RE1,0.5467
RE1,WTRPRC,LNDMAIIRR,2027,1,RE1,S22,RE1,0.6264
RE1,WTRPRC,LNDMAIIRR,2028,1,RE1,S22,RE1,0.7108
RE1,WTRPRC,LNDMAIIRR,2029,1,RE1,S22,RE1,0.7952
RE1,WTRPRC,LNDMAIIRR,2030,1,RE1,S22,RE1,0.88
RE1,WTRPRC,LNDMAIIRR,2031,1,RE1,S22,RE1,0.9045
RE1,WTRPRC,LNDMAIIRR,2032,1,RE1,S22,RE1,0.929
RE1,WTRPRC,LNDMAIIRR,2033,1,RE1,S22,RE1,0.9535
RE1,WTRPRC,LNDMAIIRR,2034,1,RE1,S22,RE1,0.9779
RE1,WTRPRC,LNDMAIIRR,2035,1,RE1,S22,RE1,1.0029
RE1,AGRDSL,LNDMAIRNF,2020,1,RE1,S22,RE1,0.1989
RE1,AGRDSL,LNDMAIRNF,2021,1,RE1,S22,RE1,0.179
RE1,AGRDSL,LNDMAIRNF,2022,1,RE1,S22,RE1,0.1591
RE1,AGRDSL,LNDMAIRNF,2023,1,RE1,S22,RE1,0.1392
RE1,AGRDSL,LNDMAIRNF,2024,1,RE1,S22,RE1,0.1193
RE1,AGRDSL,LNDMAIRNF,2025,1,RE1,S22,RE1,0.0994
RE1,AGRDSL,LNDMAIRNF,2026,1,RE1,S22,RE1,0.0796
RE1,AGRDSL,LNDMAIRNF,2027,1,RE1,S22,RE1,0.0597
RE1,AGRDSL,LNDMAIRNF,2028,1,RE1,S22,RE1,0.0398
RE1,AGRDSL,LNDMAIRNF,2029,1,RE1,S22,RE1,0.0199
RE1,LND,LNDMAIRNF,2020,1,RE1,S22,RE1,0.6765
RE1,LND,LNDMAIRNF,2021,1,RE1,S22,RE1,0.6088
RE1,LND,LNDMAIRNF,2022,1,RE1,S22,RE1,0.5412
RE1,LND,LNDMAIRNF,2023,1,RE1,S22,RE1,0.4736
RE1,LND,LNDMAIRNF,2024,1,RE1,S22,RE1,0.4059
RE1,LND,LNDMAIRNF,2025,1,RE1,S22,RE1,0.3382
RE1,LND,LNDMAIRNF,2026,1,RE1,S22,RE1,0.2706
RE1,LND,LNDMAIRNF,2027,1,RE1,S22,RE1,0.203
RE1,LND,LNDMAIRNF,2028,1,RE1,S22,RE1,0.1353
RE1,LND,LNDMAIRNF,2029,1,RE1,S22,RE1,0.0676
RE1,WTRPRC,LNDMAIRNF,2020,1,RE1,S22,RE1,0.8118
RE1,WTRPRC,LNDMAIRNF,2021,1,RE1,S22,RE1,0.7306
RE1,WTRPRC,LNDMAIRNF,2022,1,RE1,S22,RE1,0.6494
RE1,WTRPRC,LNDMAIRNF,2023,1,RE1,S22,RE1,0.5683
RE1,WTRPRC,LNDMAIRNF,2024,1,RE1,S22,RE1,0.4871
RE1,WTRPRC,LNDMAIRNF,2025,1,RE1,S22,RE1,0.4059
RE1,WTRPRC,LNDMAIRNF,2026,1,RE1,S22,RE1,0.3247
RE1,WTRPRC,LNDMAIRNF,2027,1,RE1,S22,RE1,0.2435
RE1,WTRPRC,LNDMAIRNF,2028,1,RE1,S22,RE1,0.1624
RE1,WTRPRC,LNDMAIRNF,2029,1,RE1,S22,RE1,0.0812
RE1,AGRDSL,LNDRICIRR,2020,1,RE1,S22,RE1,0.0445
RE1,AGRDSL,LNDRICIRR,2021,1,RE1,S22,RE1,0.0515
RE1,AGRDSL,LNDRICIRR,2022,1,RE1,S22,RE1,0.0602
RE1,AGRDSL,LNDRICIRR,2023,1,RE1,S22,RE1,0.0688
RE1,AGRDSL,LNDRICIRR,2024,1,RE1,S22,RE1,0.0775
RE1,AGRDSL,LNDRICIRR,2025,1,RE1,S22,RE1,0.0863
RE1,AGRDSL,LNDRICIRR,2026,1,RE1,S22,RE1,0.0951
RE1,AGRDSL,LNDRICIRR,2027,1,RE1,S22,RE1,0.1039
RE1,AGRDSL,LNDRICIRR,2028,1,RE1,S22,RE1,0.1128
RE1,AGRDSL,LNDRICIRR,2029,1,RE1,S22,RE1,0.1218
RE1,AGRDSL,LNDRICIRR,2030,1,RE1,S22,RE1,0.1308
RE1,AGRDSL,LNDRICIRR,2031,1,RE1,S22,RE1,0.1334
RE1,AGRDSL,LNDRICIRR,2032,1,RE1,S22,RE1,0.1361
RE1,AGRDSL,LNDRICIRR,2033,1,RE1,S22,RE1,0.1388
RE1,AGRDSL,LNDRICIRR,2034,1,RE1,S22,RE1,0.1416
RE1,AGRDSL,LNDRICIRR,2035,1,RE1,S22,RE1,0.1444
RE1,AGRWAT,LNDRICIRR,2020,1,RE1,S22,RE1,0.0408
RE1,AGRWAT,LNDRICIRR,2021,1,RE1,S22,RE1,0.0473
RE1,AGRWAT,LNDRICIRR,2022,1,RE1,S22,RE1,0.0552
RE1,AGRWAT,LNDRICIRR,2023,1,RE1,S22,RE1,0.0632
RE1,AGRWAT,LNDRICIRR,2024,1,RE1,S22,RE1,0.0712
RE1,AGRWAT,LNDRICIRR,2025,1,RE1,S22,RE1,0.0793
RE1,AGRWAT,LNDRICIRR,2026,1,RE1,S22,RE1,0.0874
RE1,AGRWAT,LNDRICIRR,2027,1,RE1,S22,RE1,0.0954
RE1,AGRWAT,LNDRICIRR,2028,1,RE1,S22,RE1,0.1036
RE1,AGRWAT,LNDRICIRR,2029,1,RE1,S22,RE1,0.1119
RE1,AGRWAT,LNDRICIRR,2030,1,RE1,S22,RE1,0.1201
RE1,AGRWAT,LNDRICIRR,2031,1,RE1,S22,RE1,0.1225
RE1,AGRWAT,LNDRICIRR,2032,1,RE1,S22,RE1,0.125
RE1,AGRWAT,LNDRICIRR,2033,1,RE1,S22,RE1,0.1275
RE1,AGRWAT,LNDRICIRR,2034,1,RE1,S22,RE1,0.13
RE1,AGRWAT,LNDRICIRR,2035,1,RE1,S22,RE1,0.1326
RE1,LND,LNDRICIRR,2020,1,RE1,S22,RE1,0.0908
RE1,LND,LNDRICIRR,2021,1,RE1,S22,RE1,0.1052
RE1,LND,LNDRICIRR,2022,1,RE1,S22,RE1,0.1228
RE1,LND,LNDRICIRR,2023,1,RE1,S22,RE1,0.1404
RE1,LND,LNDRICIRR,2024,1,RE1,S22,RE1,0.1583
RE1,LND,LNDRICIRR,2025,1,RE1,S22,RE1,0.1762
RE1,LND,LNDRICIRR,2026,1,RE1,S22,RE1,0.1941
RE1,LND,LNDRICIRR,2027,1,RE1,S22,RE1,0.2121
RE1,LND,LNDRICIRR,2028,1,RE1,S22,RE1,0.2302
RE1,LND,LNDRICIRR,2029,1,RE1,S22,RE1,0.2486
RE1,LND,LNDRICIRR,2030,1,RE1,S22,RE1,0.2669
RE1,LND,LNDRICIRR,2031,1,RE1,S22,RE1,0.2722
RE1,LND,LNDRICIRR,2032,1,RE1,S22,RE1,0.2777
RE1,LND,LNDRICIRR,2033,1,RE1,S22,RE1,0.2833
RE1,LND,LNDRICIRR,2034,1,RE1,S22,RE1,0.2889
RE1,LND,LNDRICIRR,2035,1,RE1,S22,RE1,0.2947
RE1,WTRPRC,LNDRICIRR,2020,1,RE1,S22,RE1,0.1089
RE1,WTRPRC,LNDRICIRR,2021,1,RE1,S22,RE1,0.1262
RE1,WTRPRC,LNDRICIRR,2022,1,RE1,S22,RE1,0.1473
RE1,WTRPRC,LNDRICIRR,2023,1,RE1,S22,RE1,0.1685
RE1,WTRPRC,LNDRICIRR,2024,1,RE1,S22,RE1,0.1899
RE1,WTRPRC,LNDRICIRR,2025,1,RE1,S22,RE1,0.2114
RE1,WTRPRC,LNDRICIRR,2026,1,RE1,S22,RE1,0.233
RE1,WTRPRC,LNDRICIRR,2027,1,RE1,S22,RE1,0.2545
RE1,WTRPRC,LNDRICIRR,2028,1,RE1,S22,RE1,0.2763
RE1,WTRPRC,LNDRICIRR,2029,1,RE1,S22,RE1,0.2983
RE1,WTRPRC,LNDRICIRR,2030,1,RE1,S22,RE1,0.3203
RE1,WTRPRC,LNDRICIRR,2031,1,RE1,S22,RE1,0.3267
RE1,WTRPRC,LNDRICIRR,2032,1,RE1,S22,RE1,0.3332
RE1,WTRPRC,LNDRICIRR,2033,1,RE1,S22,RE1,0.34
RE1,WTRPRC,LNDRICIRR,2034,1,RE1,S22,RE1,0.3467
RE1,WTRPRC,LNDRICIRR,2035,1,RE1,S22,RE1,0.3537
RE1,AGRDSL,LNDRICRNF,2020,1,RE1,S22,RE1,0.0657
RE1,AGRDSL,LNDRICRNF,2021,1,RE1,S22,RE1,0.0621
RE1,AGRDSL,LNDRICRNF,2022,1,RE1,S22,RE1,0.0552
RE1,AGRDSL,LNDRICRNF,2023,1,RE1,S22,RE1,0.0483
RE1,AGRDSL,LNDRICRNF,2024,1,RE1,S22,RE1,0.0414
RE1,AGRDSL,LNDRICRNF,2025,1,RE1,S22,RE1,0.0345
RE1,AGRDSL,LNDRICRNF,2026,1,RE1,S22,RE1,0.0276
RE1,AGRDSL,LNDRICRNF,2027,1,RE1,S22,RE1,0.0207
RE1,AGRDSL,LNDRICRNF,2028,1,RE1,S22,RE1,0.0138
RE1,AGRDSL,LNDRICRNF,2029,1,RE1,S22,RE1,0.0069
RE1,LND,LNDRICRNF,2020,1,RE1,S22,RE1,0.2236
RE1,LND,LNDRICRNF,2021,1,RE1,S22,RE1,0.2114
RE1,LND,LNDRICRNF,2022,1,RE1,S22,RE1,0.1878
RE1,LND,LNDRICRNF,2023,1,RE1,S22,RE1,0.1643
RE1,LND,LNDRICRNF,2024,1,RE1,S22,RE1,0.1409
RE1,LND,LNDRICRNF,2025,1,RE1,S22,RE1,0.1173
RE1,LND,LNDRICRNF,2026,1,RE1,S22,RE1,0.0939
RE1,LND,LNDRICRNF,2027,1,RE1,S22,RE1,0.0705
RE1,LND,LNDRICRNF,2028,1,RE1,S22,RE1,0.047
RE1,LND,LNDRICRNF,2029,1,RE1,S22,RE1,0.0234
RE1,WTRPRC,LNDRICRNF,2020,1,RE1,S22,RE1,0.2683
RE1,WTRPRC,LNDRICRNF,2021,1,RE1,S22,RE1,0.2536
RE1,WTRPRC,LNDRICRNF,2022,1,RE1,S22,RE1,0.2253
RE1,WTRPRC,LNDRICRNF,2023,1,RE1,S22,RE1,0.1972
RE1,WTRPRC,LNDRICRNF,2024,1,RE1,S22,RE1,0.1691
RE1,WTRPRC,LNDRICRNF,2025,1,RE1,S22,RE1,0.1408
RE1,WTRPRC,LNDRICRNF,2026,1,RE1,S22,RE1,0.1127
RE1,WTRPRC,LNDRICRNF,2027,1,RE1,S22,RE1,0.0845
RE1,WTRPRC,LNDRICRNF,2028,1,RE1,S22,RE1,0.0564
RE1,WTRPRC,LNDRICRNF,2029,1,RE1,S22,RE1,0.0281
RE1,LND,LNDWAT,2020,1,RE1,S22,RE1,4.1341
RE1,LND,LNDWAT,2021,1,RE1,S22,RE1,5.7509
RE1,LND,LNDWAT,2022,1,RE1,S22,RE1,7.1239
RE1,LND,LNDWAT,2023,1,RE1,S22,RE1,9.0167
RE1,LND,LNDWAT,2024,1,RE1,S22,RE1,4.1285
RE1,LND,LNDWAT,2025,1,RE1,S22,RE1,4.1285
RE1,LND,LNDWAT,2026,1,RE1,S22,RE1,4.1285
RE1,LND,LNDWAT,2027,1,RE1,S22,RE1,4.1285
RE1,LND,LNDWAT,2028,1,RE1,S22,RE1,4.1285
RE1,LND,LNDWAT,2029,1,RE1,S22,RE1,4.1285
RE1,LND,LNDWAT,2030,1,RE1,S22,RE1,4.1285
RE1,LND,LNDWAT,2031,1,RE1,S22,RE1,4.0862
RE1,LND,LNDWAT,2032,1,RE1,S22,RE1,4.0274
RE1,LND,LNDWAT,2033,1,RE1,S22,RE1,3.9683
RE1,LND,LNDWAT,2034,1,RE1,S22,RE1,3.9258
RE1,LND,LNDWAT,2035,1,RE1,S22,RE1,3.8662
RE1,WTRPRC,LNDWAT,2020,1,RE1,S22,RE1,4.9609
RE1,WTRPRC,LNDWAT,2021,1,RE1,S22,RE1,6.9011
RE1,WTRPRC,LNDWAT,2022,1,RE1,S22,RE1,8.5486
RE1,WTRPRC,LNDWAT,2023,1,RE1,S22,RE1,10.82
RE1,WTRPRC,LNDWAT,2024,1,RE1,S22,RE1,4.9542
RE1,WTRPRC,LNDWAT,2025,1,RE1,S22,RE1,4.9542
RE1,WTRPRC,LNDWAT,2026,1,RE1,S22,RE1,4.9542
RE1,WTRPRC,LNDWAT,2027,1,RE1,S22,RE1,4.9542
RE1,WTRPRC,LNDWAT,2028,1,RE1,S22,RE1,4.9542
RE1,WTRPRC,LNDWAT,2029,1,RE1,S22,RE1,4.9542
RE1,WTRPRC,LNDWAT,2030,1,RE1,S22,RE1,4.9542
RE1,WTRPRC,LNDWAT,2031,1,RE1,S22,RE1,4.9035
RE1,WTRPRC,LNDWAT,2032,1,RE1,S22,RE1,4.8328
RE1,WTRPRC,LNDWAT,2033,1,RE1,S22,RE1,4.762
RE1,WTRPRC,LNDWAT,2034,1,RE1,S22,RE1,4.711
RE1,WTRPRC,LNDWAT,2035,1,RE1,S22,RE1,4.6395
RE1,ELC001,PWRBATIN,2033,2,RE1,S22,RE1,2.3079
RE1,ELC001,PWRBATIN,2034,2,RE1,S22,RE1,1.926
RE1,ELC001,PWRBATIN,2035,2,RE1,S22,RE1,1.6548
RE1,GAS,PWRGAS,2020,1,RE1,S22,RE1,42.7651
RE1,GAS,PWRGAS,2021,1,RE1,S22,RE1,46.9397
RE1,GAS,PWRGAS,2022,1,RE1,S22,RE1,35.8238
RE1,GAS,PWRGAS,2023,1,RE1,S22,RE1,34.2407
RE1,GAS,PWRGAS,2024,1,RE1,S22,RE1,32.1594
RE1,GAS,PWRGAS,2025,1,RE1,S22,RE1,30.034
RE1,GAS,PWRGAS,2026,1,RE1,S22,RE1,16.2711
RE1,GAS,PWRGAS,2027,1,RE1,S22,RE1,13.9022
RE1,GAS,PWRGAS,2028,1,RE1,S22,RE1,11.4082
RE1,GAS,PWRGAS,2029,1,RE1,S22,RE1,9.6787
RE1,GAS,PWRGAS,2030,1,RE1,S22,RE1,9.354
RE1,PWRWAT,PWRGAS,2020,1,RE1,S22,RE1,0.0047
RE1,PWRWAT,PWRGAS,2021,1,RE1,S22,RE1,0.0052
RE1,PWRWAT,PWRGAS,2022,1,RE1,S22,RE1,0.0039
RE1,PWRWAT,PWRGAS,2023,1,RE1,S22,RE1,0.0038
RE1,PWRWAT,PWRGAS,2024,1,RE1,S22,RE1,0.0035
RE1,PWRWAT,PWRGAS,2025,1,RE1,S22,RE1,0.0033
RE1,PWRWAT,PWRGAS,2026,1,RE1,S22,RE1,0.0018
RE1,PWRWAT,PWRGAS,2027,1,RE1,S22,RE1,0.0015
RE1,PWRWAT,PWRGAS,2028,1,RE1,S22,RE1,0.0013
RE1,PWRWAT,PWRGAS,2029,1,RE1,S22,RE1,0.0011
RE1,PWRWAT,PWRGAS,2030,1,RE1,S22,RE1,0.001
RE1,HYD,PWRHYD,2020,1,RE1,S22,RE1,6.3396
RE1,HYD,PWRHYD,2021,1,RE1,S22,RE1,6.5724
RE1,HYD,PWRHYD,2022,1,RE1,S22,RE1,6.7703
RE1,HYD,PWRHYD,2023,1,RE1,S22,RE1,7.0414
RE1,HYD,PWRHYD,2024,1,RE1,S22,RE1,6.3627
RE1,HYD,PWRHYD,2025,1,RE1,S22,RE1,6.3698
RE1,HYD,PWRHYD,2026,1,RE1,S22,RE1,6.3755
RE1,HYD,PWRHYD,2027,1,RE1,S22,RE1,6.3818
RE1,HYD,PWRHYD,2028,1,RE1,S22,RE1,6.3885
RE1,HYD,PWRHYD,2029,1,RE1,S22,RE1,6.3956
RE1,HYD,PWRHYD,2030,1,RE1,S22,RE1,6.4029
RE1,HYD,PWRHYD,2031,1,RE1,S22,RE1,6.4026
RE1,HYD,PWRHYD,2032,1,RE1,S22,RE1,6.4004
RE1,HYD,PWRHYD,2033,1,RE1,S22,RE1,6.3983
RE1,HYD,PWRHYD,2034,1,RE1,S22,RE1,6.398
RE1,HYD,PWRHYD,2035,1,RE1,S22,RE1,6.3959
RE1,ELC001,PWRTRN,2020,1,RE1,S22,RE1,30.9223
RE1,ELC001,PWRTRN,2021,1,RE1,S22,RE1,33.2424
RE1,ELC001,PWRTRN,2022,1,RE1,S22,RE1,36.1323
RE1,ELC001,PWRTRN,2023,1,RE1,S22,RE1,39.2163
RE1,ELC001,PWRTRN,2024,1,RE1,S22,RE1,42.2915
RE1,ELC001,PWRTRN,2025,1,RE1,S22,RE1,45.5582
RE1,ELC001,PWRTRN,2026,1,RE1,S22,RE1,49.1968
RE1,ELC001,PWRTRN,2027,1,RE1,S22,RE1,52.8411
RE1,ELC001,PWRTRN,2028,1,RE1,S22,RE1,56.6771
RE1,ELC001,PWRTRN,2029,1,RE1,S22,RE1,60.892
RE1,ELC001,PWRTRN,2030,1,RE1,S22,RE1,65.2976
RE1,ELC001,PWRTRN,2031,1,RE1,S22,RE1,69.8626
RE1,ELC001,PWRTRN,2032,1,RE1,S22,RE1,74.8105
RE1,ELC001,PWRTRN,2033,1,RE1,S22,RE1,79.9484
RE1,ELC001,PWRTRN,2034,1,RE1,S22,RE1,85.4652
RE1,ELC001,PWRTRN,2035,1,RE1,S22,RE1,91.1726
RE1,WND,PWRWND,2020,1,RE1,S22,RE1,3.2001
RE1,WND,PWRWND,2021,1,RE1,S22,RE1,3.2001
RE1,WND,PWRWND,2022,1,RE1,S22,RE1,3.2001
RE1,WND,PWRWND,2023,1,RE1,S22,RE1,5.7271
RE1,WND,PWRWND,2024,1,RE1,S22,RE1,9.5485
RE1,WND,PWRWND,2025,1,RE1,S22,RE1,13.1959
RE1,WND,PWRWND,2026,1,RE1,S22,RE1,22.2975
RE1,WND,PWRWND,2027,1,RE1,S22,RE1,26.3655
RE1,WND,PWRWND,2028,1,RE1,S22,RE1,30.6476
RE1,WND,PWRWND,2029,1,RE1,S22,RE1,35.3491
RE1,WND,PWRWND,2030,1,RE1,S22,RE1,40.2631
RE1,WND,PWRWND,2031,1,RE1,S22,RE1,52.0015
RE1,WND,PWRWND,2032,1,RE1,S22,RE1,59.2704
RE1,WND,PWRWND,2033,1,RE1,S22,RE1,75.858
RE1,WND,PWRWND,2034,1,RE1,S22,RE1,80.9933
RE1,WND,PWRWND,2035,1,RE1,S22,RE1,86.4314
RE1,WTRRUN,RSCHYD,2020,1,RE1,S22,RE1,18.1132
RE1,WTRRUN,RSCHYD,2021,1,RE1,S22,RE1,18.7783
RE1,WTRRUN,RSCHYD,2022,1,RE1,S22,RE1,19.3436
RE1,WTRRUN,RSCHYD,2023,1,RE1,S22,RE1,20.1183
RE1,WTRRUN,RSCHYD,2024,1,RE1,S22,RE1,18.1793
RE1,WTRRUN,RSCHYD,2025,1,RE1,S22,RE1,18.1994
RE1,WTRRUN,RSCHYD,2026,1,RE1,S22,RE1,18.2158
RE1,WTRRUN,RSCHYD,2027,1,RE1,S22,RE1,18.2338
RE1,WTRRUN,RSCHYD,2028,1,RE1,S22,RE1,18.2528
RE1,WTRRUN,RSCHYD,2029,1,RE1,S22,RE1,18.2733
RE1,WTRRUN,RSCHYD,2030,1,RE1,S22,RE1,18.294
RE1,WTRRUN,RSCHYD,2031,1,RE1,S22,RE1,18.293
RE1,WTRRUN,RSCHYD,2032,1,RE1,S22,RE1,18.287
RE1,WTRRUN,RSCHYD,2033,1,RE1,S22,RE1,18.2809
RE1,WTRRUN,RSCHYD,2034,1,RE1,S22,RE1,18.28
RE1,WTRRUN,RSCHYD,2035,1,RE1,S22,RE1,18.274
