r,l,t,m,y,RateOfActivity
RE1,S11,MINCOA,1,2020,316.4439
RE1,S12,MINCOA,1,2020,324.3103
RE1,S21,MINCOA,1,2020,324.3103
RE1,S22,MINCOA,1,2020,324.3103
RE1,S11,MINCOA,1,2021,378.432
RE1,S12,MINCOA,1,2021,378.432
RE1,S21,MINCOA,1,2021,255.6192
RE1,S22,MINCOA,1,2021,280.7728
RE1,S11,MINCOA,1,2022,378.432
RE1,S12,MINCOA,1,2022,378.432
RE1,S21,MINCOA,1,2022,229.4078
RE1,S22,MINCOA,1,2022,333.3544
RE1,S11,MINCOA,1,2023,378.432
RE1,S12,MINCOA,1,2023,378.432
RE1,S21,MINCOA,1,2023,206.9371
RE1,S22,MINCOA,1,2023,378.432
RE1,S11,MINCOA,1,2024,378.432
RE1,S12,MINCOA,1,2024,378.432
RE1,S21,MINCOA,1,2024,206.9371
RE1,S22,MINCOA,1,2024,378.432
RE1,S11,MINCOA,1,2025,371.9801
RE1,S12,MINCOA,1,2025,378.432
RE1,S21,MINCOA,1,2025,213.4865
RE1,S22,MINCOA,1,2025,378.432
RE1,S11,MINCOA,1,2026,209.4891
RE1,S12,MINCOA,1,2026,378.432
RE1,S21,MINCOA,1,2026,378.432
RE1,S22,MINCOA,1,2026,378.432
RE1,S11,MINCOA,1,2027,209.4891
RE1,S12,MINCOA,1,2027,378.432
RE1,S21,MINCOA,1,2027,378.432
RE1,S22,MINCOA,1,2027,378.432
RE1,S11,MINCOA,1,2028,209.4891
RE1,S12,MINCOA,1,2028,378.432
RE1,S21,MINCOA,1,2028,378.432
RE1,S22,MINCOA,1,2028,378.432
RE1,S11,MINCOA,1,2029,209.4891
RE1,S12,MINCOA,1,2029,378.432
RE1,S21,MINCOA,1,2029,378.432
RE1,S22,MINCOA,1,2029,378.432
RE1,S11,MINCOA,1,2030,104.7446
RE1,S12,MINCOA,1,2030,189.216
RE1,S21,MINCOA,1,2030,189.216
RE1,S22,MINCOA,1,2030,189.216
RE1,S11,MINCOA,1,2031,189.216
RE1,S12,MINCOA,1,2031,189.216
RE1,S21,MINCOA,1,2031,189.216
RE1,S22,MINCOA,1,2031,17.2015
RE1,S11,MINCOA,1,2032,104.7446
RE1,S12,MINCOA,1,2032,189.216
RE1,S21,MINCOA,1,2032,189.216
RE1,S22,MINCOA,1,2032,189.216
RE1,S11,MINCOA,1,2033,104.7446
RE1,S12,MINCOA,1,2033,189.216
RE1,S21,MINCOA,1,2033,189.216
RE1,S22,MINCOA,1,2033,189.216
RE1,S11,MINCOA,1,2034,104.7446
RE1,S12,MINCOA,1,2034,189.216
RE1,S21,MINCOA,1,2034,189.216
RE1,S22,MINCOA,1,2034,189.216
RE1,S11,MINCOA,1,2035,104.7446
RE1,S12,MINCOA,1,2035,189.216
RE1,S21,MINCOA,1,2035,189.216
RE1,S22,MINCOA,1,2035,189.216
RE1,S12,MINGAS,1,2020,2.9447
RE1,S21,MINGAS,1,2020,108.1192
RE1,S22,MINGAS,1,2020,19.9947
RE1,S11,MINGAS,1,2021,33.4682
RE1,S21,MINGAS,1,2021,169.0936
RE1,S11,MINGAS,1,2022,67.3683
RE1,S12,MINGAS,1,2022,18.728
RE1,S21,MINGAS,1,2022,229.1329
RE1,S11,MINGAS,1,2023,98.1048
RE1,S12,MINGAS,1,2023,49.3984
RE1,S21,MINGAS,1,2023,289.4564
RE1,S22,MINGAS,1,2023,7.3007
RE1,S11,MINGAS,1,2024,128.7592
RE1,S12,MINGAS,1,2024,79.9673
RE1,S21,MINGAS,1,2024,334.7265
RE1,S22,MINGAS,1,2024,44.5503
RE1,S11,MINGAS,1,2025,165.6138
RE1,S12,MINGAS,1,2025,112.4366
RE1,S21,MINGAS,1,2025,378.432
RE1,S22,MINGAS,1,2025,84.1065
RE1,S11,MINGAS,1,2026,315.36
RE1,S12,MINGAS,1,2026,158.1704
RE1,S21,MINGAS,1,2026,315.36
RE1,S22,MINGAS,1,2026,121.4759
RE1,S11,MINGAS,1,2027,318.336
RE1,S12,MINGAS,1,2027,307.5276
RE1,S21,MINGAS,1,2027,353.2587
RE1,S22,MINGAS,1,2027,149.7923
RE1,S11,MINGAS,1,2028,406.8919
RE1,S12,MINGAS,1,2028,253.2563
RE1,S21,MINGAS,1,2028,406.8919
RE1,S22,MINGAS,1,2028,193.4191
RE1,S11,MINGAS,1,2029,465.7787
RE1,S12,MINGAS,1,2029,270.3279
RE1,S21,MINGAS,1,2029,465.7787
RE1,S22,MINGAS,1,2029,241.348
RE1,S11,MINGAS,1,2030,582.643
RE1,S12,MINGAS,1,2030,443.0943
RE1,S21,MINGAS,1,2030,653.35
RE1,S22,MINGAS,1,2030,417.4592
RE1,S11,MINGAS,1,2031,513.3789
RE1,S12,MINGAS,1,2031,615.3436
RE1,S21,MINGAS,1,2031,717.2229
RE1,S22,MINGAS,1,2031,584.0342
RE1,S11,MINGAS,1,2032,680.7208
RE1,S12,MINGAS,1,2032,551.6674
RE1,S21,MINGAS,1,2032,786.3742
RE1,S22,MINGAS,1,2032,525.6118
RE1,S11,MINGAS,1,2033,733.5658
RE1,S12,MINGAS,1,2033,609.9276
RE1,S21,MINGAS,1,2033,858.0686
RE1,S22,MINGAS,1,2033,584.1921
RE1,S11,MINGAS,1,2034,790.3068
RE1,S12,MINGAS,1,2034,672.5841
RE1,S21,MINGAS,1,2034,935.057
RE1,S22,MINGAS,1,2034,647.0145
RE1,S11,MINGAS,1,2035,849.0019
RE1,S12,MINGAS,1,2035,737.3331
RE1,S21,MINGAS,1,2035,1014.6962
RE1,S22,MINGAS,1,2035,712.0649
RE1,S12,PWRGAS,1,2020,1.4724
RE1,S21,PWRGAS,1,2020,54.0596
RE1,S22,PWRGAS,1,2020,9.9973
RE1,S11,PWRGAS,1,2021,16.7341
RE1,S21,PWRGAS,1,2021,84.5468
RE1,S11,PWRGAS,1,2022,33.6842
RE1,S12,PWRGAS,1,2022,9.364
RE1,S21,PWRGAS,1,2022,114.5665
RE1,S11,PWRGAS,1,2023,49.0524
RE1,S12,PWRGAS,1,2023,24.6992
RE1,S21,PWRGAS,1,2023,144.7282
RE1,S22,PWRGAS,1,2023,3.6504
RE1,S11,PWRGAS,1,2024,64.3796
RE1,S12,PWRGAS,1,2024,39.9837
RE1,S21,PWRGAS,1,2024,167.3633
RE1,S22,PWRGAS,1,2024,22.2751
RE1,S11,PWRGAS,1,2025,82.8069
RE1,S12,PWRGAS,1,2025,56.2183
RE1,S21,PWRGAS,1,2025,189.216
RE1,S22,PWRGAS,1,2025,42.0533
RE1,S11,PWRGAS,1,2026,157.68
RE1,S12,PWRGAS,1,2026,79.0852
RE1,S21,PWRGAS,1,2026,157.68
RE1,S22,PWRGAS,1,2026,60.7379
RE1,S11,PWRGAS,1,2027,159.168
RE1,S12,PWRGAS,1,2027,153.7638
RE1,S21,PWRGAS,1,2027,176.6294
RE1,S22,PWRGAS,1,2027,74.8962
RE1,S11,PWRGAS,1,2028,203.4459
RE1,S12,PWRGAS,1,2028,126.6282
RE1,S21,PWRGAS,1,2028,203.4459
RE1,S22,PWRGAS,1,2028,96.7096
RE1,S11,PWRGAS,1,2029,232.8894
RE1,S12,PWRGAS,1,2029,135.1639
RE1,S21,PWRGAS,1,2029,232.8894
RE1,S22,PWRGAS,1,2029,120.674
RE1,S11,PWRGAS,1,2030,291.3215
RE1,S12,PWRGAS,1,2030,221.5472
RE1,S21,PWRGAS,1,2030,326.675
RE1,S22,PWRGAS,1,2030,208.7296
RE1,S11,PWRGAS,1,2031,256.6894
RE1,S12,PWRGAS,1,2031,307.6718
RE1,S21,PWRGAS,1,2031,358.6114
RE1,S22,PWRGAS,1,2031,292.0171
RE1,S11,PWRGAS,1,2032,340.3604
RE1,S12,PWRGAS,1,2032,275.8337
RE1,S21,PWRGAS,1,2032,393.1871
RE1,S22,PWRGAS,1,2032,262.8059
RE1,S11,PWRGAS,1,2033,366.7829
RE1,S12,PWRGAS,1,2033,304.9638
RE1,S21,PWRGAS,1,2033,429.0343
RE1,S22,PWRGAS,1,2033,292.096
RE1,S11,PWRGAS,1,2034,395.1534
RE1,S12,PWRGAS,1,2034,336.2921
RE1,S21,PWRGAS,1,2034,467.5285
RE1,S22,PWRGAS,1,2034,323.5072
RE1,S11,PWRGAS,1,2035,424.501
RE1,S12,PWRGAS,1,2035,368.6666
RE1,S21,PWRGAS,1,2035,507.3481
RE1,S22,PWRGAS,1,2035,356.0324
RE1,S11,PWRCOA,1,2020,105.4813
RE1,S12,PWRCOA,1,2020,108.1034
RE1,S21,PWRCOA,1,2020,108.1034
RE1,S22,PWRCOA,1,2020,108.1034
RE1,S11,PWRCOA,1,2021,126.144
RE1,S12,PWRCOA,1,2021,126.144
RE1,S21,PWRCOA,1,2021,85.2064
RE1,S22,PWRCOA,1,2021,93.5909
RE1,S11,PWRCOA,1,2022,126.144
RE1,S12,PWRCOA,1,2022,126.144
RE1,S21,PWRCOA,1,2022,76.4693
RE1,S22,PWRCOA,1,2022,111.1182
RE1,S11,PWRCOA,1,2023,126.144
RE1,S12,PWRCOA,1,2023,126.144
RE1,S21,PWRCOA,1,2023,68.979
RE1,S22,PWRCOA,1,2023,126.144
RE1,S11,PWRCOA,1,2024,126.144
RE1,S12,PWRCOA,1,2024,126.144
RE1,S21,PWRCOA,1,2024,68.979
RE1,S22,PWRCOA,1,2024,126.144
RE1,S11,PWRCOA,1,2025,123.9934
RE1,S12,PWRCOA,1,2025,126.144
RE1,S21,PWRCOA,1,2025,71.1622
RE1,S22,PWRCOA,1,2025,126.144
RE1,S11,PWRCOA,1,2026,69.8297
RE1,S12,PWRCOA,1,2026,126.144
RE1,S21,PWRCOA,1,2026,126.144
RE1,S22,PWRCOA,1,2026,126.144
RE1,S11,PWRCOA,1,2027,69.8297
RE1,S12,PWRCOA,1,2027,126.144
RE1,S21,PWRCOA,1,2027,126.144
RE1,S22,PWRCOA,1,2027,126.144
RE1,S11,PWRCOA,1,2028,69.8297
RE1,S12,PWRCOA,1,2028,126.144
RE1,S21,PWRCOA,1,2028,126.144
RE1,S22,PWRCOA,1,2028,126.144
RE1,S11,PWRCOA,1,2029,69.8297
RE1,S12,PWRCOA,1,2029,126.144
RE1,S21,PWRCOA,1,2029,126.144
RE1,S22,PWRCOA,1,2029,126.144
RE1,S11,PWRCOA,1,2030,34.9149
RE1,S12,PWRCOA,1,2030,63.072
RE1,S21,PWRCOA,1,2030,63.072
RE1,S22,PWRCOA,1,2030,63.072
RE1,S11,PWRCOA,1,2031,63.072
RE1,S12,PWRCOA,1,2031,63.072
RE1,S21,PWRCOA,1,2031,63.072
RE1,S22,PWRCOA,1,2031,5.7338
RE1,S11,PWRCOA,1,2032,34.9149
RE1,S12,PWRCOA,1,2032,63.072
RE1,S21,PWRCOA,1,2032,63.072
RE1,S22,PWRCOA,1,2032,63.072
RE1,S11,PWRCOA,1,2033,34.9149
RE1,S12,PWRCOA,1,2033,63.072
RE1,S21,PWRCOA,1,2033,63.072
RE1,S22,PWRCOA,1,2033,63.072
RE1,S11,PWRCOA,1,2034,34.9149
RE1,S12,PWRCOA,1,2034,63.072
RE1,S21,PWRCOA,1,2034,63.072
RE1,S22,PWRCOA,1,2034,63.072
RE1,S11,PWRCOA,1,2035,34.9149
RE1,S12,PWRCOA,1,2035,63.072
RE1,S21,PWRCOA,1,2035,63.072
RE1,S22,PWRCOA,1,2035,63.072
RE1,S11,PWRTRN,1,2020,141.9806
RE1,S12,PWRTRN,1,2020,152.6224
RE1,S21,PWRTRN,1,2020,220.923
RE1,S22,PWRTRN,1,2020,187.4146
RE1,S11,PWRTRN,1,2021,153.6282
RE1,S12,PWRTRN,1,2021,164.1642
RE1,S21,PWRTRN,1,2021,238.0436
RE1,S22,PWRTRN,1,2021,201.4416
RE1,S11,PWRTRN,1,2022,168.0651
RE1,S12,PWRTRN,1,2022,178.5546
RE1,S21,PWRTRN,1,2022,259.3604
RE1,S22,PWRTRN,1,2022,219.0032
RE1,S11,PWRTRN,1,2023,183.4333
RE1,S12,PWRTRN,1,2023,193.8898
RE1,S21,PWRTRN,1,2023,282.069
RE1,S22,PWRTRN,1,2023,237.7165
RE1,S11,PWRTRN,1,2024,198.7605
RE1,S12,PWRTRN,1,2024,209.1743
RE1,S21,PWRTRN,1,2024,304.7387
RE1,S22,PWRTRN,1,2024,256.3759
RE1,S11,PWRTRN,1,2025,215.0372
RE1,S12,PWRTRN,1,2025,225.4089
RE1,S21,PWRTRN,1,2025,328.8172
RE1,S22,PWRTRN,1,2025,276.1966
RE1,S11,PWRTRN,1,2026,233.1533
RE1,S12,PWRTRN,1,2026,243.5099
RE1,S21,PWRTRN,1,2026,355.6621
RE1,S22,PWRTRN,1,2026,298.3006
RE1,S11,PWRTRN,1,2027,251.277
RE1,S12,PWRTRN,1,2027,261.6614
RE1,S21,PWRTRN,1,2027,382.511
RE1,S22,PWRTRN,1,2027,320.4057
RE1,S11,PWRTRN,1,2028,270.3916
RE1,S12,PWRTRN,1,2028,280.6764
RE1,S21,PWRTRN,1,2028,410.7794
RE1,S22,PWRTRN,1,2028,343.6794
RE1,S11,PWRTRN,1,2029,291.3477
RE1,S12,PWRTRN,1,2029,301.5932
RE1,S21,PWRTRN,1,2029,441.8192
RE1,S22,PWRTRN,1,2029,369.2495
RE1,S11,PWRTRN,1,2030,313.2375
RE1,S12,PWRTRN,1,2030,323.4543
RE1,S21,PWRTRN,1,2030,474.253
RE1,S22,PWRTRN,1,2030,395.9628
RE1,S11,PWRTRN,1,2031,335.8895
RE1,S12,PWRTRN,1,2031,346.1579
RE1,S21,PWRTRN,1,2031,507.9341
RE1,S22,PWRTRN,1,2031,423.6673
RE1,S11,PWRTRN,1,2032,360.4448
RE1,S12,PWRTRN,1,2032,370.6322
RE1,S21,PWRTRN,1,2032,544.3914
RE1,S22,PWRTRN,1,2032,453.6873
RE1,S11,PWRTRN,1,2033,385.9239
RE1,S12,PWRTRN,1,2033,396.1005
RE1,S21,PWRTRN,1,2033,582.2528
RE1,S22,PWRTRN,1,2033,484.8516
RE1,S11,PWRTRN,1,2034,413.2677
RE1,S12,PWRTRN,1,2034,423.4441
RE1,S21,PWRTRN,1,2034,622.895
RE1,S22,PWRTRN,1,2034,518.3141
RE1,S11,PWRTRN,1,2035,441.5625
RE1,S12,PWRTRN,1,2035,451.7328
RE1,S21,PWRTRN,1,2035,664.9474
RE1,S22,PWRTRN,1,2035,552.9321
RE1,S11,RSCLND,1,2020,300.0
RE1,S12,RSCLND,1,2020,300.0
RE1,S21,RSCLND,1,2020,300.0
RE1,S22,RSCLND,1,2020,300.0
RE1,S11,RSCLND,1,2021,300.0
RE1,S12,RSCLND,1,2021,300.0
RE1,S21,RSCLND,1,2021,300.0
RE1,S22,RSCLND,1,2021,300.0
RE1,S11,RSCLND,1,2022,300.0
RE1,S12,RSCLND,1,2022,300.0
RE1,S21,RSCLND,1,2022,300.0
RE1,S22,RSCLND,1,2022,300.0
RE1,S11,RSCLND,1,2023,300.0
RE1,S12,RSCLND,1,2023,300.0
RE1,S21,RSCLND,1,2023,300.0
RE1,S22,RSCLND,1,2023,300.0
RE1,S11,RSCLND,1,2024,300.0
RE1,S12,RSCLND,1,2024,300.0
RE1,S21,RSCLND,1,2024,300.0
RE1,S22,RSCLND,1,2024,300.0
RE1,S11,RSCLND,1,2025,300.0
RE1,S12,RSCLND,1,2025,300.0
RE1,S21,RSCLND,1,2025,300.0
RE1,S22,RSCLND,1,2025,300.0
RE1,S11,RSCLND,1,2026,300.0
RE1,S12,RSCLND,1,2026,300.0
RE1,S21,RSCLND,1,2026,300.0
RE1,S22,RSCLND,1,2026,300.0
RE1,S11,RSCLND,1,2027,300.0
RE1,S12,RSCLND,1,2027,300.0
RE1,S21,RSCLND,1,2027,300.0
RE1,S22,RSCLND,1,2027,300.0
RE1,S11,RSCLND,1,2028,300.0
RE1,S12,RSCLND,1,2028,300.0
RE1,S21,RSCLND,1,2028,300.0
RE1,S22,RSCLND,1,2028,300.0
RE1,S11,RSCLND,1,2029,300.0
RE1,S12,RSCLND,1,2029,300.0
RE1,S21,RSCLND,1,2029,300.0
RE1,S22,RSCLND,1,2029,300.0
RE1,S11,RSCLND,1,2030,300.0
RE1,S12,RSCLND,1,2030,299.4048
RE1,S21,RSCLND,1,2030,300.0
RE1,S22,RSCLND,1,2030,300.0
RE1,S11,RSCLND,1,2031,300.0
RE1,S12,RSCLND,1,2031,299.4048
RE1,S21,RSCLND,1,2031,300.0
RE1,S22,RSCLND,1,2031,300.0
RE1,S11,RSCLND,1,2032,300.0
RE1,S12,RSCLND,1,2032,300.0
RE1,S21,RSCLND,1,2032,300.0
RE1,S22,RSCLND,1,2032,300.0
RE1,S11,RSCLND,1,2033,300.0
RE1,S12,RSCLND,1,2033,300.0
RE1,S21,RSCLND,1,2033,300.0
RE1,S22,RSCLND,1,2033,300.0
RE1,S11,RSCLND,1,2034,300.0
RE1,S12,RSCLND,1,2034,300.0
RE1,S21,RSCLND,1,2034,300.0
RE1,S22,RSCLND,1,2034,300.0
RE1,S11,RSCLND,1,2035,300.0
RE1,S12,RSCLND,1,2035,300.0
RE1,S21,RSCLND,1,2035,300.0
RE1,S22,RSCLND,1,2035,300.0
RE1,S11,LNDMAIRNF,1,2020,4.1
RE1,S12,LNDMAIRNF,1,2020,4.1
RE1,S21,LNDMAIRNF,1,2020,4.1
RE1,S22,LNDMAIRNF,1,2020,4.1
RE1,S11,LNDMAIRNF,1,2021,3.69
RE1,S12,LNDMAIRNF,1,2021,3.69
RE1,S21,LNDMAIRNF,1,2021,3.69
RE1,S22,LNDMAIRNF,1,2021,3.69
RE1,S11,LNDMAIRNF,1,2022,3.28
RE1,S12,LNDMAIRNF,1,2022,3.28
RE1,S21,LNDMAIRNF,1,2022,3.28
RE1,S22,LNDMAIRNF,1,2022,3.28
RE1,S11,LNDMAIRNF,1,2023,2.87
RE1,S12,LNDMAIRNF,1,2023,2.87
RE1,S21,LNDMAIRNF,1,2023,2.87
RE1,S22,LNDMAIRNF,1,2023,2.87
RE1,S11,LNDMAIRNF,1,2024,2.46
RE1,S12,LNDMAIRNF,1,2024,2.46
RE1,S21,LNDMAIRNF,1,2024,2.46
RE1,S22,LNDMAIRNF,1,2024,2.46
RE1,S11,LNDMAIRNF,1,2025,2.05
RE1,S12,LNDMAIRNF,1,2025,2.05
RE1,S21,LNDMAIRNF,1,2025,2.05
RE1,S22,LNDMAIRNF,1,2025,2.05
RE1,S11,LNDMAIRNF,1,2026,1.64
RE1,S12,LNDMAIRNF,1,2026,1.64
RE1,S21,LNDMAIRNF,1,2026,1.64
RE1,S22,LNDMAIRNF,1,2026,1.64
RE1,S11,LNDMAIRNF,1,2027,1.23
RE1,S12,LNDMAIRNF,1,2027,1.23
RE1,S21,LNDMAIRNF,1,2027,1.23
RE1,S22,LNDMAIRNF,1,2027,1.23
RE1,S11,LNDMAIRNF,1,2028,0.82
RE1,S12,LNDMAIRNF,1,2028,0.82
RE1,S21,LNDMAIRNF,1,2028,0.82
RE1,S22,LNDMAIRNF,1,2028,0.82
RE1,S11,LNDMAIRNF,1,2029,0.41
RE1,S12,LNDMAIRNF,1,2029,0.41
RE1,S21,LNDMAIRNF,1,2029,0.41
RE1,S22,LNDMAIRNF,1,2029,0.41
RE1,S11,LNDRICRNF,1,2020,1.423
RE1,S12,LNDRICRNF,1,2020,1.423
RE1,S21,LNDRICRNF,1,2020,1.355
RE1,S22,LNDRICRNF,1,2020,1.355
RE1,S11,LNDRICRNF,1,2021,1.281
RE1,S12,LNDRICRNF,1,2021,1.281
RE1,S21,LNDRICRNF,1,2021,1.281
RE1,S22,LNDRICRNF,1,2021,1.281
RE1,S11,LNDRICRNF,1,2022,1.138
RE1,S12,LNDRICRNF,1,2022,1.138
RE1,S21,LNDRICRNF,1,2022,1.138
RE1,S22,LNDRICRNF,1,2022,1.138
RE1,S11,LNDRICRNF,1,2023,0.996
RE1,S12,LNDRICRNF,1,2023,0.996
RE1,S21,LNDRICRNF,1,2023,0.996
RE1,S22,LNDRICRNF,1,2023,0.996
RE1,S11,LNDRICRNF,1,2024,0.854
RE1,S12,LNDRICRNF,1,2024,0.854
RE1,S21,LNDRICRNF,1,2024,0.854
RE1,S22,LNDRICRNF,1,2024,0.854
RE1,S11,LNDRICRNF,1,2025,0.711
RE1,S12,LNDRICRNF,1,2025,0.711
RE1,S21,LNDRICRNF,1,2025,0.711
RE1,S22,LNDRICRNF,1,2025,0.711
RE1,S11,LNDRICRNF,1,2026,0.569
RE1,S12,LNDRICRNF,1,2026,0.569
RE1,S21,LNDRICRNF,1,2026,0.569
RE1,S22,LNDRICRNF,1,2026,0.569
RE1,S11,LNDRICRNF,1,2027,0.427
RE1,S12,LNDRICRNF,1,2027,0.427
RE1,S21,LNDRICRNF,1,2027,0.427
RE1,S22,LNDRICRNF,1,2027,0.427
RE1,S11,LNDRICRNF,1,2028,0.285
RE1,S12,LNDRICRNF,1,2028,0.285
RE1,S21,LNDRICRNF,1,2028,0.285
RE1,S22,LNDRICRNF,1,2028,0.285
RE1,S11,LNDRICRNF,1,2029,0.142
RE1,S12,LNDRICRNF,1,2029,0.142
RE1,S21,LNDRICRNF,1,2029,0.142
RE1,S22,LNDRICRNF,1,2029,0.142
RE1,S11,LNDMAIIRR,1,2020,0.3398
RE1,S12,LNDMAIIRR,1,2020,0.3398
RE1,S21,LNDMAIIRR,1,2020,0.3398
RE1,S22,LNDMAIIRR,1,2020,0.3398
RE1,S11,LNDMAIIRR,1,2021,0.7379
RE1,S12,LNDMAIIRR,1,2021,0.7379
RE1,S21,LNDMAIIRR,1,2021,0.7379
RE1,S22,LNDMAIIRR,1,2021,0.7379
RE1,S11,LNDMAIIRR,1,2022,1.1382
RE1,S12,LNDMAIIRR,1,2022,1.1382
RE1,S21,LNDMAIIRR,1,2022,1.1382
RE1,S22,LNDMAIIRR,1,2022,1.1382
RE1,S11,LNDMAIIRR,1,2023,1.5363
RE1,S12,LNDMAIIRR,1,2023,1.5363
RE1,S21,LNDMAIIRR,1,2023,1.5363
RE1,S22,LNDMAIIRR,1,2023,1.5363
RE1,S11,LNDMAIIRR,1,2024,1.9366
RE1,S12,LNDMAIIRR,1,2024,1.9366
RE1,S21,LNDMAIIRR,1,2024,1.9366
RE1,S22,LNDMAIIRR,1,2024,1.9366
RE1,S11,LNDMAIIRR,1,2025,2.3607
RE1,S12,LNDMAIIRR,1,2025,2.3607
RE1,S21,LNDMAIIRR,1,2025,2.3607
RE1,S22,LNDMAIIRR,1,2025,2.3607
RE1,S11,LNDMAIIRR,1,2026,2.7609
RE1,S12,LNDMAIIRR,1,2026,2.7609
RE1,S21,LNDMAIIRR,1,2026,2.7609
RE1,S22,LNDMAIIRR,1,2026,2.7609
RE1,S11,LNDMAIIRR,1,2027,3.1634
RE1,S12,LNDMAIIRR,1,2027,3.1634
RE1,S21,LNDMAIIRR,1,2027,3.1634
RE1,S22,LNDMAIIRR,1,2027,3.1634
RE1,S11,LNDMAIIRR,1,2028,3.5897
RE1,S12,LNDMAIIRR,1,2028,3.5897
RE1,S21,LNDMAIIRR,1,2028,3.5897
RE1,S22,LNDMAIIRR,1,2028,3.5897
RE1,S11,LNDMAIIRR,1,2029,4.016
RE1,S12,LNDMAIIRR,1,2029,4.016
RE1,S21,LNDMAIIRR,1,2029,4.016
RE1,S22,LNDMAIIRR,1,2029,4.016
RE1,S11,LNDMAIIRR,1,2030,4.4445
RE1,S12,LNDMAIIRR,1,2030,4.4445
RE1,S21,LNDMAIIRR,1,2030,4.4445
RE1,S22,LNDMAIIRR,1,2030,4.4445
RE1,S11,LNDMAIIRR,1,2031,4.5681
RE1,S12,LNDMAIIRR,1,2031,4.5681
RE1,S21,LNDMAIIRR,1,2031,4.5681
RE1,S22,LNDMAIIRR,1,2031,4.5681
RE1,S11,LNDMAIIRR,1,2032,4.6918
RE1,S12,LNDMAIIRR,1,2032,4.6918
RE1,S21,LNDMAIIRR,1,2032,4.6918
RE1,S22,LNDMAIIRR,1,2032,4.6918
RE1,S11,LNDMAIIRR,1,2033,4.8155
RE1,S12,LNDMAIIRR,1,2033,4.8155
RE1,S21,LNDMAIIRR,1,2033,4.8155
RE1,S22,LNDMAIIRR,1,2033,4.8155
RE1,S11,LNDMAIIRR,1,2034,4.9391
RE1,S12,LNDMAIIRR,1,2034,4.9391
RE1,S21,LNDMAIIRR,1,2034,4.9391
RE1,S22,LNDMAIIRR,1,2034,4.9391
RE1,S11,LNDMAIIRR,1,2035,5.065
RE1,S12,LNDMAIIRR,1,2035,5.065
RE1,S21,LNDMAIIRR,1,2035,5.065
RE1,S22,LNDMAIIRR,1,2035,5.065
RE1,S11,LNDRICIRR,1,2020,0.55
RE1,S12,LNDRICIRR,1,2020,0.55
RE1,S21,LNDRICIRR,1,2020,0.55
RE1,S22,LNDRICIRR,1,2020,0.55
RE1,S11,LNDRICIRR,1,2021,0.6373
RE1,S12,LNDRICIRR,1,2021,0.6373
RE1,S21,LNDRICIRR,1,2021,0.6373
RE1,S22,LNDRICIRR,1,2021,0.6373
RE1,S11,LNDRICIRR,1,2022,0.744
RE1,S12,LNDRICIRR,1,2022,0.744
RE1,S21,LNDRICIRR,1,2022,0.744
RE1,S22,LNDRICIRR,1,2022,0.744
RE1,S11,LNDRICIRR,1,2023,0.8511
RE1,S12,LNDRICIRR,1,2023,0.8511
RE1,S21,LNDRICIRR,1,2023,0.8511
RE1,S22,LNDRICIRR,1,2023,0.8511
RE1,S11,LNDRICIRR,1,2024,0.9591
RE1,S12,LNDRICIRR,1,2024,0.9591
RE1,S21,LNDRICIRR,1,2024,0.9591
RE1,S22,LNDRICIRR,1,2024,0.9591
RE1,S11,LNDRICIRR,1,2025,1.0677
RE1,S12,LNDRICIRR,1,2025,1.0677
RE1,S21,LNDRICIRR,1,2025,1.0677
RE1,S22,LNDRICIRR,1,2025,1.0677
RE1,S11,LNDRICIRR,1,2026,1.1766
RE1,S12,LNDRICIRR,1,2026,1.1766
RE1,S21,LNDRICIRR,1,2026,1.1766
RE1,S22,LNDRICIRR,1,2026,1.1766
RE1,S11,LNDRICIRR,1,2027,1.2855
RE1,S12,LNDRICIRR,1,2027,1.2855
RE1,S21,LNDRICIRR,1,2027,1.2855
RE1,S22,LNDRICIRR,1,2027,1.2855
RE1,S11,LNDRICIRR,1,2028,1.3954
RE1,S12,LNDRICIRR,1,2028,1.3954
RE1,S21,LNDRICIRR,1,2028,1.3954
RE1,S22,LNDRICIRR,1,2028,1.3954
RE1,S11,LNDRICIRR,1,2029,1.5067
RE1,S12,LNDRICIRR,1,2029,1.5067
RE1,S21,LNDRICIRR,1,2029,1.5067
RE1,S22,LNDRICIRR,1,2029,1.5067
RE1,S11,LNDRICIRR,1,2030,1.6175
RE1,S12,LNDRICIRR,1,2030,1.6175
RE1,S21,LNDRICIRR,1,2030,1.6175
RE1,S22,LNDRICIRR,1,2030,1.6175
RE1,S11,LNDRICIRR,1,2031,1.6498
RE1,S12,LNDRICIRR,1,2031,1.6498
RE1,S21,LNDRICIRR,1,2031,1.6498
RE1,S22,LNDRICIRR,1,2031,1.6498
RE1,S11,LNDRICIRR,1,2032,1.6829
RE1,S12,LNDRICIRR,1,2032,1.6829
RE1,S21,LNDRICIRR,1,2032,1.6829
RE1,S22,LNDRICIRR,1,2032,1.6829
RE1,S11,LNDRICIRR,1,2033,1.7171
RE1,S12,LNDRICIRR,1,2033,1.7171
RE1,S21,LNDRICIRR,1,2033,1.7171
RE1,S22,LNDRICIRR,1,2033,1.7171
RE1,S11,LNDRICIRR,1,2034,1.7512
RE1,S12,LNDRICIRR,1,2034,1.7512
RE1,S21,LNDRICIRR,1,2034,1.7512
RE1,S22,LNDRICIRR,1,2034,1.7512
RE1,S11,LNDRICIRR,1,2035,1.7862
RE1,S12,LNDRICIRR,1,2035,1.7862
RE1,S21,LNDRICIRR,1,2035,1.7862
RE1,S22,LNDRICIRR,1,2035,1.7862
RE1,S11,LNDFOR,1,2020,253.6
RE1,S12,LNDFOR,1,2020,253.6
RE1,S21,LNDFOR,1,2020,253.6
RE1,S22,LNDFOR,1,2020,253.6
RE1,S11,LNDFOR,1,2021,253.4329
RE1,S12,LNDFOR,1,2021,253.4329
RE1,S21,LNDFOR,1,2021,253.4329
RE1,S22,LNDFOR,1,2021,253.4329
RE1,S11,LNDFOR,1,2022,253.3788
RE1,S12,LNDFOR,1,2022,253.3788
RE1,S21,LNDFOR,1,2022,253.3788
RE1,S22,LNDFOR,1,2022,253.3788
RE1,S11,LNDFOR,1,2023,253.2256
RE1,S12,LNDFOR,1,2023,253.2256
RE1,S21,LNDFOR,1,2023,253.2256
RE1,S22,LNDFOR,1,2023,253.2256
RE1,S11,LNDFOR,1,2024,253.1693
RE1,S12,LNDFOR,1,2024,253.1693
RE1,S21,LNDFOR,1,2024,253.1693
RE1,S22,LNDFOR,1,2024,253.1693
RE1,S11,LNDFOR,1,2025,252.9897
RE1,S12,LNDFOR,1,2025,252.9897
RE1,S21,LNDFOR,1,2025,252.9897
RE1,S22,LNDFOR,1,2025,252.9897
RE1,S11,LNDFOR,1,2026,252.9324
RE1,S12,LNDFOR,1,2026,252.9324
RE1,S21,LNDFOR,1,2026,252.9324
RE1,S22,LNDFOR,1,2026,252.9324
RE1,S11,LNDFOR,1,2027,252.773
RE1,S12,LNDFOR,1,2027,252.773
RE1,S21,LNDFOR,1,2027,252.773
RE1,S22,LNDFOR,1,2027,252.773
RE1,S11,LNDFOR,1,2028,252.6889
RE1,S12,LNDFOR,1,2028,252.6889
RE1,S21,LNDFOR,1,2028,252.6889
RE1,S22,LNDFOR,1,2028,252.6889
RE1,S11,LNDFOR,1,2029,252.5043
RE1,S12,LNDFOR,1,2029,252.5043
RE1,S21,LNDFOR,1,2029,252.5043
RE1,S22,LNDFOR,1,2029,252.5043
RE1,S11,LNDFOR,1,2030,251.7042
RE1,S12,LNDFOR,1,2030,251.7042
RE1,S21,LNDFOR,1,2030,251.7042
RE1,S22,LNDFOR,1,2030,251.7042
RE1,S11,LNDFOR,1,2031,251.7042
RE1,S12,LNDFOR,1,2031,251.7042
RE1,S21,LNDFOR,1,2031,251.7042
RE1,S22,LNDFOR,1,2031,251.7042
RE1,S11,LNDFOR,1,2032,251.7042
RE1,S12,LNDFOR,1,2032,251.7042
RE1,S21,LNDFOR,1,2032,251.7042
RE1,S22,LNDFOR,1,2032,251.7042
RE1,S11,LNDFOR,1,2033,251.7042
RE1,S12,LNDFOR,1,2033,251.7042
RE1,S21,LNDFOR,1,2033,250.6234
RE1,S22,LNDFOR,1,2033,251.7042
RE1,S11,LNDFOR,1,2034,251.7042
RE1,S12,LNDFOR,1,2034,251.7042
RE1,S21,LNDFOR,1,2034,249.8446
RE1,S22,LNDFOR,1,2034,251.7042
RE1,S11,LNDFOR,1,2035,251.7042
RE1,S12,LNDFOR,1,2035,251.7042
RE1,S21,LNDFOR,1,2035,248.7543
RE1,S22,LNDFOR,1,2035,251.7042
RE1,S11,LNDBLT,1,2020,15.0
RE1,S12,LNDBLT,1,2020,15.0
RE1,S21,LNDBLT,1,2020,15.0
RE1,S22,LNDBLT,1,2020,15.0
RE1,S11,LNDBLT,1,2021,15.2
RE1,S12,LNDBLT,1,2021,15.2
RE1,S21,LNDBLT,1,2021,15.2
RE1,S22,LNDBLT,1,2021,15.2
RE1,S11,LNDBLT,1,2022,15.3
RE1,S12,LNDBLT,1,2022,15.3
RE1,S21,LNDBLT,1,2022,15.3
RE1,S22,LNDBLT,1,2022,15.3
RE1,S11,LNDBLT,1,2023,15.5
RE1,S12,LNDBLT,1,2023,15.5
RE1,S21,LNDBLT,1,2023,15.5
RE1,S22,LNDBLT,1,2023,15.5
RE1,S11,LNDBLT,1,2024,15.6
RE1,S12,LNDBLT,1,2024,15.6
RE1,S21,LNDBLT,1,2024,15.6
RE1,S22,LNDBLT,1,2024,15.6
RE1,S11,LNDBLT,1,2025,15.8
RE1,S12,LNDBLT,1,2025,15.8
RE1,S21,LNDBLT,1,2025,15.8
RE1,S22,LNDBLT,1,2025,15.8
RE1,S11,LNDBLT,1,2026,15.9
RE1,S12,LNDBLT,1,2026,15.9
RE1,S21,LNDBLT,1,2026,15.9
RE1,S22,LNDBLT,1,2026,15.9
RE1,S11,LNDBLT,1,2027,16.1
RE1,S12,LNDBLT,1,2027,16.1
RE1,S21,LNDBLT,1,2027,16.1
RE1,S22,LNDBLT,1,2027,16.1
RE1,S11,LNDBLT,1,2028,16.2
RE1,S12,LNDBLT,1,2028,16.2
RE1,S21,LNDBLT,1,2028,16.2
RE1,S22,LNDBLT,1,2028,16.2
RE1,S11,LNDBLT,1,2029,16.4
RE1,S12,LNDBLT,1,2029,16.4
RE1,S21,LNDBLT,1,2029,16.4
RE1,S22,LNDBLT,1,2029,16.4
RE1,S11,LNDBLT,1,2030,16.6
RE1,S12,LNDBLT,1,2030,16.6
RE1,S21,LNDBLT,1,2030,16.6
RE1,S22,LNDBLT,1,2030,16.6
RE1,S11,LNDBLT,1,2031,16.7
RE1,S12,LNDBLT,1,2031,16.7
RE1,S21,LNDBLT,1,2031,16.7
RE1,S22,LNDBLT,1,2031,16.7
RE1,S11,LNDBLT,1,2032,16.9
RE1,S12,LNDBLT,1,2032,16.9
RE1,S21,LNDBLT,1,2032,16.9
RE1,S22,LNDBLT,1,2032,16.9
RE1,S11,LNDBLT,1,2033,17.1
RE1,S12,LNDBLT,1,2033,17.1
RE1,S21,LNDBLT,1,2033,17.1
RE1,S22,LNDBLT,1,2033,17.1
RE1,S11,LNDBLT,1,2034,17.2
RE1,S12,LNDBLT,1,2034,17.2
RE1,S21,LNDBLT,1,2034,17.2
RE1,S22,LNDBLT,1,2034,17.2
RE1,S11,LNDBLT,1,2035,17.4
RE1,S12,LNDBLT,1,2035,17.4
RE1,S21,LNDBLT,1,2035,17.4
RE1,S22,LNDBLT,1,2035,17.4
RE1,S11,LNDWAT,1,2020,24.9873
RE1,S12,LNDWAT,1,2020,24.9873
RE1,S21,LNDWAT,1,2020,25.0553
RE1,S22,LNDWAT,1,2020,25.0553
RE1,S11,LNDWAT,1,2021,25.021
RE1,S12,LNDWAT,1,2021,25.021
RE1,S21,LNDWAT,1,2021,25.021
RE1,S22,LNDWAT,1,2021,25.021
RE1,S11,LNDWAT,1,2022,25.021
RE1,S12,LNDWAT,1,2022,25.021
RE1,S21,LNDWAT,1,2022,25.021
RE1,S22,LNDWAT,1,2022,25.021
RE1,S11,LNDWAT,1,2023,25.021
RE1,S12,LNDWAT,1,2023,25.021
RE1,S21,LNDWAT,1,2023,25.021
RE1,S22,LNDWAT,1,2023,25.021
RE1,S11,LNDWAT,1,2024,25.021
RE1,S12,LNDWAT,1,2024,25.021
RE1,S21,LNDWAT,1,2024,25.021
RE1,S22,LNDWAT,1,2024,25.021
RE1,S11,LNDWAT,1,2025,25.021
RE1,S12,LNDWAT,1,2025,25.021
RE1,S21,LNDWAT,1,2025,25.021
RE1,S22,LNDWAT,1,2025,25.021
RE1,S11,LNDWAT,1,2026,25.021
RE1,S12,LNDWAT,1,2026,25.021
RE1,S21,LNDWAT,1,2026,25.021
RE1,S22,LNDWAT,1,2026,25.021
RE1,S11,LNDWAT,1,2027,25.021
RE1,S12,LNDWAT,1,2027,25.021
RE1,S21,LNDWAT,1,2027,25.021
RE1,S22,LNDWAT,1,2027,25.021
RE1,S11,LNDWAT,1,2028,25.021
RE1,S12,LNDWAT,1,2028,25.021
RE1,S21,LNDWAT,1,2028,25.021
RE1,S22,LNDWAT,1,2028,25.021
RE1,S11,LNDWAT,1,2029,25.021
RE1,S12,LNDWAT,1,2029,25.021
RE1,S21,LNDWAT,1,2029,25.021
RE1,S22,LNDWAT,1,2029,25.021
RE1,S11,LNDWAT,1,2030,25.6338
RE1,S12,LNDWAT,1,2030,21.9863
RE1,S21,LNDWAT,1,2030,25.6338
RE1,S22,LNDWAT,1,2030,25.6338
RE1,S11,LNDWAT,1,2031,25.3778
RE1,S12,LNDWAT,1,2031,23.2537
RE1,S21,LNDWAT,1,2031,25.3778
RE1,S22,LNDWAT,1,2031,25.3778
RE1,S11,LNDWAT,1,2032,25.021
RE1,S12,LNDWAT,1,2032,25.021
RE1,S21,LNDWAT,1,2032,25.021
RE1,S22,LNDWAT,1,2032,25.021
RE1,S11,LNDWAT,1,2033,24.6632
RE1,S12,LNDWAT,1,2033,24.6632
RE1,S21,LNDWAT,1,2033,25.7441
RE1,S22,LNDWAT,1,2033,24.6632
RE1,S11,LNDWAT,1,2034,24.4055
RE1,S12,LNDWAT,1,2034,24.4055
RE1,S21,LNDWAT,1,2034,26.2651
RE1,S22,LNDWAT,1,2034,24.4055
RE1,S11,LNDWAT,1,2035,24.0446
RE1,S12,LNDWAT,1,2035,24.0446
RE1,S21,LNDWAT,1,2035,26.9945
RE1,S22,LNDWAT,1,2035,24.0446
RE1,S11,RSCPRC,1,2020,360.0
RE1,S12,RSCPRC,1,2020,360.0
RE1,S21,RSCPRC,1,2020,360.0
RE1,S22,RSCPRC,1,2020,360.0
RE1,S11,RSCPRC,1,2021,360.0
RE1,S12,RSCPRC,1,2021,360.0
RE1,S21,RSCPRC,1,2021,360.0
RE1,S22,RSCPRC,1,2021,360.0
RE1,S11,RSCPRC,1,2022,360.0
RE1,S12,RSCPRC,1,2022,360.0
RE1,S21,RSCPRC,1,2022,360.0
RE1,S22,RSCPRC,1,2022,360.0
RE1,S11,RSCPRC,1,2023,360.0
RE1,S12,RSCPRC,1,2023,360.0
RE1,S21,RSCPRC,1,2023,360.0
RE1,S22,RSCPRC,1,2023,360.0
RE1,S11,RSCPRC,1,2024,360.0
RE1,S12,RSCPRC,1,2024,360.0
RE1,S21,RSCPRC,1,2024,360.0
RE1,S22,RSCPRC,1,2024,360.0
RE1,S11,RSCPRC,1,2025,360.0
RE1,S12,RSCPRC,1,2025,360.0
RE1,S21,RSCPRC,1,2025,360.0
RE1,S22,RSCPRC,1,2025,360.0
RE1,S11,RSCPRC,1,2026,360.0
RE1,S12,RSCPRC,1,2026,360.0
RE1,S21,RSCPRC,1,2026,360.0
RE1,S22,RSCPRC,1,2026,360.0
RE1,S11,RSCPRC,1,2027,360.0
RE1,S12,RSCPRC,1,2027,360.0
RE1,S21,RSCPRC,1,2027,360.0
RE1,S22,RSCPRC,1,2027,360.0
RE1,S11,RSCPRC,1,2028,360.0
RE1,S12,RSCPRC,1,2028,360.0
RE1,S21,RSCPRC,1,2028,360.0
RE1,S22,RSCPRC,1,2028,360.0
RE1,S11,RSCPRC,1,2029,360.0
RE1,S12,RSCPRC,1,2029,360.0
RE1,S21,RSCPRC,1,2029,360.0
RE1,S22,RSCPRC,1,2029,360.0
RE1,S11,RSCPRC,1,2030,360.0
RE1,S12,RSCPRC,1,2030,355.623
RE1,S21,RSCPRC,1,2030,360.0
RE1,S22,RSCPRC,1,2030,360.0
RE1,S11,RSCPRC,1,2031,360.0
RE1,S12,RSCPRC,1,2031,357.4511
RE1,S21,RSCPRC,1,2031,360.0
RE1,S22,RSCPRC,1,2031,360.0
RE1,S11,RSCPRC,1,2032,360.0
RE1,S12,RSCPRC,1,2032,360.0
RE1,S21,RSCPRC,1,2032,360.0
RE1,S22,RSCPRC,1,2032,360.0
RE1,S11,RSCPRC,1,2033,360.0
RE1,S12,RSCPRC,1,2033,360.0
RE1,S21,RSCPRC,1,2033,360.0
RE1,S22,RSCPRC,1,2033,360.0
RE1,S11,RSCPRC,1,2034,360.0
RE1,S12,RSCPRC,1,2034,360.0
RE1,S21,RSCPRC,1,2034,360.0
RE1,S22,RSCPRC,1,2034,360.0
RE1,S11,RSCPRC,1,2035,360.0
RE1,S12,RSCPRC,1,2035,360.0
RE1,S21,RSCPRC,1,2035,360.0
RE1,S22,RSCPRC,1,2035,360.0
RE1,S11,RSCHYD,1,2020,81.0926
RE1,S12,RSCHYD,1,2020,81.0926
RE1,S21,RSCHYD,1,2020,109.7768
RE1,S22,RSCHYD,1,2020,109.7768
RE1,S11,RSCHYD,1,2021,81.0926
RE1,S12,RSCHYD,1,2021,81.0926
RE1,S21,RSCHYD,1,2021,109.8744
RE1,S22,RSCHYD,1,2021,109.8744
RE1,S11,RSCHYD,1,2022,81.0926
RE1,S12,RSCHYD,1,2022,81.0926
RE1,S21,RSCHYD,1,2022,109.9724
RE1,S22,RSCHYD,1,2022,109.9724
RE1,S11,RSCHYD,1,2023,81.0926
RE1,S12,RSCHYD,1,2023,81.0926
RE1,S21,RSCHYD,1,2023,110.0786
RE1,S22,RSCHYD,1,2023,110.0786
RE1,S11,RSCHYD,1,2024,81.0926
RE1,S12,RSCHYD,1,2024,81.0926
RE1,S21,RSCHYD,1,2024,110.1774
RE1,S22,RSCHYD,1,2024,110.1774
RE1,S11,RSCHYD,1,2025,81.0926
RE1,S12,RSCHYD,1,2025,81.0926
RE1,S21,RSCHYD,1,2025,110.2992
RE1,S22,RSCHYD,1,2025,110.2992
RE1,S11,RSCHYD,1,2026,81.0926
RE1,S12,RSCHYD,1,2026,81.0926
RE1,S21,RSCHYD,1,2026,110.3985
RE1,S22,RSCHYD,1,2026,110.3985
RE1,S11,RSCHYD,1,2027,81.0926
RE1,S12,RSCHYD,1,2027,81.0926
RE1,S21,RSCHYD,1,2027,110.508
RE1,S22,RSCHYD,1,2027,110.508
RE1,S11,RSCHYD,1,2028,81.0926
RE1,S12,RSCHYD,1,2028,81.0926
RE1,S21,RSCHYD,1,2028,110.6229
RE1,S22,RSCHYD,1,2028,110.6229
RE1,S11,RSCHYD,1,2029,81.0926
RE1,S12,RSCHYD,1,2029,81.0926
RE1,S21,RSCHYD,1,2029,110.7472
RE1,S22,RSCHYD,1,2029,110.7472
RE1,S11,RSCHYD,1,2030,81.0926
RE1,S12,RSCHYD,1,2030,81.0926
RE1,S21,RSCHYD,1,2030,111.1179
RE1,S22,RSCHYD,1,2030,111.1179
RE1,S11,RSCHYD,1,2031,81.0926
RE1,S12,RSCHYD,1,2031,81.0926
RE1,S21,RSCHYD,1,2031,111.112
RE1,S22,RSCHYD,1,2031,111.112
RE1,S11,RSCHYD,1,2032,81.0926
RE1,S12,RSCHYD,1,2032,81.0926
RE1,S21,RSCHYD,1,2032,111.0753
RE1,S22,RSCHYD,1,2032,111.0753
RE1,S11,RSCHYD,1,2033,81.0926
RE1,S12,RSCHYD,1,2033,81.0926
RE1,S21,RSCHYD,1,2033,111.471
RE1,S22,RSCHYD,1,2033,111.0386
RE1,S11,RSCHYD,1,2034,81.0926
RE1,S12,RSCHYD,1,2034,81.0926
RE1,S21,RSCHYD,1,2034,111.7768
RE1,S22,RSCHYD,1,2034,111.033
RE1,S11,RSCHYD,1,2035,81.0926
RE1,S12,RSCHYD,1,2035,81.0926
RE1,S21,RSCHYD,1,2035,112.1767
RE1,S22,RSCHYD,1,2035,110.9968
RE1,S11,RSCSOL,1,2020,12.299
RE1,S12,RSCSOL,1,2020,0.6307
RE1,S21,RSCSOL,1,2020,8.1994
RE1,S11,RSCSOL,1,2021,12.299
RE1,S12,RSCSOL,1,2021,0.6307
RE1,S21,RSCSOL,1,2021,8.1994
RE1,S11,RSCSOL,1,2022,12.299
RE1,S12,RSCSOL,1,2022,0.6307
RE1,S21,RSCSOL,1,2022,8.1994
RE1,S11,RSCSOL,1,2023,12.299
RE1,S12,RSCSOL,1,2023,0.6307
RE1,S21,RSCSOL,1,2023,8.1994
RE1,S11,RSCSOL,1,2024,12.299
RE1,S12,RSCSOL,1,2024,0.6307
RE1,S21,RSCSOL,1,2024,8.1994
RE1,S11,RSCSOL,1,2025,12.299
RE1,S12,RSCSOL,1,2025,0.6307
RE1,S21,RSCSOL,1,2025,8.1994
RE1,S11,RSCSOL,1,2026,12.299
RE1,S12,RSCSOL,1,2026,0.6307
RE1,S21,RSCSOL,1,2026,8.1994
RE1,S11,RSCSOL,1,2027,12.299
RE1,S12,RSCSOL,1,2027,0.6307
RE1,S21,RSCSOL,1,2027,8.1994
RE1,S11,RSCSOL,1,2028,12.299
RE1,S12,RSCSOL,1,2028,0.6307
RE1,S21,RSCSOL,1,2028,8.1994
RE1,S11,RSCSOL,1,2029,12.299
RE1,S12,RSCSOL,1,2029,0.6307
RE1,S21,RSCSOL,1,2029,8.1994
RE1,S11,RSCSOL,1,2030,12.299
RE1,S12,RSCSOL,1,2030,0.6307
RE1,S21,RSCSOL,1,2030,8.1994
RE1,S11,RSCSOL,1,2031,12.299
RE1,S12,RSCSOL,1,2031,0.6307
RE1,S21,RSCSOL,1,2031,8.1994
RE1,S11,RSCSOL,1,2032,12.299
RE1,S12,RSCSOL,1,2032,0.6307
RE1,S21,RSCSOL,1,2032,8.1994
RE1,S11,RSCSOL,1,2033,12.299
RE1,S12,RSCSOL,1,2033,0.6307
RE1,S21,RSCSOL,1,2033,8.1994
RE1,S11,RSCSOL,1,2034,12.299
RE1,S12,RSCSOL,1,2034,0.6307
RE1,S21,RSCSOL,1,2034,8.1994
RE1,S11,RSCSOL,1,2035,12.299
RE1,S12,RSCSOL,1,2035,0.6307
RE1,S21,RSCSOL,1,2035,8.1994
RE1,S11,RSCWND,1,2020,16.5564
RE1,S12,RSCWND,1,2020,14.6642
RE1,S21,RSCWND,1,2020,17.5025
RE1,S22,RSCWND,1,2020,19.3946
RE1,S11,RSCWND,1,2021,16.5564
RE1,S12,RSCWND,1,2021,14.6642
RE1,S21,RSCWND,1,2021,17.5025
RE1,S22,RSCWND,1,2021,19.3946
RE1,S11,RSCWND,1,2022,16.5564
RE1,S12,RSCWND,1,2022,14.6642
RE1,S21,RSCWND,1,2022,17.5025
RE1,S22,RSCWND,1,2022,19.3946
RE1,S11,RSCWND,1,2023,16.5564
RE1,S12,RSCWND,1,2023,14.6642
RE1,S21,RSCWND,1,2023,17.5025
RE1,S22,RSCWND,1,2023,19.3946
RE1,S11,RSCWND,1,2024,16.5564
RE1,S12,RSCWND,1,2024,14.6642
RE1,S21,RSCWND,1,2024,17.5025
RE1,S22,RSCWND,1,2024,19.3946
RE1,S11,RSCWND,1,2025,16.5564
RE1,S12,RSCWND,1,2025,14.6642
RE1,S21,RSCWND,1,2025,17.5025
RE1,S22,RSCWND,1,2025,19.3946
RE1,S11,RSCWND,1,2026,16.5564
RE1,S12,RSCWND,1,2026,14.6642
RE1,S21,RSCWND,1,2026,17.5025
RE1,S22,RSCWND,1,2026,19.3946
RE1,S11,RSCWND,1,2027,16.5564
RE1,S12,RSCWND,1,2027,14.6642
RE1,S21,RSCWND,1,2027,17.5025
RE1,S22,RSCWND,1,2027,19.3946
RE1,S11,RSCWND,1,2028,16.5564
RE1,S12,RSCWND,1,2028,14.6642
RE1,S21,RSCWND,1,2028,17.5025
RE1,S22,RSCWND,1,2028,19.3946
RE1,S11,RSCWND,1,2029,16.5564
RE1,S12,RSCWND,1,2029,14.6642
RE1,S21,RSCWND,1,2029,17.5025
RE1,S22,RSCWND,1,2029,19.3946
RE1,S11,RSCWND,1,2030,16.5564
RE1,S12,RSCWND,1,2030,14.6642
RE1,S21,RSCWND,1,2030,17.5025
RE1,S22,RSCWND,1,2030,19.3946
RE1,S11,RSCWND,1,2031,16.5564
RE1,S12,RSCWND,1,2031,14.6642
RE1,S21,RSCWND,1,2031,17.5025
RE1,S22,RSCWND,1,2031,19.3946
RE1,S11,RSCWND,1,2032,16.5564
RE1,S12,RSCWND,1,2032,14.6642
RE1,S21,RSCWND,1,2032,17.5025
RE1,S22,RSCWND,1,2032,19.3946
RE1,S11,RSCWND,1,2033,16.5564
RE1,S12,RSCWND,1,2033,14.6642
RE1,S21,RSCWND,1,2033,17.5025
RE1,S22,RSCWND,1,2033,19.3946
RE1,S11,RSCWND,1,2034,16.5564
RE1,S12,RSCWND,1,2034,14.6642
RE1,S21,RSCWND,1,2034,17.5025
RE1,S22,RSCWND,1,2034,19.3946
RE1,S11,RSCWND,1,2035,16.5564
RE1,S12,RSCWND,1,2035,14.6642
RE1,S21,RSCWND,1,2035,17.5025
RE1,S22,RSCWND,1,2035,19.3946
RE1,S11,PWRHYD,1,2020,28.3824
RE1,S12,PWRHYD,1,2020,28.3824
RE1,S21,PWRHYD,1,2020,38.4219
RE1,S22,PWRHYD,1,2020,38.4219
RE1,S11,PWRHYD,1,2021,28.3824
RE1,S12,PWRHYD,1,2021,28.3824
RE1,S21,PWRHYD,1,2021,38.4561
RE1,S22,PWRHYD,1,2021,38.4561
RE1,S11,PWRHYD,1,2022,28.3824
RE1,S12,PWRHYD,1,2022,28.3824
RE1,S21,PWRHYD,1,2022,38.4904
RE1,S22,PWRHYD,1,2022,38.4904
RE1,S11,PWRHYD,1,2023,28.3824
RE1,S12,PWRHYD,1,2023,28.3824
RE1,S21,PWRHYD,1,2023,38.5275
RE1,S22,PWRHYD,1,2023,38.5275
RE1,S11,PWRHYD,1,2024,28.3824
RE1,S12,PWRHYD,1,2024,28.3824
RE1,S21,PWRHYD,1,2024,38.5621
RE1,S22,PWRHYD,1,2024,38.5621
RE1,S11,PWRHYD,1,2025,28.3824
RE1,S12,PWRHYD,1,2025,28.3824
RE1,S21,PWRHYD,1,2025,38.6047
RE1,S22,PWRHYD,1,2025,38.6047
RE1,S11,PWRHYD,1,2026,28.3824
RE1,S12,PWRHYD,1,2026,28.3824
RE1,S21,PWRHYD,1,2026,38.6395
RE1,S22,PWRHYD,1,2026,38.6395
RE1,S11,PWRHYD,1,2027,28.3824
RE1,S12,PWRHYD,1,2027,28.3824
RE1,S21,PWRHYD,1,2027,38.6778
RE1,S22,PWRHYD,1,2027,38.6778
RE1,S11,PWRHYD,1,2028,28.3824
RE1,S12,PWRHYD,1,2028,28.3824
RE1,S21,PWRHYD,1,2028,38.718
RE1,S22,PWRHYD,1,2028,38.718
RE1,S11,PWRHYD,1,2029,28.3824
RE1,S12,PWRHYD,1,2029,28.3824
RE1,S21,PWRHYD,1,2029,38.7615
RE1,S22,PWRHYD,1,2029,38.7615
RE1,S11,PWRHYD,1,2030,28.3824
RE1,S12,PWRHYD,1,2030,28.3824
RE1,S21,PWRHYD,1,2030,38.8913
RE1,S22,PWRHYD,1,2030,38.8913
RE1,S11,PWRHYD,1,2031,28.3824
RE1,S12,PWRHYD,1,2031,28.3824
RE1,S21,PWRHYD,1,2031,38.8892
RE1,S22,PWRHYD,1,2031,38.8892
RE1,S11,PWRHYD,1,2032,28.3824
RE1,S12,PWRHYD,1,2032,28.3824
RE1,S21,PWRHYD,1,2032,38.8764
RE1,S22,PWRHYD,1,2032,38.8764
RE1,S11,PWRHYD,1,2033,28.3824
RE1,S12,PWRHYD,1,2033,28.3824
RE1,S21,PWRHYD,1,2033,39.0148
RE1,S22,PWRHYD,1,2033,38.8635
RE1,S11,PWRHYD,1,2034,28.3824
RE1,S12,PWRHYD,1,2034,28.3824
RE1,S21,PWRHYD,1,2034,39.1219
RE1,S22,PWRHYD,1,2034,38.8615
RE1,S11,PWRHYD,1,2035,28.3824
RE1,S12,PWRHYD,1,2035,28.3824
RE1,S21,PWRHYD,1,2035,39.2619
RE1,S22,PWRHYD,1,2035,38.8489
RE1,S11,PWRSOL,1,2020,12.299
RE1,S12,PWRSOL,1,2020,0.6307
RE1,S21,PWRSOL,1,2020,8.1994
RE1,S11,PWRSOL,1,2021,12.299
RE1,S12,PWRSOL,1,2021,0.6307
RE1,S21,PWRSOL,1,2021,8.1994
RE1,S11,PWRSOL,1,2022,12.299
RE1,S12,PWRSOL,1,2022,0.6307
RE1,S21,PWRSOL,1,2022,8.1994
RE1,S11,PWRSOL,1,2023,12.299
RE1,S12,PWRSOL,1,2023,0.6307
RE1,S21,PWRSOL,1,2023,8.1994
RE1,S11,PWRSOL,1,2024,12.299
RE1,S12,PWRSOL,1,2024,0.6307
RE1,S21,PWRSOL,1,2024,8.1994
RE1,S11,PWRSOL,1,2025,12.299
RE1,S12,PWRSOL,1,2025,0.6307
RE1,S21,PWRSOL,1,2025,8.1994
RE1,S11,PWRSOL,1,2026,12.299
RE1,S12,PWRSOL,1,2026,0.6307
RE1,S21,PWRSOL,1,2026,8.1994
RE1,S11,PWRSOL,1,2027,12.299
RE1,S12,PWRSOL,1,2027,0.6307
RE1,S21,PWRSOL,1,2027,8.1994
RE1,S11,PWRSOL,1,2028,12.299
RE1,S12,PWRSOL,1,2028,0.6307
RE1,S21,PWRSOL,1,2028,8.1994
RE1,S11,PWRSOL,1,2029,12.299
RE1,S12,PWRSOL,1,2029,0.6307
RE1,S21,PWRSOL,1,2029,8.1994
RE1,S11,PWRSOL,1,2030,12.299
RE1,S12,PWRSOL,1,2030,0.6307
RE1,S21,PWRSOL,1,2030,8.1994
RE1,S11,PWRSOL,1,2031,12.299
RE1,S12,PWRSOL,1,2031,0.6307
RE1,S21,PWRSOL,1,2031,8.1994
RE1,S11,PWRSOL,1,2032,12.299
RE1,S12,PWRSOL,1,2032,0.6307
RE1,S21,PWRSOL,1,2032,8.1994
RE1,S11,PWRSOL,1,2033,12.299
RE1,S12,PWRSOL,1,2033,0.6307
RE1,S21,PWRSOL,1,2033,8.1994
RE1,S11,PWRSOL,1,2034,12.299
RE1,S12,PWRSOL,1,2034,0.6307
RE1,S21,PWRSOL,1,2034,8.1994
RE1,S11,PWRSOL,1,2035,12.299
RE1,S12,PWRSOL,1,2035,0.6307
RE1,S21,PWRSOL,1,2035,8.1994
RE1,S11,PWRWND,1,2020,16.5564
RE1,S12,PWRWND,1,2020,14.6642
RE1,S21,PWRWND,1,2020,17.5025
RE1,S22,PWRWND,1,2020,19.3946
RE1,S11,PWRWND,1,2021,16.5564
RE1,S12,PWRWND,1,2021,14.6642
RE1,S21,PWRWND,1,2021,17.5025
RE1,S22,PWRWND,1,2021,19.3946
RE1,S11,PWRWND,1,2022,16.5564
RE1,S12,PWRWND,1,2022,14.6642
RE1,S21,PWRWND,1,2022,17.5025
RE1,S22,PWRWND,1,2022,19.3946
RE1,S11,PWRWND,1,2023,16.5564
RE1,S12,PWRWND,1,2023,14.6642
RE1,S21,PWRWND,1,2023,17.5025
RE1,S22,PWRWND,1,2023,19.3946
RE1,S11,PWRWND,1,2024,16.5564
RE1,S12,PWRWND,1,2024,14.6642
RE1,S21,PWRWND,1,2024,17.5025
RE1,S22,PWRWND,1,2024,19.3946
RE1,S11,PWRWND,1,2025,16.5564
RE1,S12,PWRWND,1,2025,14.6642
RE1,S21,PWRWND,1,2025,17.5025
RE1,S22,PWRWND,1,2025,19.3946
RE1,S11,PWRWND,1,2026,16.5564
RE1,S12,PWRWND,1,2026,14.6642
RE1,S21,PWRWND,1,2026,17.5025
RE1,S22,PWRWND,1,2026,19.3946
RE1,S11,PWRWND,1,2027,16.5564
RE1,S12,PWRWND,1,2027,14.6642
RE1,S21,PWRWND,1,2027,17.5025
RE1,S22,PWRWND,1,2027,19.3946
RE1,S11,PWRWND,1,2028,16.5564
RE1,S12,PWRWND,1,2028,14.6642
RE1,S21,PWRWND,1,2028,17.5025
RE1,S22,PWRWND,1,2028,19.3946
RE1,S11,PWRWND,1,2029,16.5564
RE1,S12,PWRWND,1,2029,14.6642
RE1,S21,PWRWND,1,2029,17.5025
RE1,S22,PWRWND,1,2029,19.3946
RE1,S11,PWRWND,1,2030,16.5564
RE1,S12,PWRWND,1,2030,14.6642
RE1,S21,PWRWND,1,2030,17.5025
RE1,S22,PWRWND,1,2030,19.3946
RE1,S11,PWRWND,1,2031,16.5564
RE1,S12,PWRWND,1,2031,14.6642
RE1,S21,PWRWND,1,2031,17.5025
RE1,S22,PWRWND,1,2031,19.3946
RE1,S11,PWRWND,1,2032,16.5564
RE1,S12,PWRWND,1,2032,14.6642
RE1,S21,PWRWND,1,2032,17.5025
RE1,S22,PWRWND,1,2032,19.3946
RE1,S11,PWRWND,1,2033,16.5564
RE1,S12,PWRWND,1,2033,14.6642
RE1,S21,PWRWND,1,2033,17.5025
RE1,S22,PWRWND,1,2033,19.3946
RE1,S11,PWRWND,1,2034,16.5564
RE1,S12,PWRWND,1,2034,14.6642
RE1,S21,PWRWND,1,2034,17.5025
RE1,S22,PWRWND,1,2034,19.3946
RE1,S11,PWRWND,1,2035,16.5564
RE1,S12,PWRWND,1,2035,14.6642
RE1,S21,PWRWND,1,2035,17.5025
RE1,S22,PWRWND,1,2035,19.3946
RE1,S11,DEMAGRDSL,1,2020,2.0597
RE1,S12,DEMAGRDSL,1,2020,2.0597
RE1,S21,DEMAGRDSL,1,2020,2.0397
RE1,S22,DEMAGRDSL,1,2020,2.0397
RE1,S11,DEMAGRDSL,1,2021,2.1353
RE1,S12,DEMAGRDSL,1,2021,2.1353
RE1,S21,DEMAGRDSL,1,2021,2.1353
RE1,S22,DEMAGRDSL,1,2021,2.1353
RE1,S11,DEMAGRDSL,1,2022,2.2212
RE1,S12,DEMAGRDSL,1,2022,2.2212
RE1,S21,DEMAGRDSL,1,2022,2.2212
RE1,S22,DEMAGRDSL,1,2022,2.2212
RE1,S11,DEMAGRDSL,1,2023,2.3064
RE1,S12,DEMAGRDSL,1,2023,2.3064
RE1,S21,DEMAGRDSL,1,2023,2.3064
RE1,S22,DEMAGRDSL,1,2023,2.3064
RE1,S11,DEMAGRDSL,1,2024,2.3932
RE1,S12,DEMAGRDSL,1,2024,2.3932
RE1,S21,DEMAGRDSL,1,2024,2.3932
RE1,S22,DEMAGRDSL,1,2024,2.3932
RE1,S11,DEMAGRDSL,1,2025,2.4916
RE1,S12,DEMAGRDSL,1,2025,2.4916
RE1,S21,DEMAGRDSL,1,2025,2.4916
RE1,S22,DEMAGRDSL,1,2025,2.4916
RE1,S11,DEMAGRDSL,1,2026,2.5788
RE1,S12,DEMAGRDSL,1,2026,2.5788
RE1,S21,DEMAGRDSL,1,2026,2.5788
RE1,S22,DEMAGRDSL,1,2026,2.5788
RE1,S11,DEMAGRDSL,1,2027,2.6672
RE1,S12,DEMAGRDSL,1,2027,2.6672
RE1,S21,DEMAGRDSL,1,2027,2.6672
RE1,S22,DEMAGRDSL,1,2027,2.6672
RE1,S11,DEMAGRDSL,1,2028,2.7676
RE1,S12,DEMAGRDSL,1,2028,2.7676
RE1,S21,DEMAGRDSL,1,2028,2.7676
RE1,S22,DEMAGRDSL,1,2028,2.7676
RE1,S11,DEMAGRDSL,1,2029,2.8684
RE1,S12,DEMAGRDSL,1,2029,2.8684
RE1,S21,DEMAGRDSL,1,2029,2.8684
RE1,S22,DEMAGRDSL,1,2029,2.8684
RE1,S11,DEMAGRDSL,1,2030,2.9704
RE1,S12,DEMAGRDSL,1,2030,2.9704
RE1,S21,DEMAGRDSL,1,2030,2.9704
RE1,S22,DEMAGRDSL,1,2030,2.9704
RE1,S11,DEMAGRDSL,1,2031,3.0468
RE1,S12,DEMAGRDSL,1,2031,3.0468
RE1,S21,DEMAGRDSL,1,2031,3.0468
RE1,S22,DEMAGRDSL,1,2031,3.0468
RE1,S11,DEMAGRDSL,1,2032,3.1236
RE1,S12,DEMAGRDSL,1,2032,3.1236
RE1,S21,DEMAGRDSL,1,2032,3.1236
RE1,S22,DEMAGRDSL,1,2032,3.1236
RE1,S11,DEMAGRDSL,1,2033,3.2009
RE1,S12,DEMAGRDSL,1,2033,3.2009
RE1,S21,DEMAGRDSL,1,2033,3.2009
RE1,S22,DEMAGRDSL,1,2033,3.2009
RE1,S11,DEMAGRDSL,1,2034,3.2782
RE1,S12,DEMAGRDSL,1,2034,3.2782
RE1,S21,DEMAGRDSL,1,2034,3.2782
RE1,S22,DEMAGRDSL,1,2034,3.2782
RE1,S11,DEMAGRDSL,1,2035,3.3571
RE1,S12,DEMAGRDSL,1,2035,3.3571
RE1,S21,DEMAGRDSL,1,2035,3.3571
RE1,S22,DEMAGRDSL,1,2035,3.3571
RE1,S11,DEMAGRSURWAT,1,2020,0.4992
RE1,S12,DEMAGRSURWAT,1,2020,0.4992
RE1,S21,DEMAGRSURWAT,1,2020,0.4992
RE1,S22,DEMAGRSURWAT,1,2020,0.4992
RE1,S11,DEMAGRSURWAT,1,2021,0.7259
RE1,S12,DEMAGRSURWAT,1,2021,0.7259
RE1,S21,DEMAGRSURWAT,1,2021,0.7259
RE1,S22,DEMAGRSURWAT,1,2021,0.7259
RE1,S11,DEMAGRSURWAT,1,2022,0.8
RE1,S12,DEMAGRSURWAT,1,2022,0.8
RE1,S21,DEMAGRSURWAT,1,2022,0.8
RE1,S22,DEMAGRSURWAT,1,2022,0.8
RE1,S11,DEMAGRSURWAT,1,2023,0.8555
RE1,S12,DEMAGRSURWAT,1,2023,0.8555
RE1,S21,DEMAGRSURWAT,1,2023,0.8555
RE1,S22,DEMAGRSURWAT,1,2023,0.8555
RE1,S11,DEMAGRSURWAT,1,2024,1.1465
RE1,S12,DEMAGRSURWAT,1,2024,1.1465
RE1,S21,DEMAGRSURWAT,1,2024,1.1465
RE1,S22,DEMAGRSURWAT,1,2024,1.1465
RE1,S11,DEMAGRSURWAT,1,2025,1.4481
RE1,S12,DEMAGRSURWAT,1,2025,1.4481
RE1,S21,DEMAGRSURWAT,1,2025,1.4481
RE1,S22,DEMAGRSURWAT,1,2025,1.4481
RE1,S11,DEMAGRSURWAT,1,2026,1.7397
RE1,S12,DEMAGRSURWAT,1,2026,1.7397
RE1,S21,DEMAGRSURWAT,1,2026,1.7397
RE1,S22,DEMAGRSURWAT,1,2026,1.7397
RE1,S11,DEMAGRSURWAT,1,2027,2.0322
RE1,S12,DEMAGRSURWAT,1,2027,2.0322
RE1,S21,DEMAGRSURWAT,1,2027,2.0322
RE1,S22,DEMAGRSURWAT,1,2027,2.0322
RE1,S11,DEMAGRSURWAT,1,2028,2.3355
RE1,S12,DEMAGRSURWAT,1,2028,2.3355
RE1,S21,DEMAGRSURWAT,1,2028,2.3355
RE1,S22,DEMAGRSURWAT,1,2028,2.3355
RE1,S11,DEMAGRSURWAT,1,2029,2.6398
RE1,S12,DEMAGRSURWAT,1,2029,2.6398
RE1,S21,DEMAGRSURWAT,1,2029,2.6398
RE1,S22,DEMAGRSURWAT,1,2029,2.6398
RE1,S11,DEMAGRSURWAT,1,2030,2.9446
RE1,S12,DEMAGRSURWAT,1,2030,2.9446
RE1,S21,DEMAGRSURWAT,1,2030,2.9446
RE1,S22,DEMAGRSURWAT,1,2030,2.9446
RE1,S11,DEMAGRSURWAT,1,2031,3.0183
RE1,S12,DEMAGRSURWAT,1,2031,3.0183
RE1,S21,DEMAGRSURWAT,1,2031,3.0183
RE1,S22,DEMAGRSURWAT,1,2031,3.0183
RE1,S11,DEMAGRSURWAT,1,2032,3.0927
RE1,S12,DEMAGRSURWAT,1,2032,3.0927
RE1,S21,DEMAGRSURWAT,1,2032,3.0927
RE1,S22,DEMAGRSURWAT,1,2032,3.0927
RE1,S11,DEMAGRSURWAT,1,2033,3.1676
RE1,S12,DEMAGRSURWAT,1,2033,3.1676
RE1,S21,DEMAGRSURWAT,1,2033,3.1676
RE1,S22,DEMAGRSURWAT,1,2033,3.1676
RE1,S11,DEMAGRSURWAT,1,2034,3.2425
RE1,S12,DEMAGRSURWAT,1,2034,3.2425
RE1,S21,DEMAGRSURWAT,1,2034,3.2425
RE1,S22,DEMAGRSURWAT,1,2034,3.2425
RE1,S11,DEMAGRSURWAT,1,2035,3.319
RE1,S12,DEMAGRSURWAT,1,2035,3.319
RE1,S21,DEMAGRSURWAT,1,2035,3.319
RE1,S22,DEMAGRSURWAT,1,2035,3.319
RE1,S11,DEMAGRGWTWAT,1,2022,0.1661
RE1,S12,DEMAGRGWTWAT,1,2022,0.1661
RE1,S21,DEMAGRGWTWAT,1,2022,0.1661
RE1,S22,DEMAGRGWTWAT,1,2022,0.1661
RE1,S11,DEMAGRGWTWAT,1,2023,0.35
RE1,S12,DEMAGRGWTWAT,1,2023,0.35
RE1,S21,DEMAGRGWTWAT,1,2023,0.35
RE1,S22,DEMAGRGWTWAT,1,2023,0.35
RE1,S11,DEMAGRGWTWAT,1,2024,0.3
RE1,S12,DEMAGRGWTWAT,1,2024,0.3
RE1,S21,DEMAGRGWTWAT,1,2024,0.3
RE1,S22,DEMAGRGWTWAT,1,2024,0.3
RE1,S11,DEMAGRGWTWAT,1,2025,0.25
RE1,S12,DEMAGRGWTWAT,1,2025,0.25
RE1,S21,DEMAGRGWTWAT,1,2025,0.25
RE1,S22,DEMAGRGWTWAT,1,2025,0.25
RE1,S11,DEMAGRGWTWAT,1,2026,0.2
RE1,S12,DEMAGRGWTWAT,1,2026,0.2
RE1,S21,DEMAGRGWTWAT,1,2026,0.2
RE1,S22,DEMAGRGWTWAT,1,2026,0.2
RE1,S11,DEMAGRGWTWAT,1,2027,0.15
RE1,S12,DEMAGRGWTWAT,1,2027,0.15
RE1,S21,DEMAGRGWTWAT,1,2027,0.15
RE1,S22,DEMAGRGWTWAT,1,2027,0.15
RE1,S11,DEMAGRGWTWAT,1,2028,0.1
RE1,S12,DEMAGRGWTWAT,1,2028,0.1
RE1,S21,DEMAGRGWTWAT,1,2028,0.1
RE1,S22,DEMAGRGWTWAT,1,2028,0.1
RE1,S11,DEMAGRGWTWAT,1,2029,0.05
RE1,S12,DEMAGRGWTWAT,1,2029,0.05
RE1,S21,DEMAGRGWTWAT,1,2029,0.05
RE1,S22,DEMAGRGWTWAT,1,2029,0.05
RE1,S11,DEMPWRSURWAT,1,2020,0.0343
RE1,S12,DEMPWRSURWAT,1,2020,0.0355
RE1,S21,DEMPWRSURWAT,1,2020,0.05
RE1,S22,DEMPWRSURWAT,1,2020,0.0379
RE1,S11,DEMPWRSURWAT,1,2021,0.0456
RE1,S12,DEMPWRSURWAT,1,2021,0.041
RE1,S21,DEMPWRSURWAT,1,2021,0.0509
RE1,S22,DEMPWRSURWAT,1,2021,0.0304
RE1,S11,DEMPWRSURWAT,1,2022,0.0503
RE1,S12,DEMPWRSURWAT,1,2022,0.0436
RE1,S21,DEMPWRSURWAT,1,2022,0.0564
RE1,S22,DEMPWRSURWAT,1,2022,0.0361
RE1,S11,DEMPWRSURWAT,1,2023,0.0545
RE1,S12,DEMPWRSURWAT,1,2023,0.0478
RE1,S21,DEMPWRSURWAT,1,2023,0.0622
RE1,S22,DEMPWRSURWAT,1,2023,0.042
RE1,S11,DEMPWRSURWAT,1,2024,0.0587
RE1,S12,DEMPWRSURWAT,1,2024,0.052
RE1,S21,DEMPWRSURWAT,1,2024,0.0684
RE1,S22,DEMPWRSURWAT,1,2024,0.0471
RE1,S11,DEMPWRSURWAT,1,2025,0.0631
RE1,S12,DEMPWRSURWAT,1,2025,0.0565
RE1,S21,DEMPWRSURWAT,1,2025,0.0752
RE1,S22,DEMPWRSURWAT,1,2025,0.0526
RE1,S11,DEMPWRSURWAT,1,2026,0.0661
RE1,S12,DEMPWRSURWAT,1,2026,0.0627
RE1,S21,DEMPWRSURWAT,1,2026,0.0844
RE1,S22,DEMPWRSURWAT,1,2026,0.0577
RE1,S11,DEMPWRSURWAT,1,2027,0.0665
RE1,S12,DEMPWRSURWAT,1,2027,0.0833
RE1,S21,DEMPWRSURWAT,1,2027,0.0896
RE1,S22,DEMPWRSURWAT,1,2027,0.0616
RE1,S11,DEMPWRSURWAT,1,2028,0.0786
RE1,S12,DEMPWRSURWAT,1,2028,0.0758
RE1,S21,DEMPWRSURWAT,1,2028,0.0969
RE1,S22,DEMPWRSURWAT,1,2028,0.0676
RE1,S11,DEMPWRSURWAT,1,2029,0.0867
RE1,S12,DEMPWRSURWAT,1,2029,0.0782
RE1,S21,DEMPWRSURWAT,1,2029,0.105
RE1,S22,DEMPWRSURWAT,1,2029,0.0742
RE1,S11,DEMPWRSURWAT,1,2030,0.0915
RE1,S12,DEMPWRSURWAT,1,2030,0.0814
RE1,S21,DEMPWRSURWAT,1,2030,0.1103
RE1,S22,DEMPWRSURWAT,1,2030,0.0779
RE1,S11,DEMPWRSURWAT,1,2031,0.0911
RE1,S12,DEMPWRSURWAT,1,2031,0.1051
RE1,S21,DEMPWRSURWAT,1,2031,0.1191
RE1,S22,DEMPWRSURWAT,1,2031,0.0822
RE1,S11,DEMPWRSURWAT,1,2032,0.1049
RE1,S12,DEMPWRSURWAT,1,2032,0.0964
RE1,S21,DEMPWRSURWAT,1,2032,0.1286
RE1,S22,DEMPWRSURWAT,1,2032,0.0928
RE1,S11,DEMPWRSURWAT,1,2033,0.1122
RE1,S12,DEMPWRSURWAT,1,2033,0.1044
RE1,S21,DEMPWRSURWAT,1,2033,0.1385
RE1,S22,DEMPWRSURWAT,1,2033,0.1008
RE1,S11,DEMPWRSURWAT,1,2034,0.12
RE1,S12,DEMPWRSURWAT,1,2034,0.113
RE1,S21,DEMPWRSURWAT,1,2034,0.1491
RE1,S22,DEMPWRSURWAT,1,2034,0.1095
RE1,S11,DEMPWRSURWAT,1,2035,0.1281
RE1,S12,DEMPWRSURWAT,1,2035,0.1219
RE1,S21,DEMPWRSURWAT,1,2035,0.16
RE1,S22,DEMPWRSURWAT,1,2035,0.1184
RE1,S11,DEMPUBSURWAT,1,2020,0.83
RE1,S12,DEMPUBSURWAT,1,2020,0.5309
RE1,S21,DEMPUBSURWAT,1,2020,0.83
RE1,S22,DEMPUBSURWAT,1,2020,0.4354
RE1,S11,DEMPUBSURWAT,1,2021,0.933
RE1,S12,DEMPUBSURWAT,1,2021,0.5684
RE1,S21,DEMPUBSURWAT,1,2021,0.933
RE1,S22,DEMPUBSURWAT,1,2021,0.4662
RE1,S11,DEMPUBSURWAT,1,2022,1.056
RE1,S12,DEMPUBSURWAT,1,2022,0.608
RE1,S21,DEMPUBSURWAT,1,2022,1.056
RE1,S22,DEMPUBSURWAT,1,2022,0.4987
RE1,S11,DEMPUBSURWAT,1,2023,1.1822
RE1,S12,DEMPUBSURWAT,1,2023,0.6488
RE1,S21,DEMPUBSURWAT,1,2023,1.1822
RE1,S22,DEMPUBSURWAT,1,2023,0.5321
RE1,S11,DEMPUBSURWAT,1,2024,1.3135
RE1,S12,DEMPUBSURWAT,1,2024,0.6911
RE1,S21,DEMPUBSURWAT,1,2024,1.3135
RE1,S22,DEMPUBSURWAT,1,2024,0.5668
RE1,S11,DEMPUBSURWAT,1,2025,1.4514
RE1,S12,DEMPUBSURWAT,1,2025,0.7355
RE1,S21,DEMPUBSURWAT,1,2025,1.4514
RE1,S22,DEMPUBSURWAT,1,2025,0.6033
RE1,S11,DEMPUBSURWAT,1,2026,1.5943
RE1,S12,DEMPUBSURWAT,1,2026,0.7816
RE1,S21,DEMPUBSURWAT,1,2026,1.5943
RE1,S22,DEMPUBSURWAT,1,2026,0.6411
RE1,S11,DEMPUBSURWAT,1,2027,1.7422
RE1,S12,DEMPUBSURWAT,1,2027,0.8293
RE1,S21,DEMPUBSURWAT,1,2027,1.7422
RE1,S22,DEMPUBSURWAT,1,2027,0.6802
RE1,S11,DEMPUBSURWAT,1,2028,1.8984
RE1,S12,DEMPUBSURWAT,1,2028,0.8796
RE1,S21,DEMPUBSURWAT,1,2028,1.8984
RE1,S22,DEMPUBSURWAT,1,2028,0.7215
RE1,S11,DEMPUBSURWAT,1,2029,2.0596
RE1,S12,DEMPUBSURWAT,1,2029,0.9316
RE1,S21,DEMPUBSURWAT,1,2029,2.0596
RE1,S22,DEMPUBSURWAT,1,2029,0.7641
RE1,S11,DEMPUBSURWAT,1,2030,2.2291
RE1,S12,DEMPUBSURWAT,1,2030,0.9862
RE1,S21,DEMPUBSURWAT,1,2030,2.2291
RE1,S22,DEMPUBSURWAT,1,2030,0.8089
RE1,S11,DEMPUBSURWAT,1,2031,2.4052
RE1,S12,DEMPUBSURWAT,1,2031,1.043
RE1,S21,DEMPUBSURWAT,1,2031,2.4052
RE1,S22,DEMPUBSURWAT,1,2031,0.8555
RE1,S11,DEMPUBSURWAT,1,2032,2.588
RE1,S12,DEMPUBSURWAT,1,2032,1.102
RE1,S21,DEMPUBSURWAT,1,2032,2.588
RE1,S22,DEMPUBSURWAT,1,2032,0.9038
RE1,S11,DEMPUBSURWAT,1,2033,2.7791
RE1,S12,DEMPUBSURWAT,1,2033,1.1636
RE1,S21,DEMPUBSURWAT,1,2033,2.7791
RE1,S22,DEMPUBSURWAT,1,2033,0.9544
RE1,S11,DEMPUBSURWAT,1,2034,2.9785
RE1,S12,DEMPUBSURWAT,1,2034,1.2279
RE1,S21,DEMPUBSURWAT,1,2034,2.9785
RE1,S22,DEMPUBSURWAT,1,2034,1.0071
RE1,S11,DEMPUBSURWAT,1,2035,3.1878
RE1,S12,DEMPUBSURWAT,1,2035,1.2954
RE1,S21,DEMPUBSURWAT,1,2035,3.1878
RE1,S22,DEMPUBSURWAT,1,2035,1.0625
RE1,S11,DEMPUBGWTWAT,1,2020,0.7516
RE1,S21,DEMPUBGWTWAT,1,2020,0.8167
RE1,S11,DEMPUBGWTWAT,1,2021,0.7603
RE1,S21,DEMPUBGWTWAT,1,2021,0.83
RE1,S11,DEMPUBGWTWAT,1,2022,0.7555
RE1,S21,DEMPUBGWTWAT,1,2022,0.83
RE1,S11,DEMPUBGWTWAT,1,2023,0.7505
RE1,S21,DEMPUBGWTWAT,1,2023,0.83
RE1,S11,DEMPUBGWTWAT,1,2024,0.7453
RE1,S21,DEMPUBGWTWAT,1,2024,0.83
RE1,S11,DEMPUBGWTWAT,1,2025,0.7399
RE1,S21,DEMPUBGWTWAT,1,2025,0.83
RE1,S11,DEMPUBGWTWAT,1,2026,0.7342
RE1,S21,DEMPUBGWTWAT,1,2026,0.83
RE1,S11,DEMPUBGWTWAT,1,2027,0.7284
RE1,S21,DEMPUBGWTWAT,1,2027,0.83
RE1,S11,DEMPUBGWTWAT,1,2028,0.7222
RE1,S21,DEMPUBGWTWAT,1,2028,0.83
RE1,S11,DEMPUBGWTWAT,1,2029,0.7158
RE1,S21,DEMPUBGWTWAT,1,2029,0.83
RE1,S11,DEMPUBGWTWAT,1,2030,0.7091
RE1,S21,DEMPUBGWTWAT,1,2030,0.83
RE1,S11,DEMPUBGWTWAT,1,2031,0.7022
RE1,S21,DEMPUBGWTWAT,1,2031,0.83
RE1,S11,DEMPUBGWTWAT,1,2032,0.695
RE1,S21,DEMPUBGWTWAT,1,2032,0.83
RE1,S11,DEMPUBGWTWAT,1,2033,0.6874
RE1,S21,DEMPUBGWTWAT,1,2033,0.83
RE1,S11,DEMPUBGWTWAT,1,2034,0.6795
RE1,S21,DEMPUBGWTWAT,1,2034,0.83
RE1,S11,DEMPUBGWTWAT,1,2035,0.6713
RE1,S21,DEMPUBGWTWAT,1,2035,0.83
RE1,S11,DEMTRABIO,1,2020,1.1848
RE1,S12,DEMTRABIO,1,2020,1.1848
RE1,S21,DEMTRABIO,1,2020,1.1848
RE1,S22,DEMTRABIO,1,2020,1.1848
RE1,S11,DEMTRABIO,1,2021,1.2204
RE1,S12,DEMTRABIO,1,2021,1.2204
RE1,S21,DEMTRABIO,1,2021,1.2204
RE1,S22,DEMTRABIO,1,2021,1.2204
RE1,S11,DEMTRABIO,1,2022,1.2559
RE1,S12,DEMTRABIO,1,2022,1.2559
RE1,S21,DEMTRABIO,1,2022,1.2559
RE1,S22,DEMTRABIO,1,2022,1.2559
RE1,S11,DEMTRABIO,1,2023,1.2915
RE1,S12,DEMTRABIO,1,2023,1.2915
RE1,S21,DEMTRABIO,1,2023,1.2915
RE1,S22,DEMTRABIO,1,2023,1.2915
RE1,S11,DEMTRABIO,1,2024,1.327
RE1,S12,DEMTRABIO,1,2024,1.327
RE1,S21,DEMTRABIO,1,2024,1.327
RE1,S22,DEMTRABIO,1,2024,1.327
RE1,S11,DEMTRABIO,1,2025,1.3744
RE1,S12,DEMTRABIO,1,2025,1.3744
RE1,S21,DEMTRABIO,1,2025,1.3744
RE1,S22,DEMTRABIO,1,2025,1.3744
RE1,S11,DEMTRABIO,1,2026,1.41
RE1,S12,DEMTRABIO,1,2026,1.41
RE1,S21,DEMTRABIO,1,2026,1.41
RE1,S22,DEMTRABIO,1,2026,1.41
RE1,S11,DEMTRABIO,1,2027,1.4455
RE1,S12,DEMTRABIO,1,2027,1.4455
RE1,S21,DEMTRABIO,1,2027,1.4455
RE1,S22,DEMTRABIO,1,2027,1.4455
RE1,S11,DEMTRABIO,1,2028,1.4929
RE1,S12,DEMTRABIO,1,2028,1.4929
RE1,S21,DEMTRABIO,1,2028,1.4929
RE1,S22,DEMTRABIO,1,2028,1.4929
RE1,S11,DEMTRABIO,1,2029,1.5403
RE1,S12,DEMTRABIO,1,2029,1.5403
RE1,S21,DEMTRABIO,1,2029,1.5403
RE1,S22,DEMTRABIO,1,2029,1.5403
RE1,S11,DEMTRABIO,1,2030,1.5877
RE1,S12,DEMTRABIO,1,2030,1.5877
RE1,S21,DEMTRABIO,1,2030,1.5877
RE1,S22,DEMTRABIO,1,2030,1.5877
RE1,S11,DEMTRABIO,1,2031,1.6351
RE1,S12,DEMTRABIO,1,2031,1.6351
RE1,S21,DEMTRABIO,1,2031,1.6351
RE1,S22,DEMTRABIO,1,2031,1.6351
RE1,S11,DEMTRABIO,1,2032,1.6825
RE1,S12,DEMTRABIO,1,2032,1.6825
RE1,S21,DEMTRABIO,1,2032,1.6825
RE1,S22,DEMTRABIO,1,2032,1.6825
RE1,S11,DEMTRABIO,1,2033,1.7299
RE1,S12,DEMTRABIO,1,2033,1.7299
RE1,S21,DEMTRABIO,1,2033,1.7299
RE1,S22,DEMTRABIO,1,2033,1.7299
RE1,S11,DEMTRABIO,1,2034,1.7773
RE1,S12,DEMTRABIO,1,2034,1.7773
RE1,S21,DEMTRABIO,1,2034,1.7773
RE1,S22,DEMTRABIO,1,2034,1.7773
RE1,S11,DEMTRABIO,1,2035,1.8246
RE1,S12,DEMTRABIO,1,2035,1.8246
RE1,S21,DEMTRABIO,1,2035,1.8246
RE1,S22,DEMTRABIO,1,2035,1.8246
RE1,S11,PWRBATIN,2,2020,8.4395
RE1,S11,PWRBATIN,2,2021,34.1887
RE1,S12,PWRBATIN,2,2021,5.0265
RE1,S11,PWRBATIN,2,2022,36.7019
RE1,S11,PWRBATIN,2,2023,36.7019
RE1,S11,PWRBATIN,2,2024,36.7019
RE1,S11,PWRBATIN,2,2025,36.7019
RE1,S11,PWRBATIN,2,2026,39.2952
RE1,S12,PWRBATIN,2,2026,4.766
RE1,S11,PWRBATIN,2,2027,22.6596
RE1,S12,PWRBATIN,2,2027,61.2931
RE1,S11,PWRBATIN,2,2028,47.8229
RE1,S12,PWRBATIN,2,2028,15.1424
RE1,S11,PWRBATIN,2,2029,56.3102
RE1,S12,PWRBATIN,2,2029,2.7614
RE1,S11,PWRBATIN,2,2030,57.9377
RE1,S12,PWRBATIN,2,2030,4.2115
RE1,S11,PWRBATIN,2,2031,28.8108
RE1,S12,PWRBATIN,2,2031,67.6325
RE1,S11,PWRBATIN,2,2032,59.7692
RE1,S12,PWRBATIN,2,2032,11.3202
RE1,S11,PWRBATIN,2,2033,60.7127
RE1,S12,PWRBATIN,2,2033,14.982
RE1,S11,PWRBATIN,2,2034,61.7393
RE1,S12,PWRBATIN,2,2034,18.9666
RE1,S11,PWRBATIN,2,2035,62.7921
RE1,S12,PWRBATIN,2,2035,23.0524
RE1,S21,PWRBATOUT,2,2020,2.8357
RE1,S22,PWRBATOUT,2,2020,11.4973
RE1,S21,PWRBATOUT,2,2021,12.3318
RE1,S22,PWRBATOUT,2,2021,50.0
RE1,S21,PWRBATOUT,2,2022,12.3318
RE1,S22,PWRBATOUT,2,2022,50.0
RE1,S21,PWRBATOUT,2,2023,12.3318
RE1,S22,PWRBATOUT,2,2023,50.0
RE1,S21,PWRBATOUT,2,2024,12.3318
RE1,S22,PWRBATOUT,2,2024,50.0
RE1,S21,PWRBATOUT,2,2025,12.3318
RE1,S22,PWRBATOUT,2,2025,50.0
RE1,S21,PWRBATOUT,2,2026,15.6962
RE1,S22,PWRBATOUT,2,2026,53.3845
RE1,S21,PWRBATOUT,2,2027,23.5574
RE1,S22,PWRBATOUT,2,2027,61.2931
RE1,S21,PWRBATOUT,2,2028,24.969
RE1,S22,PWRBATOUT,2,2028,62.7132
RE1,S21,PWRBATOUT,2,2029,26.5218
RE1,S22,PWRBATOUT,2,2029,64.2753
RE1,S21,PWRBATOUT,2,2030,28.1122
RE1,S22,PWRBATOUT,2,2030,65.8753
RE1,S21,PWRBATOUT,2,2031,29.859
RE1,S22,PWRBATOUT,2,2031,67.6325
RE1,S21,PWRBATOUT,2,2032,31.7535
RE1,S22,PWRBATOUT,2,2032,69.5385
RE1,S21,PWRBATOUT,2,2033,33.6291
RE1,S22,PWRBATOUT,2,2033,71.4254
RE1,S21,PWRBATOUT,2,2034,35.6702
RE1,S22,PWRBATOUT,2,2034,73.4787
RE1,S21,PWRBATOUT,2,2035,37.763
RE1,S22,PWRBATOUT,2,2035,75.5841
