t,f,m,y,l,r,UseByTechnology
DEMAGRGWTWAT,ELC002,1,2020,S11,RE1,0.0
DEMAGRGWTWAT,ELC002,1,2021,S11,RE1,0.0
DEMAGRGWTWAT,ELC002,1,2022,S11,RE1,0.0966
DEMAGRGWTWAT,ELC002,1,2023,S11,RE1,0.127
DEMAGRGWTWAT,ELC002,1,2024,S11,RE1,0.1089
DEMAGRGWTWAT,ELC002,1,2025,S11,RE1,0.0907
DEMAGRGWTWAT,ELC002,1,2026,S11,RE1,0.0726
DEMAGRGWTWAT,ELC002,1,2027,S11,RE1,0.0544
DEMAGRGWTWAT,ELC002,1,2028,S11,RE1,0.0363
DEMAGRGWTWAT,ELC002,1,2029,S11,RE1,0.0181
DEMAGRGWTWAT,ELC002,1,2030,S11,RE1,0.0
DEMAGRGWTWAT,ELC002,1,2031,S11,RE1,0.0
DEMAGRGWTWAT,ELC002,1,2032,S11,RE1,0.0
DEMAGRGWTWAT,ELC002,1,2033,S11,RE1,0.0
DEMAGRGWTWAT,ELC002,1,2034,S11,RE1,0.0
DEMAGRGWTWAT,ELC002,1,2035,S11,RE1,0.0
DEMAGRGWTWAT,WTRGWT,1,2020,S11,RE1,0.0
DEMAGRGWTWAT,WTRGWT,1,2021,S11,RE1,0.0
DEMAGRGWTWAT,WTRGWT,1,2022,S11,RE1,0.0894
DEMAGRGWTWAT,WTRGWT,1,2023,S11,RE1,0.1176
DEMAGRGWTWAT,WTRGWT,1,2024,S11,RE1,0.1008
DEMAGRGWTWAT,WTRGWT,1,2025,S11,RE1,0.084
DEMAGRGWTWAT,WTRGWT,1,2026,S11,RE1,0.0672
DEMAGRGWTWAT,WTRGWT,1,2027,S11,RE1,0.0504
DEMAGRGWTWAT,WTRGWT,1,2028,S11,RE1,0.0336
DEMAGRGWTWAT,WTRGWT,1,2029,S11,RE1,0.0168
DEMAGRGWTWAT,WTRGWT,1,2030,S11,RE1,0.0
DEMAGRGWTWAT,WTRGWT,1,2031,S11,RE1,0.0
DEMAGRGWTWAT,WTRGWT,1,2032,S11,RE1,0.0
DEMAGRGWTWAT,WTRGWT,1,2033,S11,RE1,0.0
DEMAGRGWTWAT,WTRGWT,1,2034,S11,RE1,0.0
DEMAGRGWTWAT,WTRGWT,1,2035,S11,RE1,0.0
DEMAGRSURWAT,ELC002,1,2020,S11,RE1,0.1442
DEMAGRSURWAT,ELC002,1,2021,S11,RE1,0.2241
DEMAGRSURWAT,ELC002,1,2022,S11,RE1,0.2312
DEMAGRSURWAT,ELC002,1,2023,S11,RE1,0.3039
DEMAGRSURWAT,ELC002,1,2024,S11,RE1,0.4116
DEMAGRSURWAT,ELC002,1,2025,S11,RE1,0.5408
DEMAGRSURWAT,ELC002,1,2026,S11,RE1,0.6579
DEMAGRSURWAT,ELC002,1,2027,S11,RE1,0.7787
DEMAGRSURWAT,ELC002,1,2028,S11,RE1,0.928
DEMAGRSURWAT,ELC002,1,2029,S11,RE1,1.0626
DEMAGRSURWAT,ELC002,1,2030,S11,RE1,1.2012
DEMAGRSURWAT,ELC002,1,2031,S11,RE1,1.2315
DEMAGRSURWAT,ELC002,1,2032,S11,RE1,1.2621
DEMAGRSURWAT,ELC002,1,2033,S11,RE1,1.2928
DEMAGRSURWAT,ELC002,1,2034,S11,RE1,1.3512
DEMAGRSURWAT,ELC002,1,2035,S11,RE1,1.3833
DEMAGRSURWAT,WTRSUR,1,2020,S11,RE1,0.1677
DEMAGRSURWAT,WTRSUR,1,2021,S11,RE1,0.2606
DEMAGRSURWAT,WTRSUR,1,2022,S11,RE1,0.2688
DEMAGRSURWAT,WTRSUR,1,2023,S11,RE1,0.3533
DEMAGRSURWAT,WTRSUR,1,2024,S11,RE1,0.4786
DEMAGRSURWAT,WTRSUR,1,2025,S11,RE1,0.6289
DEMAGRSURWAT,WTRSUR,1,2026,S11,RE1,0.765
DEMAGRSURWAT,WTRSUR,1,2027,S11,RE1,0.9055
DEMAGRSURWAT,WTRSUR,1,2028,S11,RE1,1.0791
DEMAGRSURWAT,WTRSUR,1,2029,S11,RE1,1.2356
DEMAGRSURWAT,WTRSUR,1,2030,S11,RE1,1.3968
DEMAGRSURWAT,WTRSUR,1,2031,S11,RE1,1.432
DEMAGRSURWAT,WTRSUR,1,2032,S11,RE1,1.4675
DEMAGRSURWAT,WTRSUR,1,2033,S11,RE1,1.5033
DEMAGRSURWAT,WTRSUR,1,2034,S11,RE1,1.5712
DEMAGRSURWAT,WTRSUR,1,2035,S11,RE1,1.6085
DEMPUBGWTWAT,ELC002,1,2020,S11,RE1,1.0682
DEMPUBGWTWAT,ELC002,1,2021,S11,RE1,1.0806
DEMPUBGWTWAT,ELC002,1,2022,S11,RE1,1.0738
DEMPUBGWTWAT,ELC002,1,2023,S11,RE1,1.0667
DEMPUBGWTWAT,ELC002,1,2024,S11,RE1,1.0593
DEMPUBGWTWAT,ELC002,1,2025,S11,RE1,1.0516
DEMPUBGWTWAT,ELC002,1,2026,S11,RE1,1.0435
DEMPUBGWTWAT,ELC002,1,2027,S11,RE1,1.0353
DEMPUBGWTWAT,ELC002,1,2028,S11,RE1,1.0264
DEMPUBGWTWAT,ELC002,1,2029,S11,RE1,1.0174
DEMPUBGWTWAT,ELC002,1,2030,S11,RE1,1.0078
DEMPUBGWTWAT,ELC002,1,2031,S11,RE1,0.998
DEMPUBGWTWAT,ELC002,1,2032,S11,RE1,0.9878
DEMPUBGWTWAT,ELC002,1,2033,S11,RE1,0.977
DEMPUBGWTWAT,ELC002,1,2034,S11,RE1,0.9658
DEMPUBGWTWAT,ELC002,1,2035,S11,RE1,0.9541
DEMPUBGWTWAT,WTRGWT,1,2020,S11,RE1,0.2525
DEMPUBGWTWAT,WTRGWT,1,2021,S11,RE1,0.2555
DEMPUBGWTWAT,WTRGWT,1,2022,S11,RE1,0.2538
DEMPUBGWTWAT,WTRGWT,1,2023,S11,RE1,0.2522
DEMPUBGWTWAT,WTRGWT,1,2024,S11,RE1,0.2504
DEMPUBGWTWAT,WTRGWT,1,2025,S11,RE1,0.2486
DEMPUBGWTWAT,WTRGWT,1,2026,S11,RE1,0.2467
DEMPUBGWTWAT,WTRGWT,1,2027,S11,RE1,0.2447
DEMPUBGWTWAT,WTRGWT,1,2028,S11,RE1,0.2427
DEMPUBGWTWAT,WTRGWT,1,2029,S11,RE1,0.2405
DEMPUBGWTWAT,WTRGWT,1,2030,S11,RE1,0.2383
DEMPUBGWTWAT,WTRGWT,1,2031,S11,RE1,0.2359
DEMPUBGWTWAT,WTRGWT,1,2032,S11,RE1,0.2335
DEMPUBGWTWAT,WTRGWT,1,2033,S11,RE1,0.231
DEMPUBGWTWAT,WTRGWT,1,2034,S11,RE1,0.2283
DEMPUBGWTWAT,WTRGWT,1,2035,S11,RE1,0.2256
DEMPUBSURWAT,ELC002,1,2020,S11,RE1,0.7864
DEMPUBSURWAT,ELC002,1,2021,S11,RE1,0.884
DEMPUBSURWAT,ELC002,1,2022,S11,RE1,1.0006
DEMPUBSURWAT,ELC002,1,2023,S11,RE1,1.1202
DEMPUBSURWAT,ELC002,1,2024,S11,RE1,1.2446
DEMPUBSURWAT,ELC002,1,2025,S11,RE1,1.3752
DEMPUBSURWAT,ELC002,1,2026,S11,RE1,1.5106
DEMPUBSURWAT,ELC002,1,2027,S11,RE1,1.6508
DEMPUBSURWAT,ELC002,1,2028,S11,RE1,1.7988
DEMPUBSURWAT,ELC002,1,2029,S11,RE1,1.9515
DEMPUBSURWAT,ELC002,1,2030,S11,RE1,2.1121
DEMPUBSURWAT,ELC002,1,2031,S11,RE1,2.279
DEMPUBSURWAT,ELC002,1,2032,S11,RE1,2.4522
DEMPUBSURWAT,ELC002,1,2033,S11,RE1,2.6333
DEMPUBSURWAT,ELC002,1,2034,S11,RE1,2.8222
DEMPUBSURWAT,ELC002,1,2035,S11,RE1,3.0205
DEMPUBSURWAT,WTRSUR,1,2020,S11,RE1,0.2789
DEMPUBSURWAT,WTRSUR,1,2021,S11,RE1,0.3135
DEMPUBSURWAT,WTRSUR,1,2022,S11,RE1,0.3548
DEMPUBSURWAT,WTRSUR,1,2023,S11,RE1,0.3972
DEMPUBSURWAT,WTRSUR,1,2024,S11,RE1,0.4413
DEMPUBSURWAT,WTRSUR,1,2025,S11,RE1,0.4877
DEMPUBSURWAT,WTRSUR,1,2026,S11,RE1,0.5357
DEMPUBSURWAT,WTRSUR,1,2027,S11,RE1,0.5854
DEMPUBSURWAT,WTRSUR,1,2028,S11,RE1,0.6379
DEMPUBSURWAT,WTRSUR,1,2029,S11,RE1,0.692
DEMPUBSURWAT,WTRSUR,1,2030,S11,RE1,0.749
DEMPUBSURWAT,WTRSUR,1,2031,S11,RE1,0.8081
DEMPUBSURWAT,WTRSUR,1,2032,S11,RE1,0.8696
DEMPUBSURWAT,WTRSUR,1,2033,S11,RE1,0.9338
DEMPUBSURWAT,WTRSUR,1,2034,S11,RE1,1.0008
DEMPUBSURWAT,WTRSUR,1,2035,S11,RE1,1.0711
DEMPWRSURWAT,ELC002,1,2020,S11,RE1,0.0298
DEMPWRSURWAT,ELC002,1,2021,S11,RE1,0.0334
DEMPWRSURWAT,ELC002,1,2022,S11,RE1,0.0379
DEMPWRSURWAT,ELC002,1,2023,S11,RE1,0.0421
DEMPWRSURWAT,ELC002,1,2024,S11,RE1,0.0461
DEMPWRSURWAT,ELC002,1,2025,S11,RE1,0.0496
DEMPWRSURWAT,ELC002,1,2026,S11,RE1,0.0538
DEMPWRSURWAT,ELC002,1,2027,S11,RE1,0.0587
DEMPWRSURWAT,ELC002,1,2028,S11,RE1,0.0623
DEMPWRSURWAT,ELC002,1,2029,S11,RE1,0.0695
DEMPWRSURWAT,ELC002,1,2030,S11,RE1,0.0718
DEMPWRSURWAT,ELC002,1,2031,S11,RE1,0.0778
DEMPWRSURWAT,ELC002,1,2032,S11,RE1,0.0855
DEMPWRSURWAT,ELC002,1,2033,S11,RE1,0.0922
DEMPWRSURWAT,ELC002,1,2034,S11,RE1,0.0993
DEMPWRSURWAT,ELC002,1,2035,S11,RE1,0.1067
DEMPWRSURWAT,WTRSUR,1,2020,S11,RE1,0.0106
DEMPWRSURWAT,WTRSUR,1,2021,S11,RE1,0.0119
DEMPWRSURWAT,WTRSUR,1,2022,S11,RE1,0.0134
DEMPWRSURWAT,WTRSUR,1,2023,S11,RE1,0.0149
DEMPWRSURWAT,WTRSUR,1,2024,S11,RE1,0.0164
DEMPWRSURWAT,WTRSUR,1,2025,S11,RE1,0.0176
DEMPWRSURWAT,WTRSUR,1,2026,S11,RE1,0.0191
DEMPWRSURWAT,WTRSUR,1,2027,S11,RE1,0.0208
DEMPWRSURWAT,WTRSUR,1,2028,S11,RE1,0.0221
DEMPWRSURWAT,WTRSUR,1,2029,S11,RE1,0.0246
DEMPWRSURWAT,WTRSUR,1,2030,S11,RE1,0.0255
DEMPWRSURWAT,WTRSUR,1,2031,S11,RE1,0.0276
DEMPWRSURWAT,WTRSUR,1,2032,S11,RE1,0.0303
DEMPWRSURWAT,WTRSUR,1,2033,S11,RE1,0.0327
DEMPWRSURWAT,WTRSUR,1,2034,S11,RE1,0.0352
DEMPWRSURWAT,WTRSUR,1,2035,S11,RE1,0.0378
DEMTRABIO,CRPMAI,1,2020,S11,RE1,0.3981
DEMTRABIO,CRPMAI,1,2021,S11,RE1,0.4101
DEMTRABIO,CRPMAI,1,2022,S11,RE1,0.422
DEMTRABIO,CRPMAI,1,2023,S11,RE1,0.4339
DEMTRABIO,CRPMAI,1,2024,S11,RE1,0.4459
DEMTRABIO,CRPMAI,1,2025,S11,RE1,0.4618
DEMTRABIO,CRPMAI,1,2026,S11,RE1,0.4738
DEMTRABIO,CRPMAI,1,2027,S11,RE1,0.4857
DEMTRABIO,CRPMAI,1,2028,S11,RE1,0.5016
DEMTRABIO,CRPMAI,1,2029,S11,RE1,0.5175
DEMTRABIO,CRPMAI,1,2030,S11,RE1,0.5335
DEMTRABIO,CRPMAI,1,2031,S11,RE1,0.5494
DEMTRABIO,CRPMAI,1,2032,S11,RE1,0.5653
DEMTRABIO,CRPMAI,1,2033,S11,RE1,0.5812
DEMTRABIO,CRPMAI,1,2034,S11,RE1,0.5972
DEMTRABIO,CRPMAI,1,2035,S11,RE1,0.6131
LNDBLT,LND,1,2020,S11,RE1,5.04
LNDBLT,LND,1,2021,S11,RE1,5.1072
LNDBLT,LND,1,2022,S11,RE1,5.1408
LNDBLT,LND,1,2023,S11,RE1,5.208
LNDBLT,LND,1,2024,S11,RE1,5.2416
LNDBLT,LND,1,2025,S11,RE1,5.3088
LNDBLT,LND,1,2026,S11,RE1,5.3424
LNDBLT,LND,1,2027,S11,RE1,5.4096
LNDBLT,LND,1,2028,S11,RE1,5.4432
LNDBLT,LND,1,2029,S11,RE1,5.5104
LNDBLT,LND,1,2030,S11,RE1,5.5776
LNDBLT,LND,1,2031,S11,RE1,5.6112
LNDBLT,LND,1,2032,S11,RE1,5.6784
LNDBLT,LND,1,2033,S11,RE1,5.7456
LNDBLT,LND,1,2034,S11,RE1,5.7792
LNDBLT,LND,1,2035,S11,RE1,5.8464
LNDBLT,WTRPRC,1,2020,S11,RE1,6.048
LNDBLT,WTRPRC,1,2021,S11,RE1,6.0265
LNDBLT,WTRPRC,1,2022,S11,RE1,6.0147
LNDBLT,WTRPRC,1,2023,S11,RE1,5.9892
LNDBLT,WTRPRC,1,2024,S11,RE1,5.9754
LNDBLT,WTRPRC,1,2025,S11,RE1,5.9459
LNDBLT,WTRPRC,1,2026,S11,RE1,5.9301
LNDBLT,WTRPRC,1,2027,S11,RE1,5.9506
LNDBLT,WTRPRC,1,2028,S11,RE1,5.8787
LNDBLT,WTRPRC,1,2029,S11,RE1,5.8961
LNDBLT,WTRPRC,1,2030,S11,RE1,5.9123
LNDBLT,WTRPRC,1,2031,S11,RE1,5.9479
LNDBLT,WTRPRC,1,2032,S11,RE1,6.0191
LNDBLT,WTRPRC,1,2033,S11,RE1,6.0903
LNDBLT,WTRPRC,1,2034,S11,RE1,6.0682
LNDBLT,WTRPRC,1,2035,S11,RE1,6.1387
LNDFOR,LND,1,2020,S11,RE1,85.2096
LNDFOR,LND,1,2021,S11,RE1,85.1483
LNDFOR,LND,1,2022,S11,RE1,85.1258
LNDFOR,LND,1,2023,S11,RE1,85.0718
LNDFOR,LND,1,2024,S11,RE1,85.0511
LNDFOR,LND,1,2025,S11,RE1,84.9904
LNDFOR,LND,1,2026,S11,RE1,84.9719
LNDFOR,LND,1,2027,S11,RE1,84.6146
LNDFOR,LND,1,2028,S11,RE1,84.8946
LNDFOR,LND,1,2029,S11,RE1,84.5225
LNDFOR,LND,1,2030,S11,RE1,84.5726
LNDFOR,LND,1,2031,S11,RE1,84.5726
LNDFOR,LND,1,2032,S11,RE1,84.5726
LNDFOR,LND,1,2033,S11,RE1,84.5726
LNDFOR,LND,1,2034,S11,RE1,84.5726
LNDFOR,LND,1,2035,S11,RE1,84.5726
LNDFOR,WTRPRC,1,2020,S11,RE1,102.2515
LNDFOR,WTRPRC,1,2021,S11,RE1,100.475
LNDFOR,WTRPRC,1,2022,S11,RE1,99.5971
LNDFOR,WTRPRC,1,2023,S11,RE1,97.8325
LNDFOR,WTRPRC,1,2024,S11,RE1,96.9583
LNDFOR,WTRPRC,1,2025,S11,RE1,95.1893
LNDFOR,WTRPRC,1,2026,S11,RE1,94.3188
LNDFOR,WTRPRC,1,2027,S11,RE1,93.0761
LNDFOR,WTRPRC,1,2028,S11,RE1,91.6862
LNDFOR,WTRPRC,1,2029,S11,RE1,90.4391
LNDFOR,WTRPRC,1,2030,S11,RE1,89.647
LNDFOR,WTRPRC,1,2031,S11,RE1,89.647
LNDFOR,WTRPRC,1,2032,S11,RE1,89.647
LNDFOR,WTRPRC,1,2033,S11,RE1,89.647
LNDFOR,WTRPRC,1,2034,S11,RE1,88.8012
LNDFOR,WTRPRC,1,2035,S11,RE1,88.8012
LNDMAIIRR,AGRDSL,1,2020,S11,RE1,0.0559
LNDMAIIRR,AGRDSL,1,2021,S11,RE1,0.1215
LNDMAIIRR,AGRDSL,1,2022,S11,RE1,0.1874
LNDMAIIRR,AGRDSL,1,2023,S11,RE1,0.2529
LNDMAIIRR,AGRDSL,1,2024,S11,RE1,0.3188
LNDMAIIRR,AGRDSL,1,2025,S11,RE1,0.3887
LNDMAIIRR,AGRDSL,1,2026,S11,RE1,0.4546
LNDMAIIRR,AGRDSL,1,2027,S11,RE1,0.5208
LNDMAIIRR,AGRDSL,1,2028,S11,RE1,0.591
LNDMAIIRR,AGRDSL,1,2029,S11,RE1,0.6612
LNDMAIIRR,AGRDSL,1,2030,S11,RE1,0.7317
LNDMAIIRR,AGRDSL,1,2031,S11,RE1,0.7521
LNDMAIIRR,AGRDSL,1,2032,S11,RE1,0.7725
LNDMAIIRR,AGRDSL,1,2033,S11,RE1,0.7928
LNDMAIIRR,AGRDSL,1,2034,S11,RE1,0.8132
LNDMAIIRR,AGRDSL,1,2035,S11,RE1,0.8339
LNDMAIIRR,AGRWAT,1,2020,S11,RE1,0.0343
LNDMAIIRR,AGRWAT,1,2021,S11,RE1,0.0793
LNDMAIIRR,AGRWAT,1,2022,S11,RE1,0.1262
LNDMAIIRR,AGRWAT,1,2023,S11,RE1,0.1807
LNDMAIIRR,AGRWAT,1,2024,S11,RE1,0.2343
LNDMAIIRR,AGRWAT,1,2025,S11,RE1,0.3014
LNDMAIIRR,AGRWAT,1,2026,S11,RE1,0.3618
LNDMAIIRR,AGRWAT,1,2027,S11,RE1,0.4252
LNDMAIIRR,AGRWAT,1,2028,S11,RE1,0.5066
LNDMAIIRR,AGRWAT,1,2029,S11,RE1,0.5802
LNDMAIIRR,AGRWAT,1,2030,S11,RE1,0.6571
LNDMAIIRR,AGRWAT,1,2031,S11,RE1,0.6753
LNDMAIIRR,AGRWAT,1,2032,S11,RE1,0.6936
LNDMAIIRR,AGRWAT,1,2033,S11,RE1,0.7119
LNDMAIIRR,AGRWAT,1,2034,S11,RE1,0.7468
LNDMAIIRR,AGRWAT,1,2035,S11,RE1,0.7658
LNDMAIIRR,LND,1,2020,S11,RE1,0.1142
LNDMAIIRR,LND,1,2021,S11,RE1,0.2479
LNDMAIIRR,LND,1,2022,S11,RE1,0.3824
LNDMAIIRR,LND,1,2023,S11,RE1,0.5162
LNDMAIIRR,LND,1,2024,S11,RE1,0.6507
LNDMAIIRR,LND,1,2025,S11,RE1,0.7932
LNDMAIIRR,LND,1,2026,S11,RE1,0.9277
LNDMAIIRR,LND,1,2027,S11,RE1,1.0629
LNDMAIIRR,LND,1,2028,S11,RE1,1.2061
LNDMAIIRR,LND,1,2029,S11,RE1,1.3494
LNDMAIIRR,LND,1,2030,S11,RE1,1.4934
LNDMAIIRR,LND,1,2031,S11,RE1,1.5349
LNDMAIIRR,LND,1,2032,S11,RE1,1.5764
LNDMAIIRR,LND,1,2033,S11,RE1,1.618
LNDMAIIRR,LND,1,2034,S11,RE1,1.6595
LNDMAIIRR,LND,1,2035,S11,RE1,1.7018
LNDMAIIRR,WTRPRC,1,2020,S11,RE1,0.137
LNDMAIIRR,WTRPRC,1,2021,S11,RE1,0.2926
LNDMAIIRR,WTRPRC,1,2022,S11,RE1,0.4474
LNDMAIIRR,WTRPRC,1,2023,S11,RE1,0.5936
LNDMAIIRR,WTRPRC,1,2024,S11,RE1,0.7418
LNDMAIIRR,WTRPRC,1,2025,S11,RE1,0.8884
LNDMAIIRR,WTRPRC,1,2026,S11,RE1,1.0297
LNDMAIIRR,WTRPRC,1,2027,S11,RE1,1.1692
LNDMAIIRR,WTRPRC,1,2028,S11,RE1,1.3026
LNDMAIIRR,WTRPRC,1,2029,S11,RE1,1.4438
LNDMAIIRR,WTRPRC,1,2030,S11,RE1,1.583
LNDMAIIRR,WTRPRC,1,2031,S11,RE1,1.627
LNDMAIIRR,WTRPRC,1,2032,S11,RE1,1.671
LNDMAIIRR,WTRPRC,1,2033,S11,RE1,1.7151
LNDMAIIRR,WTRPRC,1,2034,S11,RE1,1.7425
LNDMAIIRR,WTRPRC,1,2035,S11,RE1,1.7869
LNDMAIRNF,AGRDSL,1,2020,S11,RE1,0.405
LNDMAIRNF,AGRDSL,1,2021,S11,RE1,0.3645
LNDMAIRNF,AGRDSL,1,2022,S11,RE1,0.324
LNDMAIRNF,AGRDSL,1,2023,S11,RE1,0.2835
LNDMAIRNF,AGRDSL,1,2024,S11,RE1,0.243
LNDMAIRNF,AGRDSL,1,2025,S11,RE1,0.2025
LNDMAIRNF,AGRDSL,1,2026,S11,RE1,0.162
LNDMAIRNF,AGRDSL,1,2027,S11,RE1,0.1215
LNDMAIRNF,AGRDSL,1,2028,S11,RE1,0.081
LNDMAIRNF,AGRDSL,1,2029,S11,RE1,0.0405
LNDMAIRNF,AGRDSL,1,2030,S11,RE1,0.0
LNDMAIRNF,AGRDSL,1,2031,S11,RE1,0.0
LNDMAIRNF,AGRDSL,1,2032,S11,RE1,0.0
LNDMAIRNF,AGRDSL,1,2033,S11,RE1,0.0
LNDMAIRNF,AGRDSL,1,2034,S11,RE1,0.0
LNDMAIRNF,AGRDSL,1,2035,S11,RE1,0.0
LNDMAIRNF,LND,1,2020,S11,RE1,1.3776
LNDMAIRNF,LND,1,2021,S11,RE1,1.2398
LNDMAIRNF,LND,1,2022,S11,RE1,1.1021
LNDMAIRNF,LND,1,2023,S11,RE1,0.9643
LNDMAIRNF,LND,1,2024,S11,RE1,0.8266
LNDMAIRNF,LND,1,2025,S11,RE1,0.6888
LNDMAIRNF,LND,1,2026,S11,RE1,0.551
LNDMAIRNF,LND,1,2027,S11,RE1,0.4133
LNDMAIRNF,LND,1,2028,S11,RE1,0.2755
LNDMAIRNF,LND,1,2029,S11,RE1,0.1378
LNDMAIRNF,LND,1,2030,S11,RE1,0.0
LNDMAIRNF,LND,1,2031,S11,RE1,0.0
LNDMAIRNF,LND,1,2032,S11,RE1,0.0
LNDMAIRNF,LND,1,2033,S11,RE1,0.0
LNDMAIRNF,LND,1,2034,S11,RE1,0.0
LNDMAIRNF,LND,1,2035,S11,RE1,0.0
LNDMAIRNF,WTRPRC,1,2020,S11,RE1,1.6531
LNDMAIRNF,WTRPRC,1,2021,S11,RE1,1.463
LNDMAIRNF,WTRPRC,1,2022,S11,RE1,1.2894
LNDMAIRNF,WTRPRC,1,2023,S11,RE1,1.109
LNDMAIRNF,WTRPRC,1,2024,S11,RE1,0.9423
LNDMAIRNF,WTRPRC,1,2025,S11,RE1,0.7715
LNDMAIRNF,WTRPRC,1,2026,S11,RE1,0.6117
LNDMAIRNF,WTRPRC,1,2027,S11,RE1,0.4546
LNDMAIRNF,WTRPRC,1,2028,S11,RE1,0.2976
LNDMAIRNF,WTRPRC,1,2029,S11,RE1,0.1474
LNDMAIRNF,WTRPRC,1,2030,S11,RE1,0.0
LNDMAIRNF,WTRPRC,1,2031,S11,RE1,0.0
LNDMAIRNF,WTRPRC,1,2032,S11,RE1,0.0
LNDMAIRNF,WTRPRC,1,2033,S11,RE1,0.0
LNDMAIRNF,WTRPRC,1,2034,S11,RE1,0.0
LNDMAIRNF,WTRPRC,1,2035,S11,RE1,0.0
LNDRICIRR,AGRDSL,1,2020,S11,RE1,0.0906
LNDRICIRR,AGRDSL,1,2021,S11,RE1,0.1074
LNDRICIRR,AGRDSL,1,2022,S11,RE1,0.1272
LNDRICIRR,AGRDSL,1,2023,S11,RE1,0.146
LNDRICIRR,AGRDSL,1,2024,S11,RE1,0.1646
LNDRICIRR,AGRDSL,1,2025,S11,RE1,0.1827
LNDRICIRR,AGRDSL,1,2026,S11,RE1,0.2003
LNDRICIRR,AGRDSL,1,2027,S11,RE1,0.2174
LNDRICIRR,AGRDSL,1,2028,S11,RE1,0.2341
LNDRICIRR,AGRDSL,1,2029,S11,RE1,0.2505
LNDRICIRR,AGRDSL,1,2030,S11,RE1,0.2663
LNDRICIRR,AGRDSL,1,2031,S11,RE1,0.2716
LNDRICIRR,AGRDSL,1,2032,S11,RE1,0.2771
LNDRICIRR,AGRDSL,1,2033,S11,RE1,0.2827
LNDRICIRR,AGRDSL,1,2034,S11,RE1,0.2883
LNDRICIRR,AGRDSL,1,2035,S11,RE1,0.2941
LNDRICIRR,AGRWAT,1,2020,S11,RE1,0.0832
LNDRICIRR,AGRWAT,1,2021,S11,RE1,0.1031
LNDRICIRR,AGRWAT,1,2022,S11,RE1,0.1246
LNDRICIRR,AGRWAT,1,2023,S11,RE1,0.149
LNDRICIRR,AGRWAT,1,2024,S11,RE1,0.1714
LNDRICIRR,AGRWAT,1,2025,S11,RE1,0.1976
LNDRICIRR,AGRWAT,1,2026,S11,RE1,0.2207
LNDRICIRR,AGRWAT,1,2027,S11,RE1,0.244
LNDRICIRR,AGRWAT,1,2028,S11,RE1,0.2723
LNDRICIRR,AGRWAT,1,2029,S11,RE1,0.2965
LNDRICIRR,AGRWAT,1,2030,S11,RE1,0.3207
LNDRICIRR,AGRWAT,1,2031,S11,RE1,0.3271
LNDRICIRR,AGRWAT,1,2032,S11,RE1,0.3336
LNDRICIRR,AGRWAT,1,2033,S11,RE1,0.3404
LNDRICIRR,AGRWAT,1,2034,S11,RE1,0.353
LNDRICIRR,AGRWAT,1,2035,S11,RE1,0.3601
LNDRICIRR,LND,1,2020,S11,RE1,0.1848
LNDRICIRR,LND,1,2021,S11,RE1,0.2193
LNDRICIRR,LND,1,2022,S11,RE1,0.2595
LNDRICIRR,LND,1,2023,S11,RE1,0.298
LNDRICIRR,LND,1,2024,S11,RE1,0.336
LNDRICIRR,LND,1,2025,S11,RE1,0.3728
LNDRICIRR,LND,1,2026,S11,RE1,0.4087
LNDRICIRR,LND,1,2027,S11,RE1,0.4436
LNDRICIRR,LND,1,2028,S11,RE1,0.4777
LNDRICIRR,LND,1,2029,S11,RE1,0.5112
LNDRICIRR,LND,1,2030,S11,RE1,0.5435
LNDRICIRR,LND,1,2031,S11,RE1,0.5543
LNDRICIRR,LND,1,2032,S11,RE1,0.5655
LNDRICIRR,LND,1,2033,S11,RE1,0.5769
LNDRICIRR,LND,1,2034,S11,RE1,0.5884
LNDRICIRR,LND,1,2035,S11,RE1,0.6002
LNDRICIRR,WTRPRC,1,2020,S11,RE1,0.2218
LNDRICIRR,WTRPRC,1,2021,S11,RE1,0.2587
LNDRICIRR,WTRPRC,1,2022,S11,RE1,0.3036
LNDRICIRR,WTRPRC,1,2023,S11,RE1,0.3427
LNDRICIRR,WTRPRC,1,2024,S11,RE1,0.383
LNDRICIRR,WTRPRC,1,2025,S11,RE1,0.4176
LNDRICIRR,WTRPRC,1,2026,S11,RE1,0.4537
LNDRICIRR,WTRPRC,1,2027,S11,RE1,0.4879
LNDRICIRR,WTRPRC,1,2028,S11,RE1,0.5159
LNDRICIRR,WTRPRC,1,2029,S11,RE1,0.5469
LNDRICIRR,WTRPRC,1,2030,S11,RE1,0.5761
LNDRICIRR,WTRPRC,1,2031,S11,RE1,0.5876
LNDRICIRR,WTRPRC,1,2032,S11,RE1,0.5994
LNDRICIRR,WTRPRC,1,2033,S11,RE1,0.6116
LNDRICIRR,WTRPRC,1,2034,S11,RE1,0.6178
LNDRICIRR,WTRPRC,1,2035,S11,RE1,0.6302
LNDRICRNF,AGRDSL,1,2020,S11,RE1,0.1406
LNDRICRNF,AGRDSL,1,2021,S11,RE1,0.1265
LNDRICRNF,AGRDSL,1,2022,S11,RE1,0.1124
LNDRICRNF,AGRDSL,1,2023,S11,RE1,0.0984
LNDRICRNF,AGRDSL,1,2024,S11,RE1,0.0844
LNDRICRNF,AGRDSL,1,2025,S11,RE1,0.0702
LNDRICRNF,AGRDSL,1,2026,S11,RE1,0.0562
LNDRICRNF,AGRDSL,1,2027,S11,RE1,0.0422
LNDRICRNF,AGRDSL,1,2028,S11,RE1,0.0282
LNDRICRNF,AGRDSL,1,2029,S11,RE1,0.014
LNDRICRNF,AGRDSL,1,2030,S11,RE1,0.0
LNDRICRNF,AGRDSL,1,2031,S11,RE1,0.0
LNDRICRNF,AGRDSL,1,2032,S11,RE1,0.0
LNDRICRNF,AGRDSL,1,2033,S11,RE1,0.0
LNDRICRNF,AGRDSL,1,2034,S11,RE1,0.0
LNDRICRNF,AGRDSL,1,2035,S11,RE1,0.0
LNDRICRNF,LND,1,2020,S11,RE1,0.4781
LNDRICRNF,LND,1,2021,S11,RE1,0.4304
LNDRICRNF,LND,1,2022,S11,RE1,0.3824
LNDRICRNF,LND,1,2023,S11,RE1,0.3347
LNDRICRNF,LND,1,2024,S11,RE1,0.2869
LNDRICRNF,LND,1,2025,S11,RE1,0.2389
LNDRICRNF,LND,1,2026,S11,RE1,0.1912
LNDRICRNF,LND,1,2027,S11,RE1,0.1435
LNDRICRNF,LND,1,2028,S11,RE1,0.0958
LNDRICRNF,LND,1,2029,S11,RE1,0.0477
LNDRICRNF,LND,1,2030,S11,RE1,0.0
LNDRICRNF,LND,1,2031,S11,RE1,0.0
LNDRICRNF,LND,1,2032,S11,RE1,0.0
LNDRICRNF,LND,1,2033,S11,RE1,0.0
LNDRICRNF,LND,1,2034,S11,RE1,0.0
LNDRICRNF,LND,1,2035,S11,RE1,0.0
LNDRICRNF,WTRPRC,1,2020,S11,RE1,0.5738
LNDRICRNF,WTRPRC,1,2021,S11,RE1,0.5079
LNDRICRNF,WTRPRC,1,2022,S11,RE1,0.4474
LNDRICRNF,WTRPRC,1,2023,S11,RE1,0.3849
LNDRICRNF,WTRPRC,1,2024,S11,RE1,0.3271
LNDRICRNF,WTRPRC,1,2025,S11,RE1,0.2676
LNDRICRNF,WTRPRC,1,2026,S11,RE1,0.2122
LNDRICRNF,WTRPRC,1,2027,S11,RE1,0.1578
LNDRICRNF,WTRPRC,1,2028,S11,RE1,0.1034
LNDRICRNF,WTRPRC,1,2029,S11,RE1,0.0511
LNDRICRNF,WTRPRC,1,2030,S11,RE1,0.0
LNDRICRNF,WTRPRC,1,2031,S11,RE1,0.0
LNDRICRNF,WTRPRC,1,2032,S11,RE1,0.0
LNDRICRNF,WTRPRC,1,2033,S11,RE1,0.0
LNDRICRNF,WTRPRC,1,2034,S11,RE1,0.0
LNDRICRNF,WTRPRC,1,2035,S11,RE1,0.0
LNDWAT,LND,1,2020,S11,RE1,8.3957
LNDWAT,LND,1,2021,S11,RE1,8.4071
LNDWAT,LND,1,2022,S11,RE1,8.4071
LNDWAT,LND,1,2023,S11,RE1,8.4071
LNDWAT,LND,1,2024,S11,RE1,8.4071
LNDWAT,LND,1,2025,S11,RE1,8.4071
LNDWAT,LND,1,2026,S11,RE1,8.4071
LNDWAT,LND,1,2027,S11,RE1,8.7125
LNDWAT,LND,1,2028,S11,RE1,8.4071
LNDWAT,LND,1,2029,S11,RE1,8.7211
LNDWAT,LND,1,2030,S11,RE1,8.613
LNDWAT,LND,1,2031,S11,RE1,8.5269
LNDWAT,LND,1,2032,S11,RE1,8.4071
LNDWAT,LND,1,2033,S11,RE1,8.2868
LNDWAT,LND,1,2034,S11,RE1,8.2002
LNDWAT,LND,1,2035,S11,RE1,8.079
LNDWAT,WTRPRC,1,2020,S11,RE1,10.0749
LNDWAT,WTRPRC,1,2021,S11,RE1,9.9203
LNDWAT,WTRPRC,1,2022,S11,RE1,9.8363
LNDWAT,WTRPRC,1,2023,S11,RE1,9.6681
LNDWAT,WTRPRC,1,2024,S11,RE1,9.584
LNDWAT,WTRPRC,1,2025,S11,RE1,9.4159
LNDWAT,WTRPRC,1,2026,S11,RE1,9.3318
LNDWAT,WTRPRC,1,2027,S11,RE1,9.5838
LNDWAT,WTRPRC,1,2028,S11,RE1,9.0796
LNDWAT,WTRPRC,1,2029,S11,RE1,9.3316
LNDWAT,WTRPRC,1,2030,S11,RE1,9.1297
LNDWAT,WTRPRC,1,2031,S11,RE1,9.0386
LNDWAT,WTRPRC,1,2032,S11,RE1,8.9115
LNDWAT,WTRPRC,1,2033,S11,RE1,8.784
LNDWAT,WTRPRC,1,2034,S11,RE1,8.6103
LNDWAT,WTRPRC,1,2035,S11,RE1,8.4829
PWRCOA,COA,1,2020,S11,RE1,97.8095
PWRCOA,COA,1,2021,S11,RE1,109.5742
PWRCOA,COA,1,2022,S11,RE1,124.2
PWRCOA,COA,1,2023,S11,RE1,127.1532
PWRCOA,COA,1,2024,S11,RE1,127.1532
PWRCOA,COA,1,2025,S11,RE1,109.9289
PWRCOA,COA,1,2026,S11,RE1,99.7074
PWRCOA,COA,1,2027,S11,RE1,102.056
PWRCOA,COA,1,2028,S11,RE1,70.3883
PWRCOA,COA,1,2029,S11,RE1,107.2366
PWRCOA,COA,1,2030,S11,RE1,35.1942
PWRCOA,COA,1,2031,S11,RE1,35.1942
PWRCOA,COA,1,2032,S11,RE1,63.5766
PWRCOA,COA,1,2033,S11,RE1,63.5766
PWRCOA,COA,1,2034,S11,RE1,63.5766
PWRCOA,COA,1,2035,S11,RE1,63.5766
PWRCOA,PWRWAT,1,2020,S11,RE1,0.0085
PWRCOA,PWRWAT,1,2021,S11,RE1,0.0095
PWRCOA,PWRWAT,1,2022,S11,RE1,0.0108
PWRCOA,PWRWAT,1,2023,S11,RE1,0.011
PWRCOA,PWRWAT,1,2024,S11,RE1,0.011
PWRCOA,PWRWAT,1,2025,S11,RE1,0.0095
PWRCOA,PWRWAT,1,2026,S11,RE1,0.0086
PWRCOA,PWRWAT,1,2027,S11,RE1,0.0088
PWRCOA,PWRWAT,1,2028,S11,RE1,0.0061
PWRCOA,PWRWAT,1,2029,S11,RE1,0.0093
PWRCOA,PWRWAT,1,2030,S11,RE1,0.0031
PWRCOA,PWRWAT,1,2031,S11,RE1,0.0031
PWRCOA,PWRWAT,1,2032,S11,RE1,0.0055
PWRCOA,PWRWAT,1,2033,S11,RE1,0.0055
PWRCOA,PWRWAT,1,2034,S11,RE1,0.0055
PWRCOA,PWRWAT,1,2035,S11,RE1,0.0055
PWRGAS,GAS,1,2020,S11,RE1,0.0
PWRGAS,GAS,1,2021,S11,RE1,0.0
PWRGAS,GAS,1,2022,S11,RE1,0.0
PWRGAS,GAS,1,2023,S11,RE1,8.4043
PWRGAS,GAS,1,2024,S11,RE1,18.7568
PWRGAS,GAS,1,2025,S11,RE1,41.2695
PWRGAS,GAS,1,2026,S11,RE1,60.334
PWRGAS,GAS,1,2027,S11,RE1,71.0381
PWRGAS,GAS,1,2028,S11,RE1,105.114
PWRGAS,GAS,1,2029,S11,RE1,94.7338
PWRGAS,GAS,1,2030,S11,RE1,157.5796
PWRGAS,GAS,1,2031,S11,RE1,172.8356
PWRGAS,GAS,1,2032,S11,RE1,170.4234
PWRGAS,GAS,1,2033,S11,RE1,187.565
PWRGAS,GAS,1,2034,S11,RE1,206.0212
PWRGAS,GAS,1,2035,S11,RE1,225.0569
PWRGAS,PWRWAT,1,2020,S11,RE1,0.0
PWRGAS,PWRWAT,1,2021,S11,RE1,0.0
PWRGAS,PWRWAT,1,2022,S11,RE1,0.0
PWRGAS,PWRWAT,1,2023,S11,RE1,0.0009
PWRGAS,PWRWAT,1,2024,S11,RE1,0.0021
PWRGAS,PWRWAT,1,2025,S11,RE1,0.0045
PWRGAS,PWRWAT,1,2026,S11,RE1,0.0066
PWRGAS,PWRWAT,1,2027,S11,RE1,0.0078
PWRGAS,PWRWAT,1,2028,S11,RE1,0.0116
PWRGAS,PWRWAT,1,2029,S11,RE1,0.0104
PWRGAS,PWRWAT,1,2030,S11,RE1,0.0173
PWRGAS,PWRWAT,1,2031,S11,RE1,0.019
PWRGAS,PWRWAT,1,2032,S11,RE1,0.0187
PWRGAS,PWRWAT,1,2033,S11,RE1,0.0206
PWRGAS,PWRWAT,1,2034,S11,RE1,0.0227
PWRGAS,PWRWAT,1,2035,S11,RE1,0.0248
PWRHYD,HYD,1,2020,S11,RE1,9.5365
PWRHYD,HYD,1,2021,S11,RE1,9.5365
PWRHYD,HYD,1,2022,S11,RE1,9.5365
PWRHYD,HYD,1,2023,S11,RE1,9.5365
PWRHYD,HYD,1,2024,S11,RE1,9.5365
PWRHYD,HYD,1,2025,S11,RE1,9.5365
PWRHYD,HYD,1,2026,S11,RE1,9.5365
PWRHYD,HYD,1,2027,S11,RE1,9.5365
PWRHYD,HYD,1,2028,S11,RE1,9.5365
PWRHYD,HYD,1,2029,S11,RE1,9.5365
PWRHYD,HYD,1,2030,S11,RE1,9.5365
PWRHYD,HYD,1,2031,S11,RE1,9.5365
PWRHYD,HYD,1,2032,S11,RE1,9.5365
PWRHYD,HYD,1,2033,S11,RE1,9.5365
PWRHYD,HYD,1,2034,S11,RE1,9.5365
PWRHYD,HYD,1,2035,S11,RE1,9.5365
PWRSOL,SOL,1,2020,S11,RE1,4.1325
PWRSOL,SOL,1,2021,S11,RE1,4.1325
PWRSOL,SOL,1,2022,S11,RE1,4.1325
PWRSOL,SOL,1,2023,S11,RE1,4.1325
PWRSOL,SOL,1,2024,S11,RE1,4.1325
PWRSOL,SOL,1,2025,S11,RE1,4.1325
PWRSOL,SOL,1,2026,S11,RE1,4.1325
PWRSOL,SOL,1,2027,S11,RE1,4.1325
PWRSOL,SOL,1,2028,S11,RE1,4.1325
PWRSOL,SOL,1,2029,S11,RE1,4.1325
PWRSOL,SOL,1,2030,S11,RE1,4.1325
PWRSOL,SOL,1,2031,S11,RE1,4.1325
PWRSOL,SOL,1,2032,S11,RE1,4.1325
PWRSOL,SOL,1,2033,S11,RE1,4.1325
PWRSOL,SOL,1,2034,S11,RE1,4.1325
PWRSOL,SOL,1,2035,S11,RE1,4.1325
PWRTRN,ELC001,1,2020,S11,RE1,47.7026
PWRTRN,ELC001,1,2021,S11,RE1,51.6242
PWRTRN,ELC001,1,2022,S11,RE1,56.4994
PWRTRN,ELC001,1,2023,S11,RE1,61.686
PWRTRN,ELC001,1,2024,S11,RE1,66.8622
PWRTRN,ELC001,1,2025,S11,RE1,72.3772
PWRTRN,ELC001,1,2026,S11,RE1,78.5022
PWRTRN,ELC001,1,2027,S11,RE1,84.6371
PWRTRN,ELC001,1,2028,S11,RE1,91.1192
PWRTRN,ELC001,1,2029,S11,RE1,98.2119
PWRTRN,ELC001,1,2030,S11,RE1,105.6206
PWRTRN,ELC001,1,2031,S11,RE1,113.2487
PWRTRN,ELC001,1,2032,S11,RE1,121.5033
PWRTRN,ELC001,1,2033,S11,RE1,130.0741
PWRTRN,ELC001,1,2034,S11,RE1,139.3022
PWRTRN,ELC001,1,2035,S11,RE1,148.8201
PWRWND,WND,1,2020,S11,RE1,5.563
PWRWND,WND,1,2021,S11,RE1,5.563
PWRWND,WND,1,2022,S11,RE1,5.563
PWRWND,WND,1,2023,S11,RE1,5.563
PWRWND,WND,1,2024,S11,RE1,5.563
PWRWND,WND,1,2025,S11,RE1,5.563
PWRWND,WND,1,2026,S11,RE1,5.563
PWRWND,WND,1,2027,S11,RE1,5.563
PWRWND,WND,1,2028,S11,RE1,5.563
PWRWND,WND,1,2029,S11,RE1,5.563
PWRWND,WND,1,2030,S11,RE1,5.563
PWRWND,WND,1,2031,S11,RE1,5.563
PWRWND,WND,1,2032,S11,RE1,5.563
PWRWND,WND,1,2033,S11,RE1,5.563
PWRWND,WND,1,2034,S11,RE1,5.563
PWRWND,WND,1,2035,S11,RE1,5.563
RSCHYD,WTRRUN,1,2020,S11,RE1,27.2471
RSCHYD,WTRRUN,1,2021,S11,RE1,27.2471
RSCHYD,WTRRUN,1,2022,S11,RE1,27.2471
RSCHYD,WTRRUN,1,2023,S11,RE1,27.2471
RSCHYD,WTRRUN,1,2024,S11,RE1,27.2471
RSCHYD,WTRRUN,1,2025,S11,RE1,27.2471
RSCHYD,WTRRUN,1,2026,S11,RE1,27.2471
RSCHYD,WTRRUN,1,2027,S11,RE1,27.2471
RSCHYD,WTRRUN,1,2028,S11,RE1,27.2471
RSCHYD,WTRRUN,1,2029,S11,RE1,27.2471
RSCHYD,WTRRUN,1,2030,S11,RE1,27.2471
RSCHYD,WTRRUN,1,2031,S11,RE1,27.2471
RSCHYD,WTRRUN,1,2032,S11,RE1,27.2471
RSCHYD,WTRRUN,1,2033,S11,RE1,27.2471
RSCHYD,WTRRUN,1,2034,S11,RE1,27.2471
RSCHYD,WTRRUN,1,2035,S11,RE1,27.2471
UPSWTRSUR,WTRRUN,1,2020,S11,RE1,0.0
UPSWTRSUR,WTRRUN,1,2021,S11,RE1,0.0
UPSWTRSUR,WTRRUN,1,2022,S11,RE1,0.0
UPSWTRSUR,WTRRUN,1,2023,S11,RE1,0.0
UPSWTRSUR,WTRRUN,1,2024,S11,RE1,0.0
UPSWTRSUR,WTRRUN,1,2025,S11,RE1,0.0
UPSWTRSUR,WTRRUN,1,2026,S11,RE1,0.0
UPSWTRSUR,WTRRUN,1,2027,S11,RE1,0.0
UPSWTRSUR,WTRRUN,1,2028,S11,RE1,0.0
UPSWTRSUR,WTRRUN,1,2029,S11,RE1,0.0
UPSWTRSUR,WTRRUN,1,2030,S11,RE1,0.0
UPSWTRSUR,WTRRUN,1,2031,S11,RE1,0.0
UPSWTRSUR,WTRRUN,1,2032,S11,RE1,0.0
UPSWTRSUR,WTRRUN,1,2033,S11,RE1,0.0
UPSWTRSUR,WTRRUN,1,2034,S11,RE1,0.0
UPSWTRSUR,WTRRUN,1,2035,S11,RE1,0.0
DEMAGRGWTWAT,ELC002,1,2020,S12,RE1,0.0
DEMAGRGWTWAT,ELC002,1,2021,S12,RE1,0.0
DEMAGRGWTWAT,ELC002,1,2022,S12,RE1,0.0483
DEMAGRGWTWAT,ELC002,1,2023,S12,RE1,0.0635
DEMAGRGWTWAT,ELC002,1,2024,S12,RE1,0.0544
DEMAGRGWTWAT,ELC002,1,2025,S12,RE1,0.0454
DEMAGRGWTWAT,ELC002,1,2026,S12,RE1,0.0363
DEMAGRGWTWAT,ELC002,1,2027,S12,RE1,0.0272
DEMAGRGWTWAT,ELC002,1,2028,S12,RE1,0.0181
DEMAGRGWTWAT,ELC002,1,2029,S12,RE1,0.0091
DEMAGRGWTWAT,ELC002,1,2030,S12,RE1,0.0
DEMAGRGWTWAT,ELC002,1,2031,S12,RE1,0.0
DEMAGRGWTWAT,ELC002,1,2032,S12,RE1,0.0
DEMAGRGWTWAT,ELC002,1,2033,S12,RE1,0.0
DEMAGRGWTWAT,ELC002,1,2034,S12,RE1,0.0
DEMAGRGWTWAT,ELC002,1,2035,S12,RE1,0.0
DEMAGRGWTWAT,WTRGWT,1,2020,S12,RE1,0.0
DEMAGRGWTWAT,WTRGWT,1,2021,S12,RE1,0.0
DEMAGRGWTWAT,WTRGWT,1,2022,S12,RE1,0.0447
DEMAGRGWTWAT,WTRGWT,1,2023,S12,RE1,0.0588
DEMAGRGWTWAT,WTRGWT,1,2024,S12,RE1,0.0504
DEMAGRGWTWAT,WTRGWT,1,2025,S12,RE1,0.042
DEMAGRGWTWAT,WTRGWT,1,2026,S12,RE1,0.0336
DEMAGRGWTWAT,WTRGWT,1,2027,S12,RE1,0.0252
DEMAGRGWTWAT,WTRGWT,1,2028,S12,RE1,0.0168
DEMAGRGWTWAT,WTRGWT,1,2029,S12,RE1,0.0084
DEMAGRGWTWAT,WTRGWT,1,2030,S12,RE1,0.0
DEMAGRGWTWAT,WTRGWT,1,2031,S12,RE1,0.0
DEMAGRGWTWAT,WTRGWT,1,2032,S12,RE1,0.0
DEMAGRGWTWAT,WTRGWT,1,2033,S12,RE1,0.0
DEMAGRGWTWAT,WTRGWT,1,2034,S12,RE1,0.0
DEMAGRGWTWAT,WTRGWT,1,2035,S12,RE1,0.0
DEMAGRSURWAT,ELC002,1,2020,S12,RE1,0.0721
DEMAGRSURWAT,ELC002,1,2021,S12,RE1,0.112
DEMAGRSURWAT,ELC002,1,2022,S12,RE1,0.1156
DEMAGRSURWAT,ELC002,1,2023,S12,RE1,0.1519
DEMAGRSURWAT,ELC002,1,2024,S12,RE1,0.2058
DEMAGRSURWAT,ELC002,1,2025,S12,RE1,0.2704
DEMAGRSURWAT,ELC002,1,2026,S12,RE1,0.3289
DEMAGRSURWAT,ELC002,1,2027,S12,RE1,0.3894
DEMAGRSURWAT,ELC002,1,2028,S12,RE1,0.464
DEMAGRSURWAT,ELC002,1,2029,S12,RE1,0.5313
DEMAGRSURWAT,ELC002,1,2030,S12,RE1,0.6006
DEMAGRSURWAT,ELC002,1,2031,S12,RE1,0.6158
DEMAGRSURWAT,ELC002,1,2032,S12,RE1,0.631
DEMAGRSURWAT,ELC002,1,2033,S12,RE1,0.6464
DEMAGRSURWAT,ELC002,1,2034,S12,RE1,0.6756
DEMAGRSURWAT,ELC002,1,2035,S12,RE1,0.6916
DEMAGRSURWAT,WTRSUR,1,2020,S12,RE1,0.0839
DEMAGRSURWAT,WTRSUR,1,2021,S12,RE1,0.1303
DEMAGRSURWAT,WTRSUR,1,2022,S12,RE1,0.1344
DEMAGRSURWAT,WTRSUR,1,2023,S12,RE1,0.1767
DEMAGRSURWAT,WTRSUR,1,2024,S12,RE1,0.2393
DEMAGRSURWAT,WTRSUR,1,2025,S12,RE1,0.3144
DEMAGRSURWAT,WTRSUR,1,2026,S12,RE1,0.3825
DEMAGRSURWAT,WTRSUR,1,2027,S12,RE1,0.4528
DEMAGRSURWAT,WTRSUR,1,2028,S12,RE1,0.5395
DEMAGRSURWAT,WTRSUR,1,2029,S12,RE1,0.6178
DEMAGRSURWAT,WTRSUR,1,2030,S12,RE1,0.6984
DEMAGRSURWAT,WTRSUR,1,2031,S12,RE1,0.716
DEMAGRSURWAT,WTRSUR,1,2032,S12,RE1,0.7338
DEMAGRSURWAT,WTRSUR,1,2033,S12,RE1,0.7516
DEMAGRSURWAT,WTRSUR,1,2034,S12,RE1,0.7856
DEMAGRSURWAT,WTRSUR,1,2035,S12,RE1,0.8042
DEMPUBGWTWAT,ELC002,1,2020,S12,RE1,0.0
DEMPUBGWTWAT,ELC002,1,2021,S12,RE1,0.0
DEMPUBGWTWAT,ELC002,1,2022,S12,RE1,0.0
DEMPUBGWTWAT,ELC002,1,2023,S12,RE1,0.0
DEMPUBGWTWAT,ELC002,1,2024,S12,RE1,0.0
DEMPUBGWTWAT,ELC002,1,2025,S12,RE1,0.0
DEMPUBGWTWAT,ELC002,1,2026,S12,RE1,0.0
DEMPUBGWTWAT,ELC002,1,2027,S12,RE1,0.0
DEMPUBGWTWAT,ELC002,1,2028,S12,RE1,0.0
DEMPUBGWTWAT,ELC002,1,2029,S12,RE1,0.0
DEMPUBGWTWAT,ELC002,1,2030,S12,RE1,0.0
DEMPUBGWTWAT,ELC002,1,2031,S12,RE1,0.0
DEMPUBGWTWAT,ELC002,1,2032,S12,RE1,0.0
DEMPUBGWTWAT,ELC002,1,2033,S12,RE1,0.0
DEMPUBGWTWAT,ELC002,1,2034,S12,RE1,0.0
DEMPUBGWTWAT,ELC002,1,2035,S12,RE1,0.0
DEMPUBGWTWAT,WTRGWT,1,2020,S12,RE1,0.0
DEMPUBGWTWAT,WTRGWT,1,2021,S12,RE1,0.0
DEMPUBGWTWAT,WTRGWT,1,2022,S12,RE1,0.0
DEMPUBGWTWAT,WTRGWT,1,2023,S12,RE1,0.0
DEMPUBGWTWAT,WTRGWT,1,2024,S12,RE1,0.0
DEMPUBGWTWAT,WTRGWT,1,2025,S12,RE1,0.0
DEMPUBGWTWAT,WTRGWT,1,2026,S12,RE1,0.0
DEMPUBGWTWAT,WTRGWT,1,2027,S12,RE1,0.0
DEMPUBGWTWAT,WTRGWT,1,2028,S12,RE1,0.0
DEMPUBGWTWAT,WTRGWT,1,2029,S12,RE1,0.0
DEMPUBGWTWAT,WTRGWT,1,2030,S12,RE1,0.0
DEMPUBGWTWAT,WTRGWT,1,2031,S12,RE1,0.0
DEMPUBGWTWAT,WTRGWT,1,2032,S12,RE1,0.0
DEMPUBGWTWAT,WTRGWT,1,2033,S12,RE1,0.0
DEMPUBGWTWAT,WTRGWT,1,2034,S12,RE1,0.0
DEMPUBGWTWAT,WTRGWT,1,2035,S12,RE1,0.0
DEMPUBSURWAT,ELC002,1,2020,S12,RE1,0.2515
DEMPUBSURWAT,ELC002,1,2021,S12,RE1,0.2693
DEMPUBSURWAT,ELC002,1,2022,S12,RE1,0.288
DEMPUBSURWAT,ELC002,1,2023,S12,RE1,0.3074
DEMPUBSURWAT,ELC002,1,2024,S12,RE1,0.3274
DEMPUBSURWAT,ELC002,1,2025,S12,RE1,0.3485
DEMPUBSURWAT,ELC002,1,2026,S12,RE1,0.3703
DEMPUBSURWAT,ELC002,1,2027,S12,RE1,0.3929
DEMPUBSURWAT,ELC002,1,2028,S12,RE1,0.4167
DEMPUBSURWAT,ELC002,1,2029,S12,RE1,0.4414
DEMPUBSURWAT,ELC002,1,2030,S12,RE1,0.4672
DEMPUBSURWAT,ELC002,1,2031,S12,RE1,0.4941
DEMPUBSURWAT,ELC002,1,2032,S12,RE1,0.5221
DEMPUBSURWAT,ELC002,1,2033,S12,RE1,0.5513
DEMPUBSURWAT,ELC002,1,2034,S12,RE1,0.5817
DEMPUBSURWAT,ELC002,1,2035,S12,RE1,0.6137
DEMPUBSURWAT,WTRSUR,1,2020,S12,RE1,0.0892
DEMPUBSURWAT,WTRSUR,1,2021,S12,RE1,0.0955
DEMPUBSURWAT,WTRSUR,1,2022,S12,RE1,0.1021
DEMPUBSURWAT,WTRSUR,1,2023,S12,RE1,0.109
DEMPUBSURWAT,WTRSUR,1,2024,S12,RE1,0.1161
DEMPUBSURWAT,WTRSUR,1,2025,S12,RE1,0.1236
DEMPUBSURWAT,WTRSUR,1,2026,S12,RE1,0.1313
DEMPUBSURWAT,WTRSUR,1,2027,S12,RE1,0.1393
DEMPUBSURWAT,WTRSUR,1,2028,S12,RE1,0.1478
DEMPUBSURWAT,WTRSUR,1,2029,S12,RE1,0.1565
DEMPUBSURWAT,WTRSUR,1,2030,S12,RE1,0.1657
DEMPUBSURWAT,WTRSUR,1,2031,S12,RE1,0.1752
DEMPUBSURWAT,WTRSUR,1,2032,S12,RE1,0.1851
DEMPUBSURWAT,WTRSUR,1,2033,S12,RE1,0.1955
DEMPUBSURWAT,WTRSUR,1,2034,S12,RE1,0.2063
DEMPUBSURWAT,WTRSUR,1,2035,S12,RE1,0.2176
DEMPWRSURWAT,ELC002,1,2020,S12,RE1,0.0169
DEMPWRSURWAT,ELC002,1,2021,S12,RE1,0.0187
DEMPWRSURWAT,ELC002,1,2022,S12,RE1,0.0207
DEMPWRSURWAT,ELC002,1,2023,S12,RE1,0.0226
DEMPWRSURWAT,ELC002,1,2024,S12,RE1,0.0247
DEMPWRSURWAT,ELC002,1,2025,S12,RE1,0.0268
DEMPWRSURWAT,ELC002,1,2026,S12,RE1,0.0292
DEMPWRSURWAT,ELC002,1,2027,S12,RE1,0.0316
DEMPWRSURWAT,ELC002,1,2028,S12,RE1,0.0341
DEMPWRSURWAT,ELC002,1,2029,S12,RE1,0.0368
DEMPWRSURWAT,ELC002,1,2030,S12,RE1,0.0382
DEMPWRSURWAT,ELC002,1,2031,S12,RE1,0.0411
DEMPWRSURWAT,ELC002,1,2032,S12,RE1,0.043
DEMPWRSURWAT,ELC002,1,2033,S12,RE1,0.0463
DEMPWRSURWAT,ELC002,1,2034,S12,RE1,0.0499
DEMPWRSURWAT,ELC002,1,2035,S12,RE1,0.0536
DEMPWRSURWAT,WTRSUR,1,2020,S12,RE1,0.006
DEMPWRSURWAT,WTRSUR,1,2021,S12,RE1,0.0066
DEMPWRSURWAT,WTRSUR,1,2022,S12,RE1,0.0073
DEMPWRSURWAT,WTRSUR,1,2023,S12,RE1,0.008
DEMPWRSURWAT,WTRSUR,1,2024,S12,RE1,0.0088
DEMPWRSURWAT,WTRSUR,1,2025,S12,RE1,0.0095
DEMPWRSURWAT,WTRSUR,1,2026,S12,RE1,0.0103
DEMPWRSURWAT,WTRSUR,1,2027,S12,RE1,0.0112
DEMPWRSURWAT,WTRSUR,1,2028,S12,RE1,0.0121
DEMPWRSURWAT,WTRSUR,1,2029,S12,RE1,0.0131
DEMPWRSURWAT,WTRSUR,1,2030,S12,RE1,0.0135
DEMPWRSURWAT,WTRSUR,1,2031,S12,RE1,0.0146
DEMPWRSURWAT,WTRSUR,1,2032,S12,RE1,0.0153
DEMPWRSURWAT,WTRSUR,1,2033,S12,RE1,0.0164
DEMPWRSURWAT,WTRSUR,1,2034,S12,RE1,0.0177
DEMPWRSURWAT,WTRSUR,1,2035,S12,RE1,0.019
DEMTRABIO,CRPMAI,1,2020,S12,RE1,0.199
DEMTRABIO,CRPMAI,1,2021,S12,RE1,0.205
DEMTRABIO,CRPMAI,1,2022,S12,RE1,0.211
DEMTRABIO,CRPMAI,1,2023,S12,RE1,0.217
DEMTRABIO,CRPMAI,1,2024,S12,RE1,0.2229
DEMTRABIO,CRPMAI,1,2025,S12,RE1,0.2309
DEMTRABIO,CRPMAI,1,2026,S12,RE1,0.2369
DEMTRABIO,CRPMAI,1,2027,S12,RE1,0.2428
DEMTRABIO,CRPMAI,1,2028,S12,RE1,0.2508
DEMTRABIO,CRPMAI,1,2029,S12,RE1,0.2588
DEMTRABIO,CRPMAI,1,2030,S12,RE1,0.2667
DEMTRABIO,CRPMAI,1,2031,S12,RE1,0.2747
DEMTRABIO,CRPMAI,1,2032,S12,RE1,0.2827
DEMTRABIO,CRPMAI,1,2033,S12,RE1,0.2906
DEMTRABIO,CRPMAI,1,2034,S12,RE1,0.2986
DEMTRABIO,CRPMAI,1,2035,S12,RE1,0.3065
LNDBLT,LND,1,2020,S12,RE1,2.52
LNDBLT,LND,1,2021,S12,RE1,2.5536
LNDBLT,LND,1,2022,S12,RE1,2.5704
LNDBLT,LND,1,2023,S12,RE1,2.604
LNDBLT,LND,1,2024,S12,RE1,2.6208
LNDBLT,LND,1,2025,S12,RE1,2.6544
LNDBLT,LND,1,2026,S12,RE1,2.6712
LNDBLT,LND,1,2027,S12,RE1,2.7048
LNDBLT,LND,1,2028,S12,RE1,2.7216
LNDBLT,LND,1,2029,S12,RE1,2.7552
LNDBLT,LND,1,2030,S12,RE1,2.7888
LNDBLT,LND,1,2031,S12,RE1,2.8056
LNDBLT,LND,1,2032,S12,RE1,2.8392
LNDBLT,LND,1,2033,S12,RE1,2.8728
LNDBLT,LND,1,2034,S12,RE1,2.8896
LNDBLT,LND,1,2035,S12,RE1,2.9232
LNDBLT,WTRPRC,1,2020,S12,RE1,3.024
LNDBLT,WTRPRC,1,2021,S12,RE1,3.0132
LNDBLT,WTRPRC,1,2022,S12,RE1,3.0074
LNDBLT,WTRPRC,1,2023,S12,RE1,2.9946
LNDBLT,WTRPRC,1,2024,S12,RE1,2.9877
LNDBLT,WTRPRC,1,2025,S12,RE1,2.9729
LNDBLT,WTRPRC,1,2026,S12,RE1,2.965
LNDBLT,WTRPRC,1,2027,S12,RE1,2.9753
LNDBLT,WTRPRC,1,2028,S12,RE1,2.9393
LNDBLT,WTRPRC,1,2029,S12,RE1,2.9481
LNDBLT,WTRPRC,1,2030,S12,RE1,2.9561
LNDBLT,WTRPRC,1,2031,S12,RE1,2.9739
LNDBLT,WTRPRC,1,2032,S12,RE1,3.0096
LNDBLT,WTRPRC,1,2033,S12,RE1,3.0452
LNDBLT,WTRPRC,1,2034,S12,RE1,3.0341
LNDBLT,WTRPRC,1,2035,S12,RE1,3.0694
LNDFOR,LND,1,2020,S12,RE1,42.6048
LNDFOR,LND,1,2021,S12,RE1,42.5741
LNDFOR,LND,1,2022,S12,RE1,42.5629
LNDFOR,LND,1,2023,S12,RE1,42.5359
LNDFOR,LND,1,2024,S12,RE1,42.5256
LNDFOR,LND,1,2025,S12,RE1,42.4952
LNDFOR,LND,1,2026,S12,RE1,42.486
LNDFOR,LND,1,2027,S12,RE1,42.3073
LNDFOR,LND,1,2028,S12,RE1,42.4473
LNDFOR,LND,1,2029,S12,RE1,42.2613
LNDFOR,LND,1,2030,S12,RE1,42.2863
LNDFOR,LND,1,2031,S12,RE1,42.2863
LNDFOR,LND,1,2032,S12,RE1,42.2863
LNDFOR,LND,1,2033,S12,RE1,42.2863
LNDFOR,LND,1,2034,S12,RE1,42.2863
LNDFOR,LND,1,2035,S12,RE1,42.2863
LNDFOR,WTRPRC,1,2020,S12,RE1,51.1258
LNDFOR,WTRPRC,1,2021,S12,RE1,50.2375
LNDFOR,WTRPRC,1,2022,S12,RE1,49.7986
LNDFOR,WTRPRC,1,2023,S12,RE1,48.9163
LNDFOR,WTRPRC,1,2024,S12,RE1,48.4792
LNDFOR,WTRPRC,1,2025,S12,RE1,47.5946
LNDFOR,WTRPRC,1,2026,S12,RE1,47.1594
LNDFOR,WTRPRC,1,2027,S12,RE1,46.5381
LNDFOR,WTRPRC,1,2028,S12,RE1,45.8431
LNDFOR,WTRPRC,1,2029,S12,RE1,45.2196
LNDFOR,WTRPRC,1,2030,S12,RE1,44.8235
LNDFOR,WTRPRC,1,2031,S12,RE1,44.8235
LNDFOR,WTRPRC,1,2032,S12,RE1,44.8235
LNDFOR,WTRPRC,1,2033,S12,RE1,44.8235
LNDFOR,WTRPRC,1,2034,S12,RE1,44.4006
LNDFOR,WTRPRC,1,2035,S12,RE1,44.4006
LNDMAIIRR,AGRDSL,1,2020,S12,RE1,0.028
LNDMAIIRR,AGRDSL,1,2021,S12,RE1,0.0607
LNDMAIIRR,AGRDSL,1,2022,S12,RE1,0.0937
LNDMAIIRR,AGRDSL,1,2023,S12,RE1,0.1265
LNDMAIIRR,AGRDSL,1,2024,S12,RE1,0.1594
LNDMAIIRR,AGRDSL,1,2025,S12,RE1,0.1943
LNDMAIIRR,AGRDSL,1,2026,S12,RE1,0.2273
LNDMAIIRR,AGRDSL,1,2027,S12,RE1,0.2604
LNDMAIIRR,AGRDSL,1,2028,S12,RE1,0.2955
LNDMAIIRR,AGRDSL,1,2029,S12,RE1,0.3306
LNDMAIIRR,AGRDSL,1,2030,S12,RE1,0.3659
LNDMAIIRR,AGRDSL,1,2031,S12,RE1,0.376
LNDMAIIRR,AGRDSL,1,2032,S12,RE1,0.3862
LNDMAIIRR,AGRDSL,1,2033,S12,RE1,0.3964
LNDMAIIRR,AGRDSL,1,2034,S12,RE1,0.4066
LNDMAIIRR,AGRDSL,1,2035,S12,RE1,0.417
LNDMAIIRR,AGRWAT,1,2020,S12,RE1,0.0171
LNDMAIIRR,AGRWAT,1,2021,S12,RE1,0.0397
LNDMAIIRR,AGRWAT,1,2022,S12,RE1,0.0631
LNDMAIIRR,AGRWAT,1,2023,S12,RE1,0.0903
LNDMAIIRR,AGRWAT,1,2024,S12,RE1,0.1171
LNDMAIIRR,AGRWAT,1,2025,S12,RE1,0.1507
LNDMAIIRR,AGRWAT,1,2026,S12,RE1,0.1809
LNDMAIIRR,AGRWAT,1,2027,S12,RE1,0.2126
LNDMAIIRR,AGRWAT,1,2028,S12,RE1,0.2533
LNDMAIIRR,AGRWAT,1,2029,S12,RE1,0.2901
LNDMAIIRR,AGRWAT,1,2030,S12,RE1,0.3285
LNDMAIIRR,AGRWAT,1,2031,S12,RE1,0.3377
LNDMAIIRR,AGRWAT,1,2032,S12,RE1,0.3468
LNDMAIIRR,AGRWAT,1,2033,S12,RE1,0.356
LNDMAIIRR,AGRWAT,1,2034,S12,RE1,0.3734
LNDMAIIRR,AGRWAT,1,2035,S12,RE1,0.3829
LNDMAIIRR,LND,1,2020,S12,RE1,0.0571
LNDMAIIRR,LND,1,2021,S12,RE1,0.124
LNDMAIIRR,LND,1,2022,S12,RE1,0.1912
LNDMAIIRR,LND,1,2023,S12,RE1,0.2581
LNDMAIIRR,LND,1,2024,S12,RE1,0.3253
LNDMAIIRR,LND,1,2025,S12,RE1,0.3966
LNDMAIIRR,LND,1,2026,S12,RE1,0.4638
LNDMAIIRR,LND,1,2027,S12,RE1,0.5315
LNDMAIIRR,LND,1,2028,S12,RE1,0.6031
LNDMAIIRR,LND,1,2029,S12,RE1,0.6747
LNDMAIIRR,LND,1,2030,S12,RE1,0.7467
LNDMAIIRR,LND,1,2031,S12,RE1,0.7674
LNDMAIIRR,LND,1,2032,S12,RE1,0.7882
LNDMAIIRR,LND,1,2033,S12,RE1,0.809
LNDMAIIRR,LND,1,2034,S12,RE1,0.8298
LNDMAIIRR,LND,1,2035,S12,RE1,0.8509
LNDMAIIRR,WTRPRC,1,2020,S12,RE1,0.0685
LNDMAIIRR,WTRPRC,1,2021,S12,RE1,0.1463
LNDMAIIRR,WTRPRC,1,2022,S12,RE1,0.2237
LNDMAIIRR,WTRPRC,1,2023,S12,RE1,0.2968
LNDMAIIRR,WTRPRC,1,2024,S12,RE1,0.3709
LNDMAIIRR,WTRPRC,1,2025,S12,RE1,0.4442
LNDMAIIRR,WTRPRC,1,2026,S12,RE1,0.5149
LNDMAIIRR,WTRPRC,1,2027,S12,RE1,0.5846
LNDMAIIRR,WTRPRC,1,2028,S12,RE1,0.6513
LNDMAIIRR,WTRPRC,1,2029,S12,RE1,0.7219
LNDMAIIRR,WTRPRC,1,2030,S12,RE1,0.7915
LNDMAIIRR,WTRPRC,1,2031,S12,RE1,0.8135
LNDMAIIRR,WTRPRC,1,2032,S12,RE1,0.8355
LNDMAIIRR,WTRPRC,1,2033,S12,RE1,0.8575
LNDMAIIRR,WTRPRC,1,2034,S12,RE1,0.8713
LNDMAIIRR,WTRPRC,1,2035,S12,RE1,0.8935
LNDMAIRNF,AGRDSL,1,2020,S12,RE1,0.2025
LNDMAIRNF,AGRDSL,1,2021,S12,RE1,0.1823
LNDMAIRNF,AGRDSL,1,2022,S12,RE1,0.162
LNDMAIRNF,AGRDSL,1,2023,S12,RE1,0.1418
LNDMAIRNF,AGRDSL,1,2024,S12,RE1,0.1215
LNDMAIRNF,AGRDSL,1,2025,S12,RE1,0.1013
LNDMAIRNF,AGRDSL,1,2026,S12,RE1,0.081
LNDMAIRNF,AGRDSL,1,2027,S12,RE1,0.0608
LNDMAIRNF,AGRDSL,1,2028,S12,RE1,0.0405
LNDMAIRNF,AGRDSL,1,2029,S12,RE1,0.0203
LNDMAIRNF,AGRDSL,1,2030,S12,RE1,0.0
LNDMAIRNF,AGRDSL,1,2031,S12,RE1,0.0
LNDMAIRNF,AGRDSL,1,2032,S12,RE1,0.0
LNDMAIRNF,AGRDSL,1,2033,S12,RE1,0.0
LNDMAIRNF,AGRDSL,1,2034,S12,RE1,0.0
LNDMAIRNF,AGRDSL,1,2035,S12,RE1,0.0
LNDMAIRNF,LND,1,2020,S12,RE1,0.6888
LNDMAIRNF,LND,1,2021,S12,RE1,0.6199
LNDMAIRNF,LND,1,2022,S12,RE1,0.551
LNDMAIRNF,LND,1,2023,S12,RE1,0.4822
LNDMAIRNF,LND,1,2024,S12,RE1,0.4133
LNDMAIRNF,LND,1,2025,S12,RE1,0.3444
LNDMAIRNF,LND,1,2026,S12,RE1,0.2755
LNDMAIRNF,LND,1,2027,S12,RE1,0.2066
LNDMAIRNF,LND,1,2028,S12,RE1,0.1378
LNDMAIRNF,LND,1,2029,S12,RE1,0.0689
LNDMAIRNF,LND,1,2030,S12,RE1,0.0
LNDMAIRNF,LND,1,2031,S12,RE1,0.0
LNDMAIRNF,LND,1,2032,S12,RE1,0.0
LNDMAIRNF,LND,1,2033,S12,RE1,0.0
LNDMAIRNF,LND,1,2034,S12,RE1,0.0
LNDMAIRNF,LND,1,2035,S12,RE1,0.0
LNDMAIRNF,WTRPRC,1,2020,S12,RE1,0.8266
LNDMAIRNF,WTRPRC,1,2021,S12,RE1,0.7315
LNDMAIRNF,WTRPRC,1,2022,S12,RE1,0.6447
LNDMAIRNF,WTRPRC,1,2023,S12,RE1,0.5545
LNDMAIRNF,WTRPRC,1,2024,S12,RE1,0.4711
LNDMAIRNF,WTRPRC,1,2025,S12,RE1,0.3857
LNDMAIRNF,WTRPRC,1,2026,S12,RE1,0.3058
LNDMAIRNF,WTRPRC,1,2027,S12,RE1,0.2273
LNDMAIRNF,WTRPRC,1,2028,S12,RE1,0.1488
LNDMAIRNF,WTRPRC,1,2029,S12,RE1,0.0737
LNDMAIRNF,WTRPRC,1,2030,S12,RE1,0.0
LNDMAIRNF,WTRPRC,1,2031,S12,RE1,0.0
LNDMAIRNF,WTRPRC,1,2032,S12,RE1,0.0
LNDMAIRNF,WTRPRC,1,2033,S12,RE1,0.0
LNDMAIRNF,WTRPRC,1,2034,S12,RE1,0.0
LNDMAIRNF,WTRPRC,1,2035,S12,RE1,0.0
LNDRICIRR,AGRDSL,1,2020,S12,RE1,0.0453
LNDRICIRR,AGRDSL,1,2021,S12,RE1,0.0537
LNDRICIRR,AGRDSL,1,2022,S12,RE1,0.0636
LNDRICIRR,AGRDSL,1,2023,S12,RE1,0.073
LNDRICIRR,AGRDSL,1,2024,S12,RE1,0.0823
LNDRICIRR,AGRDSL,1,2025,S12,RE1,0.0913
LNDRICIRR,AGRDSL,1,2026,S12,RE1,0.1001
LNDRICIRR,AGRDSL,1,2027,S12,RE1,0.1087
LNDRICIRR,AGRDSL,1,2028,S12,RE1,0.117
LNDRICIRR,AGRDSL,1,2029,S12,RE1,0.1252
LNDRICIRR,AGRDSL,1,2030,S12,RE1,0.1332
LNDRICIRR,AGRDSL,1,2031,S12,RE1,0.1358
LNDRICIRR,AGRDSL,1,2032,S12,RE1,0.1385
LNDRICIRR,AGRDSL,1,2033,S12,RE1,0.1414
LNDRICIRR,AGRDSL,1,2034,S12,RE1,0.1442
LNDRICIRR,AGRDSL,1,2035,S12,RE1,0.147
LNDRICIRR,AGRWAT,1,2020,S12,RE1,0.0416
LNDRICIRR,AGRWAT,1,2021,S12,RE1,0.0515
LNDRICIRR,AGRWAT,1,2022,S12,RE1,0.0623
LNDRICIRR,AGRWAT,1,2023,S12,RE1,0.0745
LNDRICIRR,AGRWAT,1,2024,S12,RE1,0.0857
LNDRICIRR,AGRWAT,1,2025,S12,RE1,0.0988
LNDRICIRR,AGRWAT,1,2026,S12,RE1,0.1104
LNDRICIRR,AGRWAT,1,2027,S12,RE1,0.122
LNDRICIRR,AGRWAT,1,2028,S12,RE1,0.1361
LNDRICIRR,AGRWAT,1,2029,S12,RE1,0.1482
LNDRICIRR,AGRWAT,1,2030,S12,RE1,0.1603
LNDRICIRR,AGRWAT,1,2031,S12,RE1,0.1635
LNDRICIRR,AGRWAT,1,2032,S12,RE1,0.1668
LNDRICIRR,AGRWAT,1,2033,S12,RE1,0.1702
LNDRICIRR,AGRWAT,1,2034,S12,RE1,0.1765
LNDRICIRR,AGRWAT,1,2035,S12,RE1,0.18
LNDRICIRR,LND,1,2020,S12,RE1,0.0924
LNDRICIRR,LND,1,2021,S12,RE1,0.1096
LNDRICIRR,LND,1,2022,S12,RE1,0.1297
LNDRICIRR,LND,1,2023,S12,RE1,0.149
LNDRICIRR,LND,1,2024,S12,RE1,0.168
LNDRICIRR,LND,1,2025,S12,RE1,0.1864
LNDRICIRR,LND,1,2026,S12,RE1,0.2044
LNDRICIRR,LND,1,2027,S12,RE1,0.2218
LNDRICIRR,LND,1,2028,S12,RE1,0.2388
LNDRICIRR,LND,1,2029,S12,RE1,0.2556
LNDRICIRR,LND,1,2030,S12,RE1,0.2717
LNDRICIRR,LND,1,2031,S12,RE1,0.2772
LNDRICIRR,LND,1,2032,S12,RE1,0.2827
LNDRICIRR,LND,1,2033,S12,RE1,0.2885
LNDRICIRR,LND,1,2034,S12,RE1,0.2942
LNDRICIRR,LND,1,2035,S12,RE1,0.3001
LNDRICIRR,WTRPRC,1,2020,S12,RE1,0.1109
LNDRICIRR,WTRPRC,1,2021,S12,RE1,0.1294
LNDRICIRR,WTRPRC,1,2022,S12,RE1,0.1518
LNDRICIRR,WTRPRC,1,2023,S12,RE1,0.1713
LNDRICIRR,WTRPRC,1,2024,S12,RE1,0.1915
LNDRICIRR,WTRPRC,1,2025,S12,RE1,0.2088
LNDRICIRR,WTRPRC,1,2026,S12,RE1,0.2269
LNDRICIRR,WTRPRC,1,2027,S12,RE1,0.244
LNDRICIRR,WTRPRC,1,2028,S12,RE1,0.258
LNDRICIRR,WTRPRC,1,2029,S12,RE1,0.2735
LNDRICIRR,WTRPRC,1,2030,S12,RE1,0.288
LNDRICIRR,WTRPRC,1,2031,S12,RE1,0.2938
LNDRICIRR,WTRPRC,1,2032,S12,RE1,0.2997
LNDRICIRR,WTRPRC,1,2033,S12,RE1,0.3058
LNDRICIRR,WTRPRC,1,2034,S12,RE1,0.3089
LNDRICIRR,WTRPRC,1,2035,S12,RE1,0.3151
LNDRICRNF,AGRDSL,1,2020,S12,RE1,0.0703
LNDRICRNF,AGRDSL,1,2021,S12,RE1,0.0633
LNDRICRNF,AGRDSL,1,2022,S12,RE1,0.0562
LNDRICRNF,AGRDSL,1,2023,S12,RE1,0.0492
LNDRICRNF,AGRDSL,1,2024,S12,RE1,0.0422
LNDRICRNF,AGRDSL,1,2025,S12,RE1,0.0351
LNDRICRNF,AGRDSL,1,2026,S12,RE1,0.0281
LNDRICRNF,AGRDSL,1,2027,S12,RE1,0.0211
LNDRICRNF,AGRDSL,1,2028,S12,RE1,0.0141
LNDRICRNF,AGRDSL,1,2029,S12,RE1,0.007
LNDRICRNF,AGRDSL,1,2030,S12,RE1,0.0
LNDRICRNF,AGRDSL,1,2031,S12,RE1,0.0
LNDRICRNF,AGRDSL,1,2032,S12,RE1,0.0
LNDRICRNF,AGRDSL,1,2033,S12,RE1,0.0
LNDRICRNF,AGRDSL,1,2034,S12,RE1,0.0
LNDRICRNF,AGRDSL,1,2035,S12,RE1,0.0
LNDRICRNF,LND,1,2020,S12,RE1,0.2391
LNDRICRNF,LND,1,2021,S12,RE1,0.2152
LNDRICRNF,LND,1,2022,S12,RE1,0.1912
LNDRICRNF,LND,1,2023,S12,RE1,0.1673
LNDRICRNF,LND,1,2024,S12,RE1,0.1435
LNDRICRNF,LND,1,2025,S12,RE1,0.1194
LNDRICRNF,LND,1,2026,S12,RE1,0.0956
LNDRICRNF,LND,1,2027,S12,RE1,0.0717
LNDRICRNF,LND,1,2028,S12,RE1,0.0479
LNDRICRNF,LND,1,2029,S12,RE1,0.0239
LNDRICRNF,LND,1,2030,S12,RE1,0.0
LNDRICRNF,LND,1,2031,S12,RE1,0.0
LNDRICRNF,LND,1,2032,S12,RE1,0.0
LNDRICRNF,LND,1,2033,S12,RE1,0.0
LNDRICRNF,LND,1,2034,S12,RE1,0.0
LNDRICRNF,LND,1,2035,S12,RE1,0.0
LNDRICRNF,WTRPRC,1,2020,S12,RE1,0.2869
LNDRICRNF,WTRPRC,1,2021,S12,RE1,0.2539
LNDRICRNF,WTRPRC,1,2022,S12,RE1,0.2237
LNDRICRNF,WTRPRC,1,2023,S12,RE1,0.1924
LNDRICRNF,WTRPRC,1,2024,S12,RE1,0.1636
LNDRICRNF,WTRPRC,1,2025,S12,RE1,0.1338
LNDRICRNF,WTRPRC,1,2026,S12,RE1,0.1061
LNDRICRNF,WTRPRC,1,2027,S12,RE1,0.0789
LNDRICRNF,WTRPRC,1,2028,S12,RE1,0.0517
LNDRICRNF,WTRPRC,1,2029,S12,RE1,0.0255
LNDRICRNF,WTRPRC,1,2030,S12,RE1,0.0
LNDRICRNF,WTRPRC,1,2031,S12,RE1,0.0
LNDRICRNF,WTRPRC,1,2032,S12,RE1,0.0
LNDRICRNF,WTRPRC,1,2033,S12,RE1,0.0
LNDRICRNF,WTRPRC,1,2034,S12,RE1,0.0
LNDRICRNF,WTRPRC,1,2035,S12,RE1,0.0
LNDWAT,LND,1,2020,S12,RE1,4.1979
LNDWAT,LND,1,2021,S12,RE1,4.2035
LNDWAT,LND,1,2022,S12,RE1,4.2035
LNDWAT,LND,1,2023,S12,RE1,4.2035
LNDWAT,LND,1,2024,S12,RE1,4.2035
LNDWAT,LND,1,2025,S12,RE1,4.2035
LNDWAT,LND,1,2026,S12,RE1,4.2035
LNDWAT,LND,1,2027,S12,RE1,3.4472
LNDWAT,LND,1,2028,S12,RE1,4.2035
LNDWAT,LND,1,2029,S12,RE1,3.426
LNDWAT,LND,1,2030,S12,RE1,3.6937
LNDWAT,LND,1,2031,S12,RE1,3.9066
LNDWAT,LND,1,2032,S12,RE1,4.2035
LNDWAT,LND,1,2033,S12,RE1,3.2
LNDWAT,LND,1,2034,S12,RE1,4.1001
LNDWAT,LND,1,2035,S12,RE1,4.0395
LNDWAT,WTRPRC,1,2020,S12,RE1,5.0374
LNDWAT,WTRPRC,1,2021,S12,RE1,4.9602
LNDWAT,WTRPRC,1,2022,S12,RE1,4.9181
LNDWAT,WTRPRC,1,2023,S12,RE1,4.8341
LNDWAT,WTRPRC,1,2024,S12,RE1,4.792
LNDWAT,WTRPRC,1,2025,S12,RE1,4.708
LNDWAT,WTRPRC,1,2026,S12,RE1,4.6659
LNDWAT,WTRPRC,1,2027,S12,RE1,3.7919
LNDWAT,WTRPRC,1,2028,S12,RE1,4.5398
LNDWAT,WTRPRC,1,2029,S12,RE1,3.6658
LNDWAT,WTRPRC,1,2030,S12,RE1,3.9153
LNDWAT,WTRPRC,1,2031,S12,RE1,4.141
LNDWAT,WTRPRC,1,2032,S12,RE1,4.4557
LNDWAT,WTRPRC,1,2033,S12,RE1,3.392
LNDWAT,WTRPRC,1,2034,S12,RE1,4.3051
LNDWAT,WTRPRC,1,2035,S12,RE1,4.2415
PWRCOA,COA,1,2020,S12,RE1,55.2263
PWRCOA,COA,1,2021,S12,RE1,61.0645
PWRCOA,COA,1,2022,S12,RE1,63.5766
PWRCOA,COA,1,2023,S12,RE1,63.5766
PWRCOA,COA,1,2024,S12,RE1,63.5766
PWRCOA,COA,1,2025,S12,RE1,63.5766
PWRCOA,COA,1,2026,S12,RE1,63.5766
PWRCOA,COA,1,2027,S12,RE1,63.5766
PWRCOA,COA,1,2028,S12,RE1,63.5766
PWRCOA,COA,1,2029,S12,RE1,63.5766
PWRCOA,COA,1,2030,S12,RE1,31.7883
PWRCOA,COA,1,2031,S12,RE1,31.7883
PWRCOA,COA,1,2032,S12,RE1,3.4059
PWRCOA,COA,1,2033,S12,RE1,3.4059
PWRCOA,COA,1,2034,S12,RE1,3.4059
PWRCOA,COA,1,2035,S12,RE1,3.4059
PWRCOA,PWRWAT,1,2020,S12,RE1,0.0048
PWRCOA,PWRWAT,1,2021,S12,RE1,0.0053
PWRCOA,PWRWAT,1,2022,S12,RE1,0.0055
PWRCOA,PWRWAT,1,2023,S12,RE1,0.0055
PWRCOA,PWRWAT,1,2024,S12,RE1,0.0055
PWRCOA,PWRWAT,1,2025,S12,RE1,0.0055
PWRCOA,PWRWAT,1,2026,S12,RE1,0.0055
PWRCOA,PWRWAT,1,2027,S12,RE1,0.0055
PWRCOA,PWRWAT,1,2028,S12,RE1,0.0055
PWRCOA,PWRWAT,1,2029,S12,RE1,0.0055
PWRCOA,PWRWAT,1,2030,S12,RE1,0.0028
PWRCOA,PWRWAT,1,2031,S12,RE1,0.0028
PWRCOA,PWRWAT,1,2032,S12,RE1,0.0003
PWRCOA,PWRWAT,1,2033,S12,RE1,0.0003
PWRCOA,PWRWAT,1,2034,S12,RE1,0.0003
PWRCOA,PWRWAT,1,2035,S12,RE1,0.0003
PWRGAS,GAS,1,2020,S12,RE1,0.0
PWRGAS,GAS,1,2021,S12,RE1,0.0
PWRGAS,GAS,1,2022,S12,RE1,3.1867
PWRGAS,GAS,1,2023,S12,RE1,8.3619
PWRGAS,GAS,1,2024,S12,RE1,13.5239
PWRGAS,GAS,1,2025,S12,RE1,19.0255
PWRGAS,GAS,1,2026,S12,RE1,25.1424
PWRGAS,GAS,1,2027,S12,RE1,31.2654
PWRGAS,GAS,1,2028,S12,RE1,37.7363
PWRGAS,GAS,1,2029,S12,RE1,44.8199
PWRGAS,GAS,1,2030,S12,RE1,73.4132
PWRGAS,GAS,1,2031,S12,RE1,81.0332
PWRGAS,GAS,1,2032,S12,RE1,108.2016
PWRGAS,GAS,1,2033,S12,RE1,116.768
PWRGAS,GAS,1,2034,S12,RE1,125.9952
PWRGAS,GAS,1,2035,S12,RE1,135.5101
PWRGAS,PWRWAT,1,2020,S12,RE1,0.0
PWRGAS,PWRWAT,1,2021,S12,RE1,0.0
PWRGAS,PWRWAT,1,2022,S12,RE1,0.0004
PWRGAS,PWRWAT,1,2023,S12,RE1,0.0009
PWRGAS,PWRWAT,1,2024,S12,RE1,0.0015
PWRGAS,PWRWAT,1,2025,S12,RE1,0.0021
PWRGAS,PWRWAT,1,2026,S12,RE1,0.0028
PWRGAS,PWRWAT,1,2027,S12,RE1,0.0034
PWRGAS,PWRWAT,1,2028,S12,RE1,0.0042
PWRGAS,PWRWAT,1,2029,S12,RE1,0.0049
PWRGAS,PWRWAT,1,2030,S12,RE1,0.0081
PWRGAS,PWRWAT,1,2031,S12,RE1,0.0089
PWRGAS,PWRWAT,1,2032,S12,RE1,0.0119
PWRGAS,PWRWAT,1,2033,S12,RE1,0.0128
PWRGAS,PWRWAT,1,2034,S12,RE1,0.0139
PWRGAS,PWRWAT,1,2035,S12,RE1,0.0149
PWRHYD,HYD,1,2020,S12,RE1,4.7682
PWRHYD,HYD,1,2021,S12,RE1,4.7682
PWRHYD,HYD,1,2022,S12,RE1,4.7682
PWRHYD,HYD,1,2023,S12,RE1,4.7682
PWRHYD,HYD,1,2024,S12,RE1,4.7682
PWRHYD,HYD,1,2025,S12,RE1,4.7682
PWRHYD,HYD,1,2026,S12,RE1,4.7682
PWRHYD,HYD,1,2027,S12,RE1,4.7682
PWRHYD,HYD,1,2028,S12,RE1,4.7682
PWRHYD,HYD,1,2029,S12,RE1,4.7682
PWRHYD,HYD,1,2030,S12,RE1,4.7682
PWRHYD,HYD,1,2031,S12,RE1,4.7682
PWRHYD,HYD,1,2032,S12,RE1,4.7682
PWRHYD,HYD,1,2033,S12,RE1,4.7682
PWRHYD,HYD,1,2034,S12,RE1,4.7682
PWRHYD,HYD,1,2035,S12,RE1,4.7682
PWRSOL,SOL,1,2020,S12,RE1,0.106
PWRSOL,SOL,1,2021,S12,RE1,0.106
PWRSOL,SOL,1,2022,S12,RE1,0.106
PWRSOL,SOL,1,2023,S12,RE1,0.106
PWRSOL,SOL,1,2024,S12,RE1,0.106
PWRSOL,SOL,1,2025,S12,RE1,0.106
PWRSOL,SOL,1,2026,S12,RE1,0.106
PWRSOL,SOL,1,2027,S12,RE1,0.106
PWRSOL,SOL,1,2028,S12,RE1,0.106
PWRSOL,SOL,1,2029,S12,RE1,0.106
PWRSOL,SOL,1,2030,S12,RE1,0.106
PWRSOL,SOL,1,2031,S12,RE1,0.106
PWRSOL,SOL,1,2032,S12,RE1,0.106
PWRSOL,SOL,1,2033,S12,RE1,0.106
PWRSOL,SOL,1,2034,S12,RE1,0.106
PWRSOL,SOL,1,2035,S12,RE1,0.106
PWRTRN,ELC001,1,2020,S12,RE1,25.6406
PWRTRN,ELC001,1,2021,S12,RE1,27.5867
PWRTRN,ELC001,1,2022,S12,RE1,30.0174
PWRTRN,ELC001,1,2023,S12,RE1,32.605
PWRTRN,ELC001,1,2024,S12,RE1,35.186
PWRTRN,ELC001,1,2025,S12,RE1,37.9368
PWRTRN,ELC001,1,2026,S12,RE1,40.9952
PWRTRN,ELC001,1,2027,S12,RE1,44.0567
PWRTRN,ELC001,1,2028,S12,RE1,47.2922
PWRTRN,ELC001,1,2029,S12,RE1,50.834
PWRTRN,ELC001,1,2030,S12,RE1,54.5345
PWRTRN,ELC001,1,2031,S12,RE1,58.3445
PWRTRN,ELC001,1,2032,S12,RE1,62.4679
PWRTRN,ELC001,1,2033,S12,RE1,66.7511
PWRTRN,ELC001,1,2034,S12,RE1,71.3647
PWRTRN,ELC001,1,2035,S12,RE1,76.1222
PWRWND,WND,1,2020,S12,RE1,2.4636
PWRWND,WND,1,2021,S12,RE1,2.4636
PWRWND,WND,1,2022,S12,RE1,2.4636
PWRWND,WND,1,2023,S12,RE1,2.4636
PWRWND,WND,1,2024,S12,RE1,2.4636
PWRWND,WND,1,2025,S12,RE1,2.4636
PWRWND,WND,1,2026,S12,RE1,2.4636
PWRWND,WND,1,2027,S12,RE1,2.4636
PWRWND,WND,1,2028,S12,RE1,2.4636
PWRWND,WND,1,2029,S12,RE1,2.4636
PWRWND,WND,1,2030,S12,RE1,2.4636
PWRWND,WND,1,2031,S12,RE1,2.4636
PWRWND,WND,1,2032,S12,RE1,2.4636
PWRWND,WND,1,2033,S12,RE1,2.4636
PWRWND,WND,1,2034,S12,RE1,2.4636
PWRWND,WND,1,2035,S12,RE1,2.4636
RSCHYD,WTRRUN,1,2020,S12,RE1,13.6236
RSCHYD,WTRRUN,1,2021,S12,RE1,13.6236
RSCHYD,WTRRUN,1,2022,S12,RE1,13.6236
RSCHYD,WTRRUN,1,2023,S12,RE1,13.6236
RSCHYD,WTRRUN,1,2024,S12,RE1,13.6236
RSCHYD,WTRRUN,1,2025,S12,RE1,13.6236
RSCHYD,WTRRUN,1,2026,S12,RE1,13.6236
RSCHYD,WTRRUN,1,2027,S12,RE1,13.6236
RSCHYD,WTRRUN,1,2028,S12,RE1,13.6236
RSCHYD,WTRRUN,1,2029,S12,RE1,13.6236
RSCHYD,WTRRUN,1,2030,S12,RE1,13.6236
RSCHYD,WTRRUN,1,2031,S12,RE1,13.6236
RSCHYD,WTRRUN,1,2032,S12,RE1,13.6236
RSCHYD,WTRRUN,1,2033,S12,RE1,13.6236
RSCHYD,WTRRUN,1,2034,S12,RE1,13.6236
RSCHYD,WTRRUN,1,2035,S12,RE1,13.6236
UPSWTRSUR,WTRRUN,1,2020,S12,RE1,0.0
UPSWTRSUR,WTRRUN,1,2021,S12,RE1,0.0
UPSWTRSUR,WTRRUN,1,2022,S12,RE1,0.0
UPSWTRSUR,WTRRUN,1,2023,S12,RE1,0.0
UPSWTRSUR,WTRRUN,1,2024,S12,RE1,0.0
UPSWTRSUR,WTRRUN,1,2025,S12,RE1,0.0
UPSWTRSUR,WTRRUN,1,2026,S12,RE1,0.0
UPSWTRSUR,WTRRUN,1,2027,S12,RE1,0.0
UPSWTRSUR,WTRRUN,1,2028,S12,RE1,0.0
UPSWTRSUR,WTRRUN,1,2029,S12,RE1,0.0
UPSWTRSUR,WTRRUN,1,2030,S12,RE1,0.0
UPSWTRSUR,WTRRUN,1,2031,S12,RE1,0.0
UPSWTRSUR,WTRRUN,1,2032,S12,RE1,0.0
UPSWTRSUR,WTRRUN,1,2033,S12,RE1,0.0
UPSWTRSUR,WTRRUN,1,2034,S12,RE1,0.0
UPSWTRSUR,WTRRUN,1,2035,S12,RE1,0.0
DEMAGRGWTWAT,ELC002,1,2020,S21,RE1,0.0
DEMAGRGWTWAT,ELC002,1,2021,S21,RE1,0.0
DEMAGRGWTWAT,ELC002,1,2022,S21,RE1,0.0952
DEMAGRGWTWAT,ELC002,1,2023,S21,RE1,0.1251
DEMAGRGWTWAT,ELC002,1,2024,S21,RE1,0.1072
DEMAGRGWTWAT,ELC002,1,2025,S21,RE1,0.0894
DEMAGRGWTWAT,ELC002,1,2026,S21,RE1,0.0715
DEMAGRGWTWAT,ELC002,1,2027,S21,RE1,0.0536
DEMAGRGWTWAT,ELC002,1,2028,S21,RE1,0.0357
DEMAGRGWTWAT,ELC002,1,2029,S21,RE1,0.0179
DEMAGRGWTWAT,ELC002,1,2030,S21,RE1,0.0
DEMAGRGWTWAT,ELC002,1,2031,S21,RE1,0.0
DEMAGRGWTWAT,ELC002,1,2032,S21,RE1,0.0
DEMAGRGWTWAT,ELC002,1,2033,S21,RE1,0.0
DEMAGRGWTWAT,ELC002,1,2034,S21,RE1,0.0
DEMAGRGWTWAT,ELC002,1,2035,S21,RE1,0.0
DEMAGRGWTWAT,WTRGWT,1,2020,S21,RE1,0.0
DEMAGRGWTWAT,WTRGWT,1,2021,S21,RE1,0.0
DEMAGRGWTWAT,WTRGWT,1,2022,S21,RE1,0.0881
DEMAGRGWTWAT,WTRGWT,1,2023,S21,RE1,0.1158
DEMAGRGWTWAT,WTRGWT,1,2024,S21,RE1,0.0993
DEMAGRGWTWAT,WTRGWT,1,2025,S21,RE1,0.0828
DEMAGRGWTWAT,WTRGWT,1,2026,S21,RE1,0.0662
DEMAGRGWTWAT,WTRGWT,1,2027,S21,RE1,0.0496
DEMAGRGWTWAT,WTRGWT,1,2028,S21,RE1,0.0331
DEMAGRGWTWAT,WTRGWT,1,2029,S21,RE1,0.0166
DEMAGRGWTWAT,WTRGWT,1,2030,S21,RE1,0.0
DEMAGRGWTWAT,WTRGWT,1,2031,S21,RE1,0.0
DEMAGRGWTWAT,WTRGWT,1,2032,S21,RE1,0.0
DEMAGRGWTWAT,WTRGWT,1,2033,S21,RE1,0.0
DEMAGRGWTWAT,WTRGWT,1,2034,S21,RE1,0.0
DEMAGRGWTWAT,WTRGWT,1,2035,S21,RE1,0.0
DEMAGRSURWAT,ELC002,1,2020,S21,RE1,0.1421
DEMAGRSURWAT,ELC002,1,2021,S21,RE1,0.2208
DEMAGRSURWAT,ELC002,1,2022,S21,RE1,0.2277
DEMAGRSURWAT,ELC002,1,2023,S21,RE1,0.2993
DEMAGRSURWAT,ELC002,1,2024,S21,RE1,0.4055
DEMAGRSURWAT,ELC002,1,2025,S21,RE1,0.5328
DEMAGRSURWAT,ELC002,1,2026,S21,RE1,0.6481
DEMAGRSURWAT,ELC002,1,2027,S21,RE1,0.7672
DEMAGRSURWAT,ELC002,1,2028,S21,RE1,0.9142
DEMAGRSURWAT,ELC002,1,2029,S21,RE1,1.0468
DEMAGRSURWAT,ELC002,1,2030,S21,RE1,1.1833
DEMAGRSURWAT,ELC002,1,2031,S21,RE1,1.2132
DEMAGRSURWAT,ELC002,1,2032,S21,RE1,1.2433
DEMAGRSURWAT,ELC002,1,2033,S21,RE1,1.2736
DEMAGRSURWAT,ELC002,1,2034,S21,RE1,1.3311
DEMAGRSURWAT,ELC002,1,2035,S21,RE1,1.3627
DEMAGRSURWAT,WTRSUR,1,2020,S21,RE1,0.1652
DEMAGRSURWAT,WTRSUR,1,2021,S21,RE1,0.2567
DEMAGRSURWAT,WTRSUR,1,2022,S21,RE1,0.2648
DEMAGRSURWAT,WTRSUR,1,2023,S21,RE1,0.3481
DEMAGRSURWAT,WTRSUR,1,2024,S21,RE1,0.4715
DEMAGRSURWAT,WTRSUR,1,2025,S21,RE1,0.6195
DEMAGRSURWAT,WTRSUR,1,2026,S21,RE1,0.7536
DEMAGRSURWAT,WTRSUR,1,2027,S21,RE1,0.892
DEMAGRSURWAT,WTRSUR,1,2028,S21,RE1,1.063
DEMAGRSURWAT,WTRSUR,1,2029,S21,RE1,1.2172
DEMAGRSURWAT,WTRSUR,1,2030,S21,RE1,1.376
DEMAGRSURWAT,WTRSUR,1,2031,S21,RE1,1.4107
DEMAGRSURWAT,WTRSUR,1,2032,S21,RE1,1.4457
DEMAGRSURWAT,WTRSUR,1,2033,S21,RE1,1.4809
DEMAGRSURWAT,WTRSUR,1,2034,S21,RE1,1.5478
DEMAGRSURWAT,WTRSUR,1,2035,S21,RE1,1.5845
DEMPUBGWTWAT,ELC002,1,2020,S21,RE1,1.1435
DEMPUBGWTWAT,ELC002,1,2021,S21,RE1,1.1621
DEMPUBGWTWAT,ELC002,1,2022,S21,RE1,1.1621
DEMPUBGWTWAT,ELC002,1,2023,S21,RE1,1.1621
DEMPUBGWTWAT,ELC002,1,2024,S21,RE1,1.1621
DEMPUBGWTWAT,ELC002,1,2025,S21,RE1,1.1621
DEMPUBGWTWAT,ELC002,1,2026,S21,RE1,1.1621
DEMPUBGWTWAT,ELC002,1,2027,S21,RE1,1.1621
DEMPUBGWTWAT,ELC002,1,2028,S21,RE1,1.1621
DEMPUBGWTWAT,ELC002,1,2029,S21,RE1,1.1621
DEMPUBGWTWAT,ELC002,1,2030,S21,RE1,1.1621
DEMPUBGWTWAT,ELC002,1,2031,S21,RE1,1.1621
DEMPUBGWTWAT,ELC002,1,2032,S21,RE1,1.1621
DEMPUBGWTWAT,ELC002,1,2033,S21,RE1,1.1621
DEMPUBGWTWAT,ELC002,1,2034,S21,RE1,1.1621
DEMPUBGWTWAT,ELC002,1,2035,S21,RE1,1.1621
DEMPUBGWTWAT,WTRGWT,1,2020,S21,RE1,0.2703
DEMPUBGWTWAT,WTRGWT,1,2021,S21,RE1,0.2747
DEMPUBGWTWAT,WTRGWT,1,2022,S21,RE1,0.2747
DEMPUBGWTWAT,WTRGWT,1,2023,S21,RE1,0.2747
DEMPUBGWTWAT,WTRGWT,1,2024,S21,RE1,0.2747
DEMPUBGWTWAT,WTRGWT,1,2025,S21,RE1,0.2747
DEMPUBGWTWAT,WTRGWT,1,2026,S21,RE1,0.2747
DEMPUBGWTWAT,WTRGWT,1,2027,S21,RE1,0.2747
DEMPUBGWTWAT,WTRGWT,1,2028,S21,RE1,0.2747
DEMPUBGWTWAT,WTRGWT,1,2029,S21,RE1,0.2747
DEMPUBGWTWAT,WTRGWT,1,2030,S21,RE1,0.2747
DEMPUBGWTWAT,WTRGWT,1,2031,S21,RE1,0.2747
DEMPUBGWTWAT,WTRGWT,1,2032,S21,RE1,0.2747
DEMPUBGWTWAT,WTRGWT,1,2033,S21,RE1,0.2747
DEMPUBGWTWAT,WTRGWT,1,2034,S21,RE1,0.2747
DEMPUBGWTWAT,WTRGWT,1,2035,S21,RE1,0.2747
DEMPUBSURWAT,ELC002,1,2020,S21,RE1,0.7747
DEMPUBSURWAT,ELC002,1,2021,S21,RE1,0.8709
DEMPUBSURWAT,ELC002,1,2022,S21,RE1,0.9857
DEMPUBSURWAT,ELC002,1,2023,S21,RE1,1.1035
DEMPUBSURWAT,ELC002,1,2024,S21,RE1,1.226
DEMPUBSURWAT,ELC002,1,2025,S21,RE1,1.3548
DEMPUBSURWAT,ELC002,1,2026,S21,RE1,1.4882
DEMPUBSURWAT,ELC002,1,2027,S21,RE1,1.6262
DEMPUBSURWAT,ELC002,1,2028,S21,RE1,1.772
DEMPUBSURWAT,ELC002,1,2029,S21,RE1,1.9225
DEMPUBSURWAT,ELC002,1,2030,S21,RE1,2.0807
DEMPUBSURWAT,ELC002,1,2031,S21,RE1,2.2451
DEMPUBSURWAT,ELC002,1,2032,S21,RE1,2.4157
DEMPUBSURWAT,ELC002,1,2033,S21,RE1,2.5941
DEMPUBSURWAT,ELC002,1,2034,S21,RE1,2.7802
DEMPUBSURWAT,ELC002,1,2035,S21,RE1,2.9756
DEMPUBSURWAT,WTRSUR,1,2020,S21,RE1,0.2747
DEMPUBSURWAT,WTRSUR,1,2021,S21,RE1,0.3088
DEMPUBSURWAT,WTRSUR,1,2022,S21,RE1,0.3495
DEMPUBSURWAT,WTRSUR,1,2023,S21,RE1,0.3913
DEMPUBSURWAT,WTRSUR,1,2024,S21,RE1,0.4348
DEMPUBSURWAT,WTRSUR,1,2025,S21,RE1,0.4804
DEMPUBSURWAT,WTRSUR,1,2026,S21,RE1,0.5277
DEMPUBSURWAT,WTRSUR,1,2027,S21,RE1,0.5767
DEMPUBSURWAT,WTRSUR,1,2028,S21,RE1,0.6284
DEMPUBSURWAT,WTRSUR,1,2029,S21,RE1,0.6817
DEMPUBSURWAT,WTRSUR,1,2030,S21,RE1,0.7378
DEMPUBSURWAT,WTRSUR,1,2031,S21,RE1,0.7961
DEMPUBSURWAT,WTRSUR,1,2032,S21,RE1,0.8566
DEMPUBSURWAT,WTRSUR,1,2033,S21,RE1,0.9199
DEMPUBSURWAT,WTRSUR,1,2034,S21,RE1,0.9859
DEMPUBSURWAT,WTRSUR,1,2035,S21,RE1,1.0552
DEMPWRSURWAT,ELC002,1,2020,S21,RE1,0.0473
DEMPWRSURWAT,ELC002,1,2021,S21,RE1,0.051
DEMPWRSURWAT,ELC002,1,2022,S21,RE1,0.0559
DEMPWRSURWAT,ELC002,1,2023,S21,RE1,0.0616
DEMPWRSURWAT,ELC002,1,2024,S21,RE1,0.0677
DEMPWRSURWAT,ELC002,1,2025,S21,RE1,0.0748
DEMPWRSURWAT,ELC002,1,2026,S21,RE1,0.0835
DEMPWRSURWAT,ELC002,1,2027,S21,RE1,0.0906
DEMPWRSURWAT,ELC002,1,2028,S21,RE1,0.098
DEMPWRSURWAT,ELC002,1,2029,S21,RE1,0.1062
DEMPWRSURWAT,ELC002,1,2030,S21,RE1,0.1116
DEMPWRSURWAT,ELC002,1,2031,S21,RE1,0.1203
DEMPWRSURWAT,ELC002,1,2032,S21,RE1,0.1297
DEMPWRSURWAT,ELC002,1,2033,S21,RE1,0.1394
DEMPWRSURWAT,ELC002,1,2034,S21,RE1,0.1498
DEMPWRSURWAT,ELC002,1,2035,S21,RE1,0.1606
DEMPWRSURWAT,WTRSUR,1,2020,S21,RE1,0.0168
DEMPWRSURWAT,WTRSUR,1,2021,S21,RE1,0.0181
DEMPWRSURWAT,WTRSUR,1,2022,S21,RE1,0.0198
DEMPWRSURWAT,WTRSUR,1,2023,S21,RE1,0.0218
DEMPWRSURWAT,WTRSUR,1,2024,S21,RE1,0.024
DEMPWRSURWAT,WTRSUR,1,2025,S21,RE1,0.0265
DEMPWRSURWAT,WTRSUR,1,2026,S21,RE1,0.0296
DEMPWRSURWAT,WTRSUR,1,2027,S21,RE1,0.0321
DEMPWRSURWAT,WTRSUR,1,2028,S21,RE1,0.0348
DEMPWRSURWAT,WTRSUR,1,2029,S21,RE1,0.0377
DEMPWRSURWAT,WTRSUR,1,2030,S21,RE1,0.0396
DEMPWRSURWAT,WTRSUR,1,2031,S21,RE1,0.0427
DEMPWRSURWAT,WTRSUR,1,2032,S21,RE1,0.046
DEMPWRSURWAT,WTRSUR,1,2033,S21,RE1,0.0494
DEMPWRSURWAT,WTRSUR,1,2034,S21,RE1,0.0531
DEMPWRSURWAT,WTRSUR,1,2035,S21,RE1,0.057
DEMTRABIO,CRPMAI,1,2020,S21,RE1,0.3922
DEMTRABIO,CRPMAI,1,2021,S21,RE1,0.404
DEMTRABIO,CRPMAI,1,2022,S21,RE1,0.4157
DEMTRABIO,CRPMAI,1,2023,S21,RE1,0.4275
DEMTRABIO,CRPMAI,1,2024,S21,RE1,0.4392
DEMTRABIO,CRPMAI,1,2025,S21,RE1,0.4549
DEMTRABIO,CRPMAI,1,2026,S21,RE1,0.4667
DEMTRABIO,CRPMAI,1,2027,S21,RE1,0.4785
DEMTRABIO,CRPMAI,1,2028,S21,RE1,0.4941
DEMTRABIO,CRPMAI,1,2029,S21,RE1,0.5098
DEMTRABIO,CRPMAI,1,2030,S21,RE1,0.5255
DEMTRABIO,CRPMAI,1,2031,S21,RE1,0.5412
DEMTRABIO,CRPMAI,1,2032,S21,RE1,0.5569
DEMTRABIO,CRPMAI,1,2033,S21,RE1,0.5726
DEMTRABIO,CRPMAI,1,2034,S21,RE1,0.5883
DEMTRABIO,CRPMAI,1,2035,S21,RE1,0.6039
LNDBLT,LND,1,2020,S21,RE1,4.965
LNDBLT,LND,1,2021,S21,RE1,5.0312
LNDBLT,LND,1,2022,S21,RE1,5.0643
LNDBLT,LND,1,2023,S21,RE1,5.1305
LNDBLT,LND,1,2024,S21,RE1,5.1636
LNDBLT,LND,1,2025,S21,RE1,5.2298
LNDBLT,LND,1,2026,S21,RE1,5.2629
LNDBLT,LND,1,2027,S21,RE1,5.3291
LNDBLT,LND,1,2028,S21,RE1,5.3622
LNDBLT,LND,1,2029,S21,RE1,5.4284
LNDBLT,LND,1,2030,S21,RE1,5.4946
LNDBLT,LND,1,2031,S21,RE1,5.5277
LNDBLT,LND,1,2032,S21,RE1,5.5939
LNDBLT,LND,1,2033,S21,RE1,5.6601
LNDBLT,LND,1,2034,S21,RE1,5.6932
LNDBLT,LND,1,2035,S21,RE1,5.7594
LNDBLT,WTRPRC,1,2020,S21,RE1,5.958
LNDBLT,WTRPRC,1,2021,S21,RE1,5.9368
LNDBLT,WTRPRC,1,2022,S21,RE1,5.9252
LNDBLT,WTRPRC,1,2023,S21,RE1,5.9001
LNDBLT,WTRPRC,1,2024,S21,RE1,5.8865
LNDBLT,WTRPRC,1,2025,S21,RE1,5.8574
LNDBLT,WTRPRC,1,2026,S21,RE1,5.8418
LNDBLT,WTRPRC,1,2027,S21,RE1,5.862
LNDBLT,WTRPRC,1,2028,S21,RE1,5.7912
LNDBLT,WTRPRC,1,2029,S21,RE1,5.8084
LNDBLT,WTRPRC,1,2030,S21,RE1,5.8243
LNDBLT,WTRPRC,1,2031,S21,RE1,5.8594
LNDBLT,WTRPRC,1,2032,S21,RE1,5.9295
LNDBLT,WTRPRC,1,2033,S21,RE1,5.9997
LNDBLT,WTRPRC,1,2034,S21,RE1,5.9779
LNDBLT,WTRPRC,1,2035,S21,RE1,6.0474
LNDFOR,LND,1,2020,S21,RE1,83.9416
LNDFOR,LND,1,2021,S21,RE1,83.8812
LNDFOR,LND,1,2022,S21,RE1,83.859
LNDFOR,LND,1,2023,S21,RE1,83.8058
LNDFOR,LND,1,2024,S21,RE1,83.7855
LNDFOR,LND,1,2025,S21,RE1,83.7257
LNDFOR,LND,1,2026,S21,RE1,83.7075
LNDFOR,LND,1,2027,S21,RE1,83.3555
LNDFOR,LND,1,2028,S21,RE1,83.6313
LNDFOR,LND,1,2029,S21,RE1,83.2648
LNDFOR,LND,1,2030,S21,RE1,83.3141
LNDFOR,LND,1,2031,S21,RE1,83.3141
LNDFOR,LND,1,2032,S21,RE1,83.3141
LNDFOR,LND,1,2033,S21,RE1,82.0129
LNDFOR,LND,1,2034,S21,RE1,82.6986
LNDFOR,LND,1,2035,S21,RE1,82.3377
LNDFOR,WTRPRC,1,2020,S21,RE1,100.7299
LNDFOR,WTRPRC,1,2021,S21,RE1,98.9798
LNDFOR,WTRPRC,1,2022,S21,RE1,98.115
LNDFOR,WTRPRC,1,2023,S21,RE1,96.3767
LNDFOR,WTRPRC,1,2024,S21,RE1,95.5155
LNDFOR,WTRPRC,1,2025,S21,RE1,93.7728
LNDFOR,WTRPRC,1,2026,S21,RE1,92.9153
LNDFOR,WTRPRC,1,2027,S21,RE1,91.691
LNDFOR,WTRPRC,1,2028,S21,RE1,90.3218
LNDFOR,WTRPRC,1,2029,S21,RE1,89.0933
LNDFOR,WTRPRC,1,2030,S21,RE1,88.3129
LNDFOR,WTRPRC,1,2031,S21,RE1,88.3129
LNDFOR,WTRPRC,1,2032,S21,RE1,88.3129
LNDFOR,WTRPRC,1,2033,S21,RE1,86.9337
LNDFOR,WTRPRC,1,2034,S21,RE1,86.8335
LNDFOR,WTRPRC,1,2035,S21,RE1,86.4546
LNDMAIIRR,AGRDSL,1,2020,S21,RE1,0.0551
LNDMAIIRR,AGRDSL,1,2021,S21,RE1,0.1197
LNDMAIIRR,AGRDSL,1,2022,S21,RE1,0.1846
LNDMAIIRR,AGRDSL,1,2023,S21,RE1,0.2492
LNDMAIIRR,AGRDSL,1,2024,S21,RE1,0.3141
LNDMAIIRR,AGRDSL,1,2025,S21,RE1,0.3829
LNDMAIIRR,AGRDSL,1,2026,S21,RE1,0.4478
LNDMAIIRR,AGRDSL,1,2027,S21,RE1,0.5131
LNDMAIIRR,AGRDSL,1,2028,S21,RE1,0.5822
LNDMAIIRR,AGRDSL,1,2029,S21,RE1,0.6514
LNDMAIIRR,AGRDSL,1,2030,S21,RE1,0.7209
LNDMAIIRR,AGRDSL,1,2031,S21,RE1,0.7409
LNDMAIIRR,AGRDSL,1,2032,S21,RE1,0.761
LNDMAIIRR,AGRDSL,1,2033,S21,RE1,0.781
LNDMAIIRR,AGRDSL,1,2034,S21,RE1,0.8011
LNDMAIIRR,AGRDSL,1,2035,S21,RE1,0.8215
LNDMAIIRR,AGRWAT,1,2020,S21,RE1,0.0337
LNDMAIIRR,AGRWAT,1,2021,S21,RE1,0.0782
LNDMAIIRR,AGRWAT,1,2022,S21,RE1,0.1243
LNDMAIIRR,AGRWAT,1,2023,S21,RE1,0.178
LNDMAIIRR,AGRWAT,1,2024,S21,RE1,0.2308
LNDMAIIRR,AGRWAT,1,2025,S21,RE1,0.2969
LNDMAIIRR,AGRWAT,1,2026,S21,RE1,0.3564
LNDMAIIRR,AGRWAT,1,2027,S21,RE1,0.4188
LNDMAIIRR,AGRWAT,1,2028,S21,RE1,0.499
LNDMAIIRR,AGRWAT,1,2029,S21,RE1,0.5716
LNDMAIIRR,AGRWAT,1,2030,S21,RE1,0.6473
LNDMAIIRR,AGRWAT,1,2031,S21,RE1,0.6653
LNDMAIIRR,AGRWAT,1,2032,S21,RE1,0.6833
LNDMAIIRR,AGRWAT,1,2033,S21,RE1,0.7013
LNDMAIIRR,AGRWAT,1,2034,S21,RE1,0.7357
LNDMAIIRR,AGRWAT,1,2035,S21,RE1,0.7544
LNDMAIIRR,LND,1,2020,S21,RE1,0.1125
LNDMAIIRR,LND,1,2021,S21,RE1,0.2442
LNDMAIIRR,LND,1,2022,S21,RE1,0.3767
LNDMAIIRR,LND,1,2023,S21,RE1,0.5085
LNDMAIIRR,LND,1,2024,S21,RE1,0.641
LNDMAIIRR,LND,1,2025,S21,RE1,0.7814
LNDMAIIRR,LND,1,2026,S21,RE1,0.9139
LNDMAIIRR,LND,1,2027,S21,RE1,1.0471
LNDMAIIRR,LND,1,2028,S21,RE1,1.1882
LNDMAIIRR,LND,1,2029,S21,RE1,1.3293
LNDMAIIRR,LND,1,2030,S21,RE1,1.4711
LNDMAIIRR,LND,1,2031,S21,RE1,1.512
LNDMAIIRR,LND,1,2032,S21,RE1,1.553
LNDMAIIRR,LND,1,2033,S21,RE1,1.5939
LNDMAIIRR,LND,1,2034,S21,RE1,1.6348
LNDMAIIRR,LND,1,2035,S21,RE1,1.6765
LNDMAIIRR,WTRPRC,1,2020,S21,RE1,0.135
LNDMAIIRR,WTRPRC,1,2021,S21,RE1,0.2882
LNDMAIIRR,WTRPRC,1,2022,S21,RE1,0.4408
LNDMAIIRR,WTRPRC,1,2023,S21,RE1,0.5848
LNDMAIIRR,WTRPRC,1,2024,S21,RE1,0.7308
LNDMAIIRR,WTRPRC,1,2025,S21,RE1,0.8752
LNDMAIIRR,WTRPRC,1,2026,S21,RE1,1.0144
LNDMAIIRR,WTRPRC,1,2027,S21,RE1,1.1518
LNDMAIIRR,WTRPRC,1,2028,S21,RE1,1.2832
LNDMAIIRR,WTRPRC,1,2029,S21,RE1,1.4223
LNDMAIIRR,WTRPRC,1,2030,S21,RE1,1.5594
LNDMAIIRR,WTRPRC,1,2031,S21,RE1,1.6028
LNDMAIIRR,WTRPRC,1,2032,S21,RE1,1.6462
LNDMAIIRR,WTRPRC,1,2033,S21,RE1,1.6896
LNDMAIIRR,WTRPRC,1,2034,S21,RE1,1.7166
LNDMAIIRR,WTRPRC,1,2035,S21,RE1,1.7603
LNDMAIRNF,AGRDSL,1,2020,S21,RE1,0.399
LNDMAIRNF,AGRDSL,1,2021,S21,RE1,0.3591
LNDMAIRNF,AGRDSL,1,2022,S21,RE1,0.3192
LNDMAIRNF,AGRDSL,1,2023,S21,RE1,0.2793
LNDMAIRNF,AGRDSL,1,2024,S21,RE1,0.2394
LNDMAIRNF,AGRDSL,1,2025,S21,RE1,0.1995
LNDMAIRNF,AGRDSL,1,2026,S21,RE1,0.1596
LNDMAIRNF,AGRDSL,1,2027,S21,RE1,0.1197
LNDMAIRNF,AGRDSL,1,2028,S21,RE1,0.0798
LNDMAIRNF,AGRDSL,1,2029,S21,RE1,0.0399
LNDMAIRNF,AGRDSL,1,2030,S21,RE1,0.0
LNDMAIRNF,AGRDSL,1,2031,S21,RE1,0.0
LNDMAIRNF,AGRDSL,1,2032,S21,RE1,0.0
LNDMAIRNF,AGRDSL,1,2033,S21,RE1,0.0
LNDMAIRNF,AGRDSL,1,2034,S21,RE1,0.0
LNDMAIRNF,AGRDSL,1,2035,S21,RE1,0.0
LNDMAIRNF,LND,1,2020,S21,RE1,1.3571
LNDMAIRNF,LND,1,2021,S21,RE1,1.2214
LNDMAIRNF,LND,1,2022,S21,RE1,1.0857
LNDMAIRNF,LND,1,2023,S21,RE1,0.95
LNDMAIRNF,LND,1,2024,S21,RE1,0.8143
LNDMAIRNF,LND,1,2025,S21,RE1,0.6786
LNDMAIRNF,LND,1,2026,S21,RE1,0.5428
LNDMAIRNF,LND,1,2027,S21,RE1,0.4071
LNDMAIRNF,LND,1,2028,S21,RE1,0.2714
LNDMAIRNF,LND,1,2029,S21,RE1,0.1357
LNDMAIRNF,LND,1,2030,S21,RE1,0.0
LNDMAIRNF,LND,1,2031,S21,RE1,0.0
LNDMAIRNF,LND,1,2032,S21,RE1,0.0
LNDMAIRNF,LND,1,2033,S21,RE1,0.0
LNDMAIRNF,LND,1,2034,S21,RE1,0.0
LNDMAIRNF,LND,1,2035,S21,RE1,0.0
LNDMAIRNF,WTRPRC,1,2020,S21,RE1,1.6285
LNDMAIRNF,WTRPRC,1,2021,S21,RE1,1.4412
LNDMAIRNF,WTRPRC,1,2022,S21,RE1,1.2702
LNDMAIRNF,WTRPRC,1,2023,S21,RE1,1.0925
LNDMAIRNF,WTRPRC,1,2024,S21,RE1,0.9283
LNDMAIRNF,WTRPRC,1,2025,S21,RE1,0.76
LNDMAIRNF,WTRPRC,1,2026,S21,RE1,0.6026
LNDMAIRNF,WTRPRC,1,2027,S21,RE1,0.4478
LNDMAIRNF,WTRPRC,1,2028,S21,RE1,0.2931
LNDMAIRNF,WTRPRC,1,2029,S21,RE1,0.1452
LNDMAIRNF,WTRPRC,1,2030,S21,RE1,0.0
LNDMAIRNF,WTRPRC,1,2031,S21,RE1,0.0
LNDMAIRNF,WTRPRC,1,2032,S21,RE1,0.0
LNDMAIRNF,WTRPRC,1,2033,S21,RE1,0.0
LNDMAIRNF,WTRPRC,1,2034,S21,RE1,0.0
LNDMAIRNF,WTRPRC,1,2035,S21,RE1,0.0
LNDRICIRR,AGRDSL,1,2020,S21,RE1,0.0892
LNDRICIRR,AGRDSL,1,2021,S21,RE1,0.1058
LNDRICIRR,AGRDSL,1,2022,S21,RE1,0.1253
LNDRICIRR,AGRDSL,1,2023,S21,RE1,0.1438
LNDRICIRR,AGRDSL,1,2024,S21,RE1,0.1622
LNDRICIRR,AGRDSL,1,2025,S21,RE1,0.18
LNDRICIRR,AGRDSL,1,2026,S21,RE1,0.1973
LNDRICIRR,AGRDSL,1,2027,S21,RE1,0.2141
LNDRICIRR,AGRDSL,1,2028,S21,RE1,0.2306
LNDRICIRR,AGRDSL,1,2029,S21,RE1,0.2467
LNDRICIRR,AGRDSL,1,2030,S21,RE1,0.2623
LNDRICIRR,AGRDSL,1,2031,S21,RE1,0.2676
LNDRICIRR,AGRDSL,1,2032,S21,RE1,0.2729
LNDRICIRR,AGRDSL,1,2033,S21,RE1,0.2785
LNDRICIRR,AGRDSL,1,2034,S21,RE1,0.284
LNDRICIRR,AGRDSL,1,2035,S21,RE1,0.2897
LNDRICIRR,AGRWAT,1,2020,S21,RE1,0.0819
LNDRICIRR,AGRWAT,1,2021,S21,RE1,0.1015
LNDRICIRR,AGRWAT,1,2022,S21,RE1,0.1227
LNDRICIRR,AGRWAT,1,2023,S21,RE1,0.1468
LNDRICIRR,AGRWAT,1,2024,S21,RE1,0.1688
LNDRICIRR,AGRWAT,1,2025,S21,RE1,0.1947
LNDRICIRR,AGRWAT,1,2026,S21,RE1,0.2174
LNDRICIRR,AGRWAT,1,2027,S21,RE1,0.2403
LNDRICIRR,AGRWAT,1,2028,S21,RE1,0.2682
LNDRICIRR,AGRWAT,1,2029,S21,RE1,0.2921
LNDRICIRR,AGRWAT,1,2030,S21,RE1,0.3159
LNDRICIRR,AGRWAT,1,2031,S21,RE1,0.3222
LNDRICIRR,AGRWAT,1,2032,S21,RE1,0.3287
LNDRICIRR,AGRWAT,1,2033,S21,RE1,0.3353
LNDRICIRR,AGRWAT,1,2034,S21,RE1,0.3478
LNDRICIRR,AGRWAT,1,2035,S21,RE1,0.3547
LNDRICIRR,LND,1,2020,S21,RE1,0.1821
LNDRICIRR,LND,1,2021,S21,RE1,0.216
LNDRICIRR,LND,1,2022,S21,RE1,0.2556
LNDRICIRR,LND,1,2023,S21,RE1,0.2936
LNDRICIRR,LND,1,2024,S21,RE1,0.331
LNDRICIRR,LND,1,2025,S21,RE1,0.3673
LNDRICIRR,LND,1,2026,S21,RE1,0.4027
LNDRICIRR,LND,1,2027,S21,RE1,0.437
LNDRICIRR,LND,1,2028,S21,RE1,0.4706
LNDRICIRR,LND,1,2029,S21,RE1,0.5036
LNDRICIRR,LND,1,2030,S21,RE1,0.5354
LNDRICIRR,LND,1,2031,S21,RE1,0.5461
LNDRICIRR,LND,1,2032,S21,RE1,0.557
LNDRICIRR,LND,1,2033,S21,RE1,0.5684
LNDRICIRR,LND,1,2034,S21,RE1,0.5796
LNDRICIRR,LND,1,2035,S21,RE1,0.5912
LNDRICIRR,WTRPRC,1,2020,S21,RE1,0.2185
LNDRICIRR,WTRPRC,1,2021,S21,RE1,0.2549
LNDRICIRR,WTRPRC,1,2022,S21,RE1,0.2991
LNDRICIRR,WTRPRC,1,2023,S21,RE1,0.3376
LNDRICIRR,WTRPRC,1,2024,S21,RE1,0.3773
LNDRICIRR,WTRPRC,1,2025,S21,RE1,0.4114
LNDRICIRR,WTRPRC,1,2026,S21,RE1,0.447
LNDRICIRR,WTRPRC,1,2027,S21,RE1,0.4807
LNDRICIRR,WTRPRC,1,2028,S21,RE1,0.5082
LNDRICIRR,WTRPRC,1,2029,S21,RE1,0.5388
LNDRICIRR,WTRPRC,1,2030,S21,RE1,0.5675
LNDRICIRR,WTRPRC,1,2031,S21,RE1,0.5788
LNDRICIRR,WTRPRC,1,2032,S21,RE1,0.5905
LNDRICIRR,WTRPRC,1,2033,S21,RE1,0.6025
LNDRICIRR,WTRPRC,1,2034,S21,RE1,0.6086
LNDRICIRR,WTRPRC,1,2035,S21,RE1,0.6208
LNDRICRNF,AGRDSL,1,2020,S21,RE1,0.1286
LNDRICRNF,AGRDSL,1,2021,S21,RE1,0.1247
LNDRICRNF,AGRDSL,1,2022,S21,RE1,0.1107
LNDRICRNF,AGRDSL,1,2023,S21,RE1,0.0969
LNDRICRNF,AGRDSL,1,2024,S21,RE1,0.0831
LNDRICRNF,AGRDSL,1,2025,S21,RE1,0.0692
LNDRICRNF,AGRDSL,1,2026,S21,RE1,0.0554
LNDRICRNF,AGRDSL,1,2027,S21,RE1,0.0416
LNDRICRNF,AGRDSL,1,2028,S21,RE1,0.0277
LNDRICRNF,AGRDSL,1,2029,S21,RE1,0.0138
LNDRICRNF,AGRDSL,1,2030,S21,RE1,0.0
LNDRICRNF,AGRDSL,1,2031,S21,RE1,0.0
LNDRICRNF,AGRDSL,1,2032,S21,RE1,0.0
LNDRICRNF,AGRDSL,1,2033,S21,RE1,0.0
LNDRICRNF,AGRDSL,1,2034,S21,RE1,0.0
LNDRICRNF,AGRDSL,1,2035,S21,RE1,0.0
LNDRICRNF,LND,1,2020,S21,RE1,0.4373
LNDRICRNF,LND,1,2021,S21,RE1,0.424
LNDRICRNF,LND,1,2022,S21,RE1,0.3767
LNDRICRNF,LND,1,2023,S21,RE1,0.3297
LNDRICRNF,LND,1,2024,S21,RE1,0.2827
LNDRICRNF,LND,1,2025,S21,RE1,0.2353
LNDRICRNF,LND,1,2026,S21,RE1,0.1883
LNDRICRNF,LND,1,2027,S21,RE1,0.1413
LNDRICRNF,LND,1,2028,S21,RE1,0.0943
LNDRICRNF,LND,1,2029,S21,RE1,0.047
LNDRICRNF,LND,1,2030,S21,RE1,0.0
LNDRICRNF,LND,1,2031,S21,RE1,0.0
LNDRICRNF,LND,1,2032,S21,RE1,0.0
LNDRICRNF,LND,1,2033,S21,RE1,0.0
LNDRICRNF,LND,1,2034,S21,RE1,0.0
LNDRICRNF,LND,1,2035,S21,RE1,0.0
LNDRICRNF,WTRPRC,1,2020,S21,RE1,0.5247
LNDRICRNF,WTRPRC,1,2021,S21,RE1,0.5003
LNDRICRNF,WTRPRC,1,2022,S21,RE1,0.4407
LNDRICRNF,WTRPRC,1,2023,S21,RE1,0.3791
LNDRICRNF,WTRPRC,1,2024,S21,RE1,0.3222
LNDRICRNF,WTRPRC,1,2025,S21,RE1,0.2636
LNDRICRNF,WTRPRC,1,2026,S21,RE1,0.2091
LNDRICRNF,WTRPRC,1,2027,S21,RE1,0.1555
LNDRICRNF,WTRPRC,1,2028,S21,RE1,0.1019
LNDRICRNF,WTRPRC,1,2029,S21,RE1,0.0503
LNDRICRNF,WTRPRC,1,2030,S21,RE1,0.0
LNDRICRNF,WTRPRC,1,2031,S21,RE1,0.0
LNDRICRNF,WTRPRC,1,2032,S21,RE1,0.0
LNDRICRNF,WTRPRC,1,2033,S21,RE1,0.0
LNDRICRNF,WTRPRC,1,2034,S21,RE1,0.0
LNDRICRNF,WTRPRC,1,2035,S21,RE1,0.0
LNDWAT,LND,1,2020,S21,RE1,8.3045
LNDWAT,LND,1,2021,S21,RE1,8.282
LNDWAT,LND,1,2022,S21,RE1,8.282
LNDWAT,LND,1,2023,S21,RE1,8.282
LNDWAT,LND,1,2024,S21,RE1,8.282
LNDWAT,LND,1,2025,S21,RE1,8.282
LNDWAT,LND,1,2026,S21,RE1,8.282
LNDWAT,LND,1,2027,S21,RE1,8.5829
LNDWAT,LND,1,2028,S21,RE1,8.282
LNDWAT,LND,1,2029,S21,RE1,8.5913
LNDWAT,LND,1,2030,S21,RE1,8.4848
LNDWAT,LND,1,2031,S21,RE1,8.4001
LNDWAT,LND,1,2032,S21,RE1,8.282
LNDWAT,LND,1,2033,S21,RE1,9.4647
LNDWAT,LND,1,2034,S21,RE1,8.6937
LNDWAT,LND,1,2035,S21,RE1,8.9352
LNDWAT,WTRPRC,1,2020,S21,RE1,9.9654
LNDWAT,WTRPRC,1,2021,S21,RE1,9.7727
LNDWAT,WTRPRC,1,2022,S21,RE1,9.6899
LNDWAT,WTRPRC,1,2023,S21,RE1,9.5242
LNDWAT,WTRPRC,1,2024,S21,RE1,9.4414
LNDWAT,WTRPRC,1,2025,S21,RE1,9.2758
LNDWAT,WTRPRC,1,2026,S21,RE1,9.193
LNDWAT,WTRPRC,1,2027,S21,RE1,9.4411
LNDWAT,WTRPRC,1,2028,S21,RE1,8.9445
LNDWAT,WTRPRC,1,2029,S21,RE1,9.1927
LNDWAT,WTRPRC,1,2030,S21,RE1,8.9939
LNDWAT,WTRPRC,1,2031,S21,RE1,8.9041
LNDWAT,WTRPRC,1,2032,S21,RE1,8.7789
LNDWAT,WTRPRC,1,2033,S21,RE1,10.0326
LNDWAT,WTRPRC,1,2034,S21,RE1,9.1284
LNDWAT,WTRPRC,1,2035,S21,RE1,9.3819
PWRCOA,COA,1,2020,S21,RE1,106.1901
PWRCOA,COA,1,2021,S21,RE1,88.5871
PWRCOA,COA,1,2022,S21,RE1,71.4493
PWRCOA,COA,1,2023,S21,RE1,68.4961
PWRCOA,COA,1,2024,S21,RE1,68.4961
PWRCOA,COA,1,2025,S21,RE1,85.7204
PWRCOA,COA,1,2026,S21,RE1,125.261
PWRCOA,COA,1,2027,S21,RE1,125.261
PWRCOA,COA,1,2028,S21,RE1,125.261
PWRCOA,COA,1,2029,S21,RE1,125.261
PWRCOA,COA,1,2030,S21,RE1,62.6305
PWRCOA,COA,1,2031,S21,RE1,62.6305
PWRCOA,COA,1,2032,S21,RE1,62.6305
PWRCOA,COA,1,2033,S21,RE1,62.6305
PWRCOA,COA,1,2034,S21,RE1,62.6305
PWRCOA,COA,1,2035,S21,RE1,62.6305
PWRCOA,PWRWAT,1,2020,S21,RE1,0.0092
PWRCOA,PWRWAT,1,2021,S21,RE1,0.0077
PWRCOA,PWRWAT,1,2022,S21,RE1,0.0062
PWRCOA,PWRWAT,1,2023,S21,RE1,0.0059
PWRCOA,PWRWAT,1,2024,S21,RE1,0.0059
PWRCOA,PWRWAT,1,2025,S21,RE1,0.0074
PWRCOA,PWRWAT,1,2026,S21,RE1,0.0109
PWRCOA,PWRWAT,1,2027,S21,RE1,0.0109
PWRCOA,PWRWAT,1,2028,S21,RE1,0.0109
PWRCOA,PWRWAT,1,2029,S21,RE1,0.0109
PWRCOA,PWRWAT,1,2030,S21,RE1,0.0054
PWRCOA,PWRWAT,1,2031,S21,RE1,0.0054
PWRCOA,PWRWAT,1,2032,S21,RE1,0.0054
PWRCOA,PWRWAT,1,2033,S21,RE1,0.0054
PWRCOA,PWRWAT,1,2034,S21,RE1,0.0054
PWRCOA,PWRWAT,1,2035,S21,RE1,0.0054
PWRGAS,GAS,1,2020,S21,RE1,38.4358
PWRGAS,GAS,1,2021,S21,RE1,61.6241
PWRGAS,GAS,1,2022,S21,RE1,87.8363
PWRGAS,GAS,1,2023,S21,RE1,104.9586
PWRGAS,GAS,1,2024,S21,RE1,120.6438
PWRGAS,GAS,1,2025,S21,RE1,125.261
PWRGAS,GAS,1,2026,S21,RE1,116.7174
PWRGAS,GAS,1,2027,S21,RE1,135.1526
PWRGAS,GAS,1,2028,S21,RE1,154.1074
PWRGAS,GAS,1,2029,S21,RE1,175.3286
PWRGAS,GAS,1,2030,S21,RE1,238.6556
PWRGAS,GAS,1,2031,S21,RE1,260.9711
PWRGAS,GAS,1,2032,S21,RE1,285.1309
PWRGAS,GAS,1,2033,S21,RE1,309.9586
PWRGAS,GAS,1,2034,S21,RE1,337.1107
PWRGAS,GAS,1,2035,S21,RE1,364.8872
PWRGAS,PWRWAT,1,2020,S21,RE1,0.0042
PWRGAS,PWRWAT,1,2021,S21,RE1,0.0068
PWRGAS,PWRWAT,1,2022,S21,RE1,0.0097
PWRGAS,PWRWAT,1,2023,S21,RE1,0.0115
PWRGAS,PWRWAT,1,2024,S21,RE1,0.0133
PWRGAS,PWRWAT,1,2025,S21,RE1,0.0138
PWRGAS,PWRWAT,1,2026,S21,RE1,0.0128
PWRGAS,PWRWAT,1,2027,S21,RE1,0.0149
PWRGAS,PWRWAT,1,2028,S21,RE1,0.017
PWRGAS,PWRWAT,1,2029,S21,RE1,0.0193
PWRGAS,PWRWAT,1,2030,S21,RE1,0.0263
PWRGAS,PWRWAT,1,2031,S21,RE1,0.0287
PWRGAS,PWRWAT,1,2032,S21,RE1,0.0314
PWRGAS,PWRWAT,1,2033,S21,RE1,0.0341
PWRGAS,PWRWAT,1,2034,S21,RE1,0.0371
PWRGAS,PWRWAT,1,2035,S21,RE1,0.0401
PWRHYD,HYD,1,2020,S21,RE1,12.7183
PWRHYD,HYD,1,2021,S21,RE1,12.6775
PWRHYD,HYD,1,2022,S21,RE1,12.3638
PWRHYD,HYD,1,2023,S21,RE1,12.3262
PWRHYD,HYD,1,2024,S21,RE1,12.0134
PWRHYD,HYD,1,2025,S21,RE1,11.9803
PWRHYD,HYD,1,2026,S21,RE1,11.9937
PWRHYD,HYD,1,2027,S21,RE1,11.7054
PWRHYD,HYD,1,2028,S21,RE1,11.6528
PWRHYD,HYD,1,2029,S21,RE1,11.3682
PWRHYD,HYD,1,2030,S21,RE1,11.3729
PWRHYD,HYD,1,2031,S21,RE1,11.374
PWRHYD,HYD,1,2032,S21,RE1,11.3719
PWRHYD,HYD,1,2033,S21,RE1,11.5006
PWRHYD,HYD,1,2034,S21,RE1,11.4181
PWRHYD,HYD,1,2035,S21,RE1,11.4607
PWRSOL,SOL,1,2020,S21,RE1,2.714
PWRSOL,SOL,1,2021,S21,RE1,2.714
PWRSOL,SOL,1,2022,S21,RE1,2.714
PWRSOL,SOL,1,2023,S21,RE1,2.714
PWRSOL,SOL,1,2024,S21,RE1,2.714
PWRSOL,SOL,1,2025,S21,RE1,2.714
PWRSOL,SOL,1,2026,S21,RE1,2.714
PWRSOL,SOL,1,2027,S21,RE1,2.714
PWRSOL,SOL,1,2028,S21,RE1,2.714
PWRSOL,SOL,1,2029,S21,RE1,2.714
PWRSOL,SOL,1,2030,S21,RE1,2.714
PWRSOL,SOL,1,2031,S21,RE1,2.714
PWRSOL,SOL,1,2032,S21,RE1,2.714
PWRSOL,SOL,1,2033,S21,RE1,2.714
PWRSOL,SOL,1,2034,S21,RE1,2.714
PWRSOL,SOL,1,2035,S21,RE1,2.714
PWRTRN,ELC001,1,2020,S21,RE1,73.1263
PWRTRN,ELC001,1,2021,S21,RE1,78.8119
PWRTRN,ELC001,1,2022,S21,RE1,85.8917
PWRTRN,ELC001,1,2023,S21,RE1,93.4308
PWRTRN,ELC001,1,2024,S21,RE1,100.9607
PWRTRN,ELC001,1,2025,S21,RE1,108.9776
PWRTRN,ELC001,1,2026,S21,RE1,117.8993
PWRTRN,ELC001,1,2027,S21,RE1,126.8286
PWRTRN,ELC001,1,2028,S21,RE1,136.2534
PWRTRN,ELC001,1,2029,S21,RE1,146.5794
PWRTRN,ELC001,1,2030,S21,RE1,157.3709
PWRTRN,ELC001,1,2031,S21,RE1,168.5297
PWRTRN,ELC001,1,2032,S21,RE1,180.6075
PWRTRN,ELC001,1,2033,S21,RE1,193.1501
PWRTRN,ELC001,1,2034,S21,RE1,206.6436
PWRTRN,ELC001,1,2035,S21,RE1,220.5745
PWRWND,WND,1,2020,S21,RE1,5.7933
PWRWND,WND,1,2021,S21,RE1,5.7933
PWRWND,WND,1,2022,S21,RE1,5.7933
PWRWND,WND,1,2023,S21,RE1,5.7933
PWRWND,WND,1,2024,S21,RE1,5.7933
PWRWND,WND,1,2025,S21,RE1,5.7933
PWRWND,WND,1,2026,S21,RE1,5.7933
PWRWND,WND,1,2027,S21,RE1,5.7933
PWRWND,WND,1,2028,S21,RE1,5.7933
PWRWND,WND,1,2029,S21,RE1,5.7933
PWRWND,WND,1,2030,S21,RE1,5.7933
PWRWND,WND,1,2031,S21,RE1,5.7933
PWRWND,WND,1,2032,S21,RE1,5.7933
PWRWND,WND,1,2033,S21,RE1,5.7933
PWRWND,WND,1,2034,S21,RE1,5.7933
PWRWND,WND,1,2035,S21,RE1,5.7933
RSCHYD,WTRRUN,1,2020,S21,RE1,36.3381
RSCHYD,WTRRUN,1,2021,S21,RE1,36.2213
RSCHYD,WTRRUN,1,2022,S21,RE1,35.3251
RSCHYD,WTRRUN,1,2023,S21,RE1,35.2176
RSCHYD,WTRRUN,1,2024,S21,RE1,34.3241
RSCHYD,WTRRUN,1,2025,S21,RE1,34.2293
RSCHYD,WTRRUN,1,2026,S21,RE1,34.2675
RSCHYD,WTRRUN,1,2027,S21,RE1,33.4438
RSCHYD,WTRRUN,1,2028,S21,RE1,33.2936
RSCHYD,WTRRUN,1,2029,S21,RE1,32.4804
RSCHYD,WTRRUN,1,2030,S21,RE1,32.4939
RSCHYD,WTRRUN,1,2031,S21,RE1,32.4971
RSCHYD,WTRRUN,1,2032,S21,RE1,32.4911
RSCHYD,WTRRUN,1,2033,S21,RE1,32.8589
RSCHYD,WTRRUN,1,2034,S21,RE1,32.6231
RSCHYD,WTRRUN,1,2035,S21,RE1,32.7449
UPSWTRSUR,WTRRUN,1,2020,S21,RE1,0.0
UPSWTRSUR,WTRRUN,1,2021,S21,RE1,0.0
UPSWTRSUR,WTRRUN,1,2022,S21,RE1,0.0
UPSWTRSUR,WTRRUN,1,2023,S21,RE1,0.0
UPSWTRSUR,WTRRUN,1,2024,S21,RE1,0.0
UPSWTRSUR,WTRRUN,1,2025,S21,RE1,0.0
UPSWTRSUR,WTRRUN,1,2026,S21,RE1,0.0
UPSWTRSUR,WTRRUN,1,2027,S21,RE1,0.0
UPSWTRSUR,WTRRUN,1,2028,S21,RE1,0.0
UPSWTRSUR,WTRRUN,1,2029,S21,RE1,0.0
UPSWTRSUR,WTRRUN,1,2030,S21,RE1,0.0
UPSWTRSUR,WTRRUN,1,2031,S21,RE1,0.0
UPSWTRSUR,WTRRUN,1,2032,S21,RE1,0.0
UPSWTRSUR,WTRRUN,1,2033,S21,RE1,0.0
UPSWTRSUR,WTRRUN,1,2034,S21,RE1,0.0
UPSWTRSUR,WTRRUN,1,2035,S21,RE1,0.0
DEMAGRGWTWAT,ELC002,1,2020,S22,RE1,0.0
DEMAGRGWTWAT,ELC002,1,2021,S22,RE1,0.0
DEMAGRGWTWAT,ELC002,1,2022,S22,RE1,0.0474
DEMAGRGWTWAT,ELC002,1,2023,S22,RE1,0.0624
DEMAGRGWTWAT,ELC002,1,2024,S22,RE1,0.0535
DEMAGRGWTWAT,ELC002,1,2025,S22,RE1,0.0446
DEMAGRGWTWAT,ELC002,1,2026,S22,RE1,0.0356
DEMAGRGWTWAT,ELC002,1,2027,S22,RE1,0.0267
DEMAGRGWTWAT,ELC002,1,2028,S22,RE1,0.0178
DEMAGRGWTWAT,ELC002,1,2029,S22,RE1,0.0089
DEMAGRGWTWAT,ELC002,1,2030,S22,RE1,0.0
DEMAGRGWTWAT,ELC002,1,2031,S22,RE1,0.0
DEMAGRGWTWAT,ELC002,1,2032,S22,RE1,0.0
DEMAGRGWTWAT,ELC002,1,2033,S22,RE1,0.0
DEMAGRGWTWAT,ELC002,1,2034,S22,RE1,0.0
DEMAGRGWTWAT,ELC002,1,2035,S22,RE1,0.0
DEMAGRGWTWAT,WTRGWT,1,2020,S22,RE1,0.0
DEMAGRGWTWAT,WTRGWT,1,2021,S22,RE1,0.0
DEMAGRGWTWAT,WTRGWT,1,2022,S22,RE1,0.0439
DEMAGRGWTWAT,WTRGWT,1,2023,S22,RE1,0.0578
DEMAGRGWTWAT,WTRGWT,1,2024,S22,RE1,0.0495
DEMAGRGWTWAT,WTRGWT,1,2025,S22,RE1,0.0412
DEMAGRGWTWAT,WTRGWT,1,2026,S22,RE1,0.033
DEMAGRGWTWAT,WTRGWT,1,2027,S22,RE1,0.0248
DEMAGRGWTWAT,WTRGWT,1,2028,S22,RE1,0.0165
DEMAGRGWTWAT,WTRGWT,1,2029,S22,RE1,0.0082
DEMAGRGWTWAT,WTRGWT,1,2030,S22,RE1,0.0
DEMAGRGWTWAT,WTRGWT,1,2031,S22,RE1,0.0
DEMAGRGWTWAT,WTRGWT,1,2032,S22,RE1,0.0
DEMAGRGWTWAT,WTRGWT,1,2033,S22,RE1,0.0
DEMAGRGWTWAT,WTRGWT,1,2034,S22,RE1,0.0
DEMAGRGWTWAT,WTRGWT,1,2035,S22,RE1,0.0
DEMAGRSURWAT,ELC002,1,2020,S22,RE1,0.0708
DEMAGRSURWAT,ELC002,1,2021,S22,RE1,0.11
DEMAGRSURWAT,ELC002,1,2022,S22,RE1,0.1135
DEMAGRSURWAT,ELC002,1,2023,S22,RE1,0.1492
DEMAGRSURWAT,ELC002,1,2024,S22,RE1,0.2021
DEMAGRSURWAT,ELC002,1,2025,S22,RE1,0.2656
DEMAGRSURWAT,ELC002,1,2026,S22,RE1,0.3231
DEMAGRSURWAT,ELC002,1,2027,S22,RE1,0.3824
DEMAGRSURWAT,ELC002,1,2028,S22,RE1,0.4557
DEMAGRSURWAT,ELC002,1,2029,S22,RE1,0.5218
DEMAGRSURWAT,ELC002,1,2030,S22,RE1,0.5899
DEMAGRSURWAT,ELC002,1,2031,S22,RE1,0.6048
DEMAGRSURWAT,ELC002,1,2032,S22,RE1,0.6198
DEMAGRSURWAT,ELC002,1,2033,S22,RE1,0.6349
DEMAGRSURWAT,ELC002,1,2034,S22,RE1,0.6636
DEMAGRSURWAT,ELC002,1,2035,S22,RE1,0.6793
DEMAGRSURWAT,WTRSUR,1,2020,S22,RE1,0.0824
DEMAGRSURWAT,WTRSUR,1,2021,S22,RE1,0.128
DEMAGRSURWAT,WTRSUR,1,2022,S22,RE1,0.132
DEMAGRSURWAT,WTRSUR,1,2023,S22,RE1,0.1735
DEMAGRSURWAT,WTRSUR,1,2024,S22,RE1,0.235
DEMAGRSURWAT,WTRSUR,1,2025,S22,RE1,0.3088
DEMAGRSURWAT,WTRSUR,1,2026,S22,RE1,0.3757
DEMAGRSURWAT,WTRSUR,1,2027,S22,RE1,0.4447
DEMAGRSURWAT,WTRSUR,1,2028,S22,RE1,0.5299
DEMAGRSURWAT,WTRSUR,1,2029,S22,RE1,0.6068
DEMAGRSURWAT,WTRSUR,1,2030,S22,RE1,0.6859
DEMAGRSURWAT,WTRSUR,1,2031,S22,RE1,0.7032
DEMAGRSURWAT,WTRSUR,1,2032,S22,RE1,0.7207
DEMAGRSURWAT,WTRSUR,1,2033,S22,RE1,0.7382
DEMAGRSURWAT,WTRSUR,1,2034,S22,RE1,0.7716
DEMAGRSURWAT,WTRSUR,1,2035,S22,RE1,0.7899
DEMPUBGWTWAT,ELC002,1,2020,S22,RE1,0.0
DEMPUBGWTWAT,ELC002,1,2021,S22,RE1,0.0
DEMPUBGWTWAT,ELC002,1,2022,S22,RE1,0.0
DEMPUBGWTWAT,ELC002,1,2023,S22,RE1,0.0
DEMPUBGWTWAT,ELC002,1,2024,S22,RE1,0.0
DEMPUBGWTWAT,ELC002,1,2025,S22,RE1,0.0
DEMPUBGWTWAT,ELC002,1,2026,S22,RE1,0.0
DEMPUBGWTWAT,ELC002,1,2027,S22,RE1,0.0
DEMPUBGWTWAT,ELC002,1,2028,S22,RE1,0.0
DEMPUBGWTWAT,ELC002,1,2029,S22,RE1,0.0
DEMPUBGWTWAT,ELC002,1,2030,S22,RE1,0.0
DEMPUBGWTWAT,ELC002,1,2031,S22,RE1,0.0
DEMPUBGWTWAT,ELC002,1,2032,S22,RE1,0.0
DEMPUBGWTWAT,ELC002,1,2033,S22,RE1,0.0
DEMPUBGWTWAT,ELC002,1,2034,S22,RE1,0.0
DEMPUBGWTWAT,ELC002,1,2035,S22,RE1,0.0
DEMPUBGWTWAT,WTRGWT,1,2020,S22,RE1,0.0
DEMPUBGWTWAT,WTRGWT,1,2021,S22,RE1,0.0
DEMPUBGWTWAT,WTRGWT,1,2022,S22,RE1,0.0
DEMPUBGWTWAT,WTRGWT,1,2023,S22,RE1,0.0
DEMPUBGWTWAT,WTRGWT,1,2024,S22,RE1,0.0
DEMPUBGWTWAT,WTRGWT,1,2025,S22,RE1,0.0
DEMPUBGWTWAT,WTRGWT,1,2026,S22,RE1,0.0
DEMPUBGWTWAT,WTRGWT,1,2027,S22,RE1,0.0
DEMPUBGWTWAT,WTRGWT,1,2028,S22,RE1,0.0
DEMPUBGWTWAT,WTRGWT,1,2029,S22,RE1,0.0
DEMPUBGWTWAT,WTRGWT,1,2030,S22,RE1,0.0
DEMPUBGWTWAT,WTRGWT,1,2031,S22,RE1,0.0
DEMPUBGWTWAT,WTRGWT,1,2032,S22,RE1,0.0
DEMPUBGWTWAT,WTRGWT,1,2033,S22,RE1,0.0
DEMPUBGWTWAT,WTRGWT,1,2034,S22,RE1,0.0
DEMPUBGWTWAT,WTRGWT,1,2035,S22,RE1,0.0
DEMPUBSURWAT,ELC002,1,2020,S22,RE1,0.2026
DEMPUBSURWAT,ELC002,1,2021,S22,RE1,0.2169
DEMPUBSURWAT,ELC002,1,2022,S22,RE1,0.232
DEMPUBSURWAT,ELC002,1,2023,S22,RE1,0.2476
DEMPUBSURWAT,ELC002,1,2024,S22,RE1,0.2637
DEMPUBSURWAT,ELC002,1,2025,S22,RE1,0.2807
DEMPUBSURWAT,ELC002,1,2026,S22,RE1,0.2983
DEMPUBSURWAT,ELC002,1,2027,S22,RE1,0.3165
DEMPUBSURWAT,ELC002,1,2028,S22,RE1,0.3357
DEMPUBSURWAT,ELC002,1,2029,S22,RE1,0.3555
DEMPUBSURWAT,ELC002,1,2030,S22,RE1,0.3764
DEMPUBSURWAT,ELC002,1,2031,S22,RE1,0.3981
DEMPUBSURWAT,ELC002,1,2032,S22,RE1,0.4205
DEMPUBSURWAT,ELC002,1,2033,S22,RE1,0.4441
DEMPUBSURWAT,ELC002,1,2034,S22,RE1,0.4686
DEMPUBSURWAT,ELC002,1,2035,S22,RE1,0.4944
DEMPUBSURWAT,WTRSUR,1,2020,S22,RE1,0.0718
DEMPUBSURWAT,WTRSUR,1,2021,S22,RE1,0.0769
DEMPUBSURWAT,WTRSUR,1,2022,S22,RE1,0.0823
DEMPUBSURWAT,WTRSUR,1,2023,S22,RE1,0.0878
DEMPUBSURWAT,WTRSUR,1,2024,S22,RE1,0.0935
DEMPUBSURWAT,WTRSUR,1,2025,S22,RE1,0.0995
DEMPUBSURWAT,WTRSUR,1,2026,S22,RE1,0.1058
DEMPUBSURWAT,WTRSUR,1,2027,S22,RE1,0.1122
DEMPUBSURWAT,WTRSUR,1,2028,S22,RE1,0.119
DEMPUBSURWAT,WTRSUR,1,2029,S22,RE1,0.1261
DEMPUBSURWAT,WTRSUR,1,2030,S22,RE1,0.1335
DEMPUBSURWAT,WTRSUR,1,2031,S22,RE1,0.1412
DEMPUBSURWAT,WTRSUR,1,2032,S22,RE1,0.1491
DEMPUBSURWAT,WTRSUR,1,2033,S22,RE1,0.1575
DEMPUBSURWAT,WTRSUR,1,2034,S22,RE1,0.1662
DEMPUBSURWAT,WTRSUR,1,2035,S22,RE1,0.1753
DEMPWRSURWAT,ELC002,1,2020,S22,RE1,0.0195
DEMPWRSURWAT,ELC002,1,2021,S22,RE1,0.0214
DEMPWRSURWAT,ELC002,1,2022,S22,RE1,0.0237
DEMPWRSURWAT,ELC002,1,2023,S22,RE1,0.0261
DEMPWRSURWAT,ELC002,1,2024,S22,RE1,0.0287
DEMPWRSURWAT,ELC002,1,2025,S22,RE1,0.0312
DEMPWRSURWAT,ELC002,1,2026,S22,RE1,0.0327
DEMPWRSURWAT,ELC002,1,2027,S22,RE1,0.0355
DEMPWRSURWAT,ELC002,1,2028,S22,RE1,0.0401
DEMPWRSURWAT,ELC002,1,2029,S22,RE1,0.0417
DEMPWRSURWAT,ELC002,1,2030,S22,RE1,0.0454
DEMPWRSURWAT,ELC002,1,2031,S22,RE1,0.0489
DEMPWRSURWAT,ELC002,1,2032,S22,RE1,0.0528
DEMPWRSURWAT,ELC002,1,2033,S22,RE1,0.0568
DEMPWRSURWAT,ELC002,1,2034,S22,RE1,0.0611
DEMPWRSURWAT,ELC002,1,2035,S22,RE1,0.0656
DEMPWRSURWAT,WTRSUR,1,2020,S22,RE1,0.0069
DEMPWRSURWAT,WTRSUR,1,2021,S22,RE1,0.0076
DEMPWRSURWAT,WTRSUR,1,2022,S22,RE1,0.0084
DEMPWRSURWAT,WTRSUR,1,2023,S22,RE1,0.0093
DEMPWRSURWAT,WTRSUR,1,2024,S22,RE1,0.0102
DEMPWRSURWAT,WTRSUR,1,2025,S22,RE1,0.0111
DEMPWRSURWAT,WTRSUR,1,2026,S22,RE1,0.0116
DEMPWRSURWAT,WTRSUR,1,2027,S22,RE1,0.0126
DEMPWRSURWAT,WTRSUR,1,2028,S22,RE1,0.0142
DEMPWRSURWAT,WTRSUR,1,2029,S22,RE1,0.0148
DEMPWRSURWAT,WTRSUR,1,2030,S22,RE1,0.0161
DEMPWRSURWAT,WTRSUR,1,2031,S22,RE1,0.0174
DEMPWRSURWAT,WTRSUR,1,2032,S22,RE1,0.0187
DEMPWRSURWAT,WTRSUR,1,2033,S22,RE1,0.0201
DEMPWRSURWAT,WTRSUR,1,2034,S22,RE1,0.0217
DEMPWRSURWAT,WTRSUR,1,2035,S22,RE1,0.0232
DEMTRABIO,CRPMAI,1,2020,S22,RE1,0.1955
DEMTRABIO,CRPMAI,1,2021,S22,RE1,0.2014
DEMTRABIO,CRPMAI,1,2022,S22,RE1,0.2072
DEMTRABIO,CRPMAI,1,2023,S22,RE1,0.2131
DEMTRABIO,CRPMAI,1,2024,S22,RE1,0.219
DEMTRABIO,CRPMAI,1,2025,S22,RE1,0.2268
DEMTRABIO,CRPMAI,1,2026,S22,RE1,0.2326
DEMTRABIO,CRPMAI,1,2027,S22,RE1,0.2385
DEMTRABIO,CRPMAI,1,2028,S22,RE1,0.2463
DEMTRABIO,CRPMAI,1,2029,S22,RE1,0.2541
DEMTRABIO,CRPMAI,1,2030,S22,RE1,0.262
DEMTRABIO,CRPMAI,1,2031,S22,RE1,0.2698
DEMTRABIO,CRPMAI,1,2032,S22,RE1,0.2776
DEMTRABIO,CRPMAI,1,2033,S22,RE1,0.2854
DEMTRABIO,CRPMAI,1,2034,S22,RE1,0.2933
DEMTRABIO,CRPMAI,1,2035,S22,RE1,0.3011
LNDBLT,LND,1,2020,S22,RE1,2.475
LNDBLT,LND,1,2021,S22,RE1,2.508
LNDBLT,LND,1,2022,S22,RE1,2.5245
LNDBLT,LND,1,2023,S22,RE1,2.5575
LNDBLT,LND,1,2024,S22,RE1,2.574
LNDBLT,LND,1,2025,S22,RE1,2.607
LNDBLT,LND,1,2026,S22,RE1,2.6235
LNDBLT,LND,1,2027,S22,RE1,2.6565
LNDBLT,LND,1,2028,S22,RE1,2.673
LNDBLT,LND,1,2029,S22,RE1,2.706
LNDBLT,LND,1,2030,S22,RE1,2.739
LNDBLT,LND,1,2031,S22,RE1,2.7555
LNDBLT,LND,1,2032,S22,RE1,2.7885
LNDBLT,LND,1,2033,S22,RE1,2.8215
LNDBLT,LND,1,2034,S22,RE1,2.838
LNDBLT,LND,1,2035,S22,RE1,2.871
LNDBLT,WTRPRC,1,2020,S22,RE1,2.97
LNDBLT,WTRPRC,1,2021,S22,RE1,2.9594
LNDBLT,WTRPRC,1,2022,S22,RE1,2.9537
LNDBLT,WTRPRC,1,2023,S22,RE1,2.9411
LNDBLT,WTRPRC,1,2024,S22,RE1,2.9344
LNDBLT,WTRPRC,1,2025,S22,RE1,2.9198
LNDBLT,WTRPRC,1,2026,S22,RE1,2.9121
LNDBLT,WTRPRC,1,2027,S22,RE1,2.9222
LNDBLT,WTRPRC,1,2028,S22,RE1,2.8868
LNDBLT,WTRPRC,1,2029,S22,RE1,2.8954
LNDBLT,WTRPRC,1,2030,S22,RE1,2.9033
LNDBLT,WTRPRC,1,2031,S22,RE1,2.9208
LNDBLT,WTRPRC,1,2032,S22,RE1,2.9558
LNDBLT,WTRPRC,1,2033,S22,RE1,2.9908
LNDBLT,WTRPRC,1,2034,S22,RE1,2.9799
LNDBLT,WTRPRC,1,2035,S22,RE1,3.0146
LNDFOR,LND,1,2020,S22,RE1,41.844
LNDFOR,LND,1,2021,S22,RE1,41.8139
LNDFOR,LND,1,2022,S22,RE1,41.8028
LNDFOR,LND,1,2023,S22,RE1,41.7763
LNDFOR,LND,1,2024,S22,RE1,41.7662
LNDFOR,LND,1,2025,S22,RE1,41.7364
LNDFOR,LND,1,2026,S22,RE1,41.7273
LNDFOR,LND,1,2027,S22,RE1,41.5518
LNDFOR,LND,1,2028,S22,RE1,41.6893
LNDFOR,LND,1,2029,S22,RE1,41.5066
LNDFOR,LND,1,2030,S22,RE1,41.5312
LNDFOR,LND,1,2031,S22,RE1,41.5312
LNDFOR,LND,1,2032,S22,RE1,41.5312
LNDFOR,LND,1,2033,S22,RE1,41.5312
LNDFOR,LND,1,2034,S22,RE1,41.5312
LNDFOR,LND,1,2035,S22,RE1,41.5312
LNDFOR,WTRPRC,1,2020,S22,RE1,50.2128
LNDFOR,WTRPRC,1,2021,S22,RE1,49.3404
LNDFOR,WTRPRC,1,2022,S22,RE1,48.9093
LNDFOR,WTRPRC,1,2023,S22,RE1,48.0428
LNDFOR,WTRPRC,1,2024,S22,RE1,47.6135
LNDFOR,WTRPRC,1,2025,S22,RE1,46.7447
LNDFOR,WTRPRC,1,2026,S22,RE1,46.3173
LNDFOR,WTRPRC,1,2027,S22,RE1,45.707
LNDFOR,WTRPRC,1,2028,S22,RE1,45.0245
LNDFOR,WTRPRC,1,2029,S22,RE1,44.4121
LNDFOR,WTRPRC,1,2030,S22,RE1,44.0231
LNDFOR,WTRPRC,1,2031,S22,RE1,44.0231
LNDFOR,WTRPRC,1,2032,S22,RE1,44.0231
LNDFOR,WTRPRC,1,2033,S22,RE1,44.0231
LNDFOR,WTRPRC,1,2034,S22,RE1,43.6078
LNDFOR,WTRPRC,1,2035,S22,RE1,43.6078
LNDMAIIRR,AGRDSL,1,2020,S22,RE1,0.0275
LNDMAIIRR,AGRDSL,1,2021,S22,RE1,0.0597
LNDMAIIRR,AGRDSL,1,2022,S22,RE1,0.092
LNDMAIIRR,AGRDSL,1,2023,S22,RE1,0.1242
LNDMAIIRR,AGRDSL,1,2024,S22,RE1,0.1566
LNDMAIIRR,AGRDSL,1,2025,S22,RE1,0.1909
LNDMAIIRR,AGRDSL,1,2026,S22,RE1,0.2232
LNDMAIIRR,AGRDSL,1,2027,S22,RE1,0.2558
LNDMAIIRR,AGRDSL,1,2028,S22,RE1,0.2902
LNDMAIIRR,AGRDSL,1,2029,S22,RE1,0.3247
LNDMAIIRR,AGRDSL,1,2030,S22,RE1,0.3593
LNDMAIIRR,AGRDSL,1,2031,S22,RE1,0.3693
LNDMAIIRR,AGRDSL,1,2032,S22,RE1,0.3793
LNDMAIIRR,AGRDSL,1,2033,S22,RE1,0.3893
LNDMAIIRR,AGRDSL,1,2034,S22,RE1,0.3993
LNDMAIIRR,AGRDSL,1,2035,S22,RE1,0.4095
LNDMAIIRR,AGRWAT,1,2020,S22,RE1,0.0168
LNDMAIIRR,AGRWAT,1,2021,S22,RE1,0.039
LNDMAIIRR,AGRWAT,1,2022,S22,RE1,0.062
LNDMAIIRR,AGRWAT,1,2023,S22,RE1,0.0887
LNDMAIIRR,AGRWAT,1,2024,S22,RE1,0.115
LNDMAIIRR,AGRWAT,1,2025,S22,RE1,0.148
LNDMAIIRR,AGRWAT,1,2026,S22,RE1,0.1777
LNDMAIIRR,AGRWAT,1,2027,S22,RE1,0.2088
LNDMAIIRR,AGRWAT,1,2028,S22,RE1,0.2488
LNDMAIIRR,AGRWAT,1,2029,S22,RE1,0.2849
LNDMAIIRR,AGRWAT,1,2030,S22,RE1,0.3227
LNDMAIIRR,AGRWAT,1,2031,S22,RE1,0.3316
LNDMAIIRR,AGRWAT,1,2032,S22,RE1,0.3406
LNDMAIIRR,AGRWAT,1,2033,S22,RE1,0.3496
LNDMAIIRR,AGRWAT,1,2034,S22,RE1,0.3667
LNDMAIIRR,AGRWAT,1,2035,S22,RE1,0.3761
LNDMAIIRR,LND,1,2020,S22,RE1,0.0561
LNDMAIIRR,LND,1,2021,S22,RE1,0.1218
LNDMAIIRR,LND,1,2022,S22,RE1,0.1878
LNDMAIIRR,LND,1,2023,S22,RE1,0.2535
LNDMAIIRR,LND,1,2024,S22,RE1,0.3195
LNDMAIIRR,LND,1,2025,S22,RE1,0.3895
LNDMAIIRR,LND,1,2026,S22,RE1,0.4555
LNDMAIIRR,LND,1,2027,S22,RE1,0.522
LNDMAIIRR,LND,1,2028,S22,RE1,0.5923
LNDMAIIRR,LND,1,2029,S22,RE1,0.6626
LNDMAIIRR,LND,1,2030,S22,RE1,0.7333
LNDMAIIRR,LND,1,2031,S22,RE1,0.7537
LNDMAIIRR,LND,1,2032,S22,RE1,0.7741
LNDMAIIRR,LND,1,2033,S22,RE1,0.7946
LNDMAIIRR,LND,1,2034,S22,RE1,0.815
LNDMAIIRR,LND,1,2035,S22,RE1,0.8357
LNDMAIIRR,WTRPRC,1,2020,S22,RE1,0.0673
LNDMAIIRR,WTRPRC,1,2021,S22,RE1,0.1437
LNDMAIIRR,WTRPRC,1,2022,S22,RE1,0.2197
LNDMAIIRR,WTRPRC,1,2023,S22,RE1,0.2915
LNDMAIIRR,WTRPRC,1,2024,S22,RE1,0.3643
LNDMAIIRR,WTRPRC,1,2025,S22,RE1,0.4363
LNDMAIIRR,WTRPRC,1,2026,S22,RE1,0.5057
LNDMAIIRR,WTRPRC,1,2027,S22,RE1,0.5742
LNDMAIIRR,WTRPRC,1,2028,S22,RE1,0.6397
LNDMAIIRR,WTRPRC,1,2029,S22,RE1,0.709
LNDMAIIRR,WTRPRC,1,2030,S22,RE1,0.7773
LNDMAIIRR,WTRPRC,1,2031,S22,RE1,0.799
LNDMAIIRR,WTRPRC,1,2032,S22,RE1,0.8206
LNDMAIIRR,WTRPRC,1,2033,S22,RE1,0.8422
LNDMAIIRR,WTRPRC,1,2034,S22,RE1,0.8557
LNDMAIIRR,WTRPRC,1,2035,S22,RE1,0.8775
LNDMAIRNF,AGRDSL,1,2020,S22,RE1,0.1989
LNDMAIRNF,AGRDSL,1,2021,S22,RE1,0.179
LNDMAIRNF,AGRDSL,1,2022,S22,RE1,0.1591
LNDMAIRNF,AGRDSL,1,2023,S22,RE1,0.1392
LNDMAIRNF,AGRDSL,1,2024,S22,RE1,0.1193
LNDMAIRNF,AGRDSL,1,2025,S22,RE1,0.0994
LNDMAIRNF,AGRDSL,1,2026,S22,RE1,0.0796
LNDMAIRNF,AGRDSL,1,2027,S22,RE1,0.0597
LNDMAIRNF,AGRDSL,1,2028,S22,RE1,0.0398
LNDMAIRNF,AGRDSL,1,2029,S22,RE1,0.0199
LNDMAIRNF,AGRDSL,1,2030,S22,RE1,0.0
LNDMAIRNF,AGRDSL,1,2031,S22,RE1,0.0
LNDMAIRNF,AGRDSL,1,2032,S22,RE1,0.0
LNDMAIRNF,AGRDSL,1,2033,S22,RE1,0.0
LNDMAIRNF,AGRDSL,1,2034,S22,RE1,0.0
LNDMAIRNF,AGRDSL,1,2035,S22,RE1,0.0
LNDMAIRNF,LND,1,2020,S22,RE1,0.6765
LNDMAIRNF,LND,1,2021,S22,RE1,0.6088
LNDMAIRNF,LND,1,2022,S22,RE1,0.5412
LNDMAIRNF,LND,1,2023,S22,RE1,0.4736
LNDMAIRNF,LND,1,2024,S22,RE1,0.4059
LNDMAIRNF,LND,1,2025,S22,RE1,0.3382
LNDMAIRNF,LND,1,2026,S22,RE1,0.2706
LNDMAIRNF,LND,1,2027,S22,RE1,0.203
LNDMAIRNF,LND,1,2028,S22,RE1,0.1353
LNDMAIRNF,LND,1,2029,S22,RE1,0.0676
LNDMAIRNF,LND,1,2030,S22,RE1,0.0
LNDMAIRNF,LND,1,2031,S22,RE1,0.0
LNDMAIRNF,LND,1,2032,S22,RE1,0.0
LNDMAIRNF,LND,1,2033,S22,RE1,0.0
LNDMAIRNF,LND,1,2034,S22,RE1,0.0
LNDMAIRNF,LND,1,2035,S22,RE1,0.0
LNDMAIRNF,WTRPRC,1,2020,S22,RE1,0.8118
LNDMAIRNF,WTRPRC,1,2021,S22,RE1,0.7184
LNDMAIRNF,WTRPRC,1,2022,S22,RE1,0.6332
LNDMAIRNF,WTRPRC,1,2023,S22,RE1,0.5446
LNDMAIRNF,WTRPRC,1,2024,S22,RE1,0.4627
LNDMAIRNF,WTRPRC,1,2025,S22,RE1,0.3788
LNDMAIRNF,WTRPRC,1,2026,S22,RE1,0.3004
LNDMAIRNF,WTRPRC,1,2027,S22,RE1,0.2232
LNDMAIRNF,WTRPRC,1,2028,S22,RE1,0.1461
LNDMAIRNF,WTRPRC,1,2029,S22,RE1,0.0724
LNDMAIRNF,WTRPRC,1,2030,S22,RE1,0.0
LNDMAIRNF,WTRPRC,1,2031,S22,RE1,0.0
LNDMAIRNF,WTRPRC,1,2032,S22,RE1,0.0
LNDMAIRNF,WTRPRC,1,2033,S22,RE1,0.0
LNDMAIRNF,WTRPRC,1,2034,S22,RE1,0.0
LNDMAIRNF,WTRPRC,1,2035,S22,RE1,0.0
LNDRICIRR,AGRDSL,1,2020,S22,RE1,0.0445
LNDRICIRR,AGRDSL,1,2021,S22,RE1,0.0528
LNDRICIRR,AGRDSL,1,2022,S22,RE1,0.0624
LNDRICIRR,AGRDSL,1,2023,S22,RE1,0.0717
LNDRICIRR,AGRDSL,1,2024,S22,RE1,0.0808
LNDRICIRR,AGRDSL,1,2025,S22,RE1,0.0897
LNDRICIRR,AGRDSL,1,2026,S22,RE1,0.0984
LNDRICIRR,AGRDSL,1,2027,S22,RE1,0.1067
LNDRICIRR,AGRDSL,1,2028,S22,RE1,0.1149
LNDRICIRR,AGRDSL,1,2029,S22,RE1,0.123
LNDRICIRR,AGRDSL,1,2030,S22,RE1,0.1308
LNDRICIRR,AGRDSL,1,2031,S22,RE1,0.1334
LNDRICIRR,AGRDSL,1,2032,S22,RE1,0.1361
LNDRICIRR,AGRDSL,1,2033,S22,RE1,0.1388
LNDRICIRR,AGRDSL,1,2034,S22,RE1,0.1416
LNDRICIRR,AGRDSL,1,2035,S22,RE1,0.1444
LNDRICIRR,AGRWAT,1,2020,S22,RE1,0.0408
LNDRICIRR,AGRWAT,1,2021,S22,RE1,0.0506
LNDRICIRR,AGRWAT,1,2022,S22,RE1,0.0612
LNDRICIRR,AGRWAT,1,2023,S22,RE1,0.0732
LNDRICIRR,AGRWAT,1,2024,S22,RE1,0.0842
LNDRICIRR,AGRWAT,1,2025,S22,RE1,0.097
LNDRICIRR,AGRWAT,1,2026,S22,RE1,0.1084
LNDRICIRR,AGRWAT,1,2027,S22,RE1,0.1198
LNDRICIRR,AGRWAT,1,2028,S22,RE1,0.1337
LNDRICIRR,AGRWAT,1,2029,S22,RE1,0.1456
LNDRICIRR,AGRWAT,1,2030,S22,RE1,0.1575
LNDRICIRR,AGRWAT,1,2031,S22,RE1,0.1606
LNDRICIRR,AGRWAT,1,2032,S22,RE1,0.1638
LNDRICIRR,AGRWAT,1,2033,S22,RE1,0.1672
LNDRICIRR,AGRWAT,1,2034,S22,RE1,0.1734
LNDRICIRR,AGRWAT,1,2035,S22,RE1,0.1768
LNDRICIRR,LND,1,2020,S22,RE1,0.0908
LNDRICIRR,LND,1,2021,S22,RE1,0.1077
LNDRICIRR,LND,1,2022,S22,RE1,0.1274
LNDRICIRR,LND,1,2023,S22,RE1,0.1463
LNDRICIRR,LND,1,2024,S22,RE1,0.165
LNDRICIRR,LND,1,2025,S22,RE1,0.1831
LNDRICIRR,LND,1,2026,S22,RE1,0.2007
LNDRICIRR,LND,1,2027,S22,RE1,0.2178
LNDRICIRR,LND,1,2028,S22,RE1,0.2346
LNDRICIRR,LND,1,2029,S22,RE1,0.251
LNDRICIRR,LND,1,2030,S22,RE1,0.2669
LNDRICIRR,LND,1,2031,S22,RE1,0.2722
LNDRICIRR,LND,1,2032,S22,RE1,0.2777
LNDRICIRR,LND,1,2033,S22,RE1,0.2833
LNDRICIRR,LND,1,2034,S22,RE1,0.2889
LNDRICIRR,LND,1,2035,S22,RE1,0.2947
LNDRICIRR,WTRPRC,1,2020,S22,RE1,0.1089
LNDRICIRR,WTRPRC,1,2021,S22,RE1,0.1271
LNDRICIRR,WTRPRC,1,2022,S22,RE1,0.1491
LNDRICIRR,WTRPRC,1,2023,S22,RE1,0.1683
LNDRICIRR,WTRPRC,1,2024,S22,RE1,0.1881
LNDRICIRR,WTRPRC,1,2025,S22,RE1,0.2051
LNDRICIRR,WTRPRC,1,2026,S22,RE1,0.2228
LNDRICIRR,WTRPRC,1,2027,S22,RE1,0.2396
LNDRICIRR,WTRPRC,1,2028,S22,RE1,0.2533
LNDRICIRR,WTRPRC,1,2029,S22,RE1,0.2686
LNDRICIRR,WTRPRC,1,2030,S22,RE1,0.2829
LNDRICIRR,WTRPRC,1,2031,S22,RE1,0.2886
LNDRICIRR,WTRPRC,1,2032,S22,RE1,0.2943
LNDRICIRR,WTRPRC,1,2033,S22,RE1,0.3003
LNDRICIRR,WTRPRC,1,2034,S22,RE1,0.3034
LNDRICIRR,WTRPRC,1,2035,S22,RE1,0.3095
LNDRICRNF,AGRDSL,1,2020,S22,RE1,0.069
LNDRICRNF,AGRDSL,1,2021,S22,RE1,0.0621
LNDRICRNF,AGRDSL,1,2022,S22,RE1,0.0552
LNDRICRNF,AGRDSL,1,2023,S22,RE1,0.0483
LNDRICRNF,AGRDSL,1,2024,S22,RE1,0.0414
LNDRICRNF,AGRDSL,1,2025,S22,RE1,0.0345
LNDRICRNF,AGRDSL,1,2026,S22,RE1,0.0276
LNDRICRNF,AGRDSL,1,2027,S22,RE1,0.0207
LNDRICRNF,AGRDSL,1,2028,S22,RE1,0.0138
LNDRICRNF,AGRDSL,1,2029,S22,RE1,0.0069
LNDRICRNF,AGRDSL,1,2030,S22,RE1,0.0
LNDRICRNF,AGRDSL,1,2031,S22,RE1,0.0
LNDRICRNF,AGRDSL,1,2032,S22,RE1,0.0
LNDRICRNF,AGRDSL,1,2033,S22,RE1,0.0
LNDRICRNF,AGRDSL,1,2034,S22,RE1,0.0
LNDRICRNF,AGRDSL,1,2035,S22,RE1,0.0
LNDRICRNF,LND,1,2020,S22,RE1,0.2348
LNDRICRNF,LND,1,2021,S22,RE1,0.2114
LNDRICRNF,LND,1,2022,S22,RE1,0.1878
LNDRICRNF,LND,1,2023,S22,RE1,0.1643
LNDRICRNF,LND,1,2024,S22,RE1,0.1409
LNDRICRNF,LND,1,2025,S22,RE1,0.1173
LNDRICRNF,LND,1,2026,S22,RE1,0.0939
LNDRICRNF,LND,1,2027,S22,RE1,0.0705
LNDRICRNF,LND,1,2028,S22,RE1,0.047
LNDRICRNF,LND,1,2029,S22,RE1,0.0234
LNDRICRNF,LND,1,2030,S22,RE1,0.0
LNDRICRNF,LND,1,2031,S22,RE1,0.0
LNDRICRNF,LND,1,2032,S22,RE1,0.0
LNDRICRNF,LND,1,2033,S22,RE1,0.0
LNDRICRNF,LND,1,2034,S22,RE1,0.0
LNDRICRNF,LND,1,2035,S22,RE1,0.0
LNDRICRNF,WTRPRC,1,2020,S22,RE1,0.2818
LNDRICRNF,WTRPRC,1,2021,S22,RE1,0.2494
LNDRICRNF,WTRPRC,1,2022,S22,RE1,0.2197
LNDRICRNF,WTRPRC,1,2023,S22,RE1,0.189
LNDRICRNF,WTRPRC,1,2024,S22,RE1,0.1606
LNDRICRNF,WTRPRC,1,2025,S22,RE1,0.1314
LNDRICRNF,WTRPRC,1,2026,S22,RE1,0.1042
LNDRICRNF,WTRPRC,1,2027,S22,RE1,0.0775
LNDRICRNF,WTRPRC,1,2028,S22,RE1,0.0508
LNDRICRNF,WTRPRC,1,2029,S22,RE1,0.0251
LNDRICRNF,WTRPRC,1,2030,S22,RE1,0.0
LNDRICRNF,WTRPRC,1,2031,S22,RE1,0.0
LNDRICRNF,WTRPRC,1,2032,S22,RE1,0.0
LNDRICRNF,WTRPRC,1,2033,S22,RE1,0.0
LNDRICRNF,WTRPRC,1,2034,S22,RE1,0.0
LNDRICRNF,WTRPRC,1,2035,S22,RE1,0.0
LNDWAT,LND,1,2020,S22,RE1,4.1229
LNDWAT,LND,1,2021,S22,RE1,4.1285
LNDWAT,LND,1,2022,S22,RE1,4.1285
LNDWAT,LND,1,2023,S22,RE1,4.1285
LNDWAT,LND,1,2024,S22,RE1,4.1285
LNDWAT,LND,1,2025,S22,RE1,4.1285
LNDWAT,LND,1,2026,S22,RE1,4.1285
LNDWAT,LND,1,2027,S22,RE1,4.2785
LNDWAT,LND,1,2028,S22,RE1,4.1285
LNDWAT,LND,1,2029,S22,RE1,4.2827
LNDWAT,LND,1,2030,S22,RE1,4.2296
LNDWAT,LND,1,2031,S22,RE1,4.1873
LNDWAT,LND,1,2032,S22,RE1,4.1285
LNDWAT,LND,1,2033,S22,RE1,4.0694
LNDWAT,LND,1,2034,S22,RE1,4.0269
LNDWAT,LND,1,2035,S22,RE1,3.9674
LNDWAT,WTRPRC,1,2020,S22,RE1,4.9475
LNDWAT,WTRPRC,1,2021,S22,RE1,4.8716
LNDWAT,WTRPRC,1,2022,S22,RE1,4.8303
LNDWAT,WTRPRC,1,2023,S22,RE1,4.7477
LNDWAT,WTRPRC,1,2024,S22,RE1,4.7065
LNDWAT,WTRPRC,1,2025,S22,RE1,4.6239
LNDWAT,WTRPRC,1,2026,S22,RE1,4.5826
LNDWAT,WTRPRC,1,2027,S22,RE1,4.7063
LNDWAT,WTRPRC,1,2028,S22,RE1,4.4587
LNDWAT,WTRPRC,1,2029,S22,RE1,4.5825
LNDWAT,WTRPRC,1,2030,S22,RE1,4.4834
LNDWAT,WTRPRC,1,2031,S22,RE1,4.4386
LNDWAT,WTRPRC,1,2032,S22,RE1,4.3762
LNDWAT,WTRPRC,1,2033,S22,RE1,4.3136
LNDWAT,WTRPRC,1,2034,S22,RE1,4.2283
LNDWAT,WTRPRC,1,2035,S22,RE1,4.1657
PWRCOA,COA,1,2020,S22,RE1,62.4413
PWRCOA,COA,1,2021,S22,RE1,62.4413
PWRCOA,COA,1,2022,S22,RE1,62.4413
PWRCOA,COA,1,2023,S22,RE1,62.4413
PWRCOA,COA,1,2024,S22,RE1,62.4413
PWRCOA,COA,1,2025,S22,RE1,62.4413
PWRCOA,COA,1,2026,S22,RE1,33.1222
PWRCOA,COA,1,2027,S22,RE1,30.7737
PWRCOA,COA,1,2028,S22,RE1,62.4413
PWRCOA,COA,1,2029,S22,RE1,25.593
PWRCOA,COA,1,2030,S22,RE1,31.2206
PWRCOA,COA,1,2031,S22,RE1,31.2206
PWRCOA,COA,1,2032,S22,RE1,31.2206
PWRCOA,COA,1,2033,S22,RE1,31.2206
PWRCOA,COA,1,2034,S22,RE1,31.2206
PWRCOA,COA,1,2035,S22,RE1,31.2206
PWRCOA,PWRWAT,1,2020,S22,RE1,0.0054
PWRCOA,PWRWAT,1,2021,S22,RE1,0.0054
PWRCOA,PWRWAT,1,2022,S22,RE1,0.0054
PWRCOA,PWRWAT,1,2023,S22,RE1,0.0054
PWRCOA,PWRWAT,1,2024,S22,RE1,0.0054
PWRCOA,PWRWAT,1,2025,S22,RE1,0.0054
PWRCOA,PWRWAT,1,2026,S22,RE1,0.0029
PWRCOA,PWRWAT,1,2027,S22,RE1,0.0027
PWRCOA,PWRWAT,1,2028,S22,RE1,0.0054
PWRCOA,PWRWAT,1,2029,S22,RE1,0.0022
PWRCOA,PWRWAT,1,2030,S22,RE1,0.0027
PWRCOA,PWRWAT,1,2031,S22,RE1,0.0027
PWRCOA,PWRWAT,1,2032,S22,RE1,0.0027
PWRCOA,PWRWAT,1,2033,S22,RE1,0.0027
PWRCOA,PWRWAT,1,2034,S22,RE1,0.0027
PWRCOA,PWRWAT,1,2035,S22,RE1,0.0027
PWRGAS,GAS,1,2020,S22,RE1,1.1455
PWRGAS,GAS,1,2021,S22,RE1,5.8404
PWRGAS,GAS,1,2022,S22,RE1,11.9718
PWRGAS,GAS,1,2023,S22,RE1,18.2063
PWRGAS,GAS,1,2024,S22,RE1,24.7018
PWRGAS,GAS,1,2025,S22,RE1,31.3217
PWRGAS,GAS,1,2026,S22,RE1,58.1824
PWRGAS,GAS,1,2027,S22,RE1,67.3721
PWRGAS,GAS,1,2028,S22,RE1,54.0642
PWRGAS,GAS,1,2029,S22,RE1,87.3995
PWRGAS,GAS,1,2030,S22,RE1,92.5179
PWRGAS,GAS,1,2031,S22,RE1,101.6726
PWRGAS,GAS,1,2032,S22,RE1,111.5887
PWRGAS,GAS,1,2033,S22,RE1,121.914
PWRGAS,GAS,1,2034,S22,RE1,132.9959
PWRGAS,GAS,1,2035,S22,RE1,144.4329
PWRGAS,PWRWAT,1,2020,S22,RE1,0.0001
PWRGAS,PWRWAT,1,2021,S22,RE1,0.0006
PWRGAS,PWRWAT,1,2022,S22,RE1,0.0013
PWRGAS,PWRWAT,1,2023,S22,RE1,0.002
PWRGAS,PWRWAT,1,2024,S22,RE1,0.0027
PWRGAS,PWRWAT,1,2025,S22,RE1,0.0034
PWRGAS,PWRWAT,1,2026,S22,RE1,0.0064
PWRGAS,PWRWAT,1,2027,S22,RE1,0.0074
PWRGAS,PWRWAT,1,2028,S22,RE1,0.0059
PWRGAS,PWRWAT,1,2029,S22,RE1,0.0096
PWRGAS,PWRWAT,1,2030,S22,RE1,0.0102
PWRGAS,PWRWAT,1,2031,S22,RE1,0.0112
PWRGAS,PWRWAT,1,2032,S22,RE1,0.0123
PWRGAS,PWRWAT,1,2033,S22,RE1,0.0134
PWRGAS,PWRWAT,1,2034,S22,RE1,0.0146
PWRGAS,PWRWAT,1,2035,S22,RE1,0.0159
PWRHYD,HYD,1,2020,S22,RE1,6.3389
PWRHYD,HYD,1,2021,S22,RE1,6.3196
PWRHYD,HYD,1,2022,S22,RE1,6.1632
PWRHYD,HYD,1,2023,S22,RE1,6.1445
PWRHYD,HYD,1,2024,S22,RE1,5.9886
PWRHYD,HYD,1,2025,S22,RE1,5.972
PWRHYD,HYD,1,2026,S22,RE1,5.9787
PWRHYD,HYD,1,2027,S22,RE1,5.835
PWRHYD,HYD,1,2028,S22,RE1,5.8088
PWRHYD,HYD,1,2029,S22,RE1,5.6669
PWRHYD,HYD,1,2030,S22,RE1,5.6693
PWRHYD,HYD,1,2031,S22,RE1,5.6698
PWRHYD,HYD,1,2032,S22,RE1,5.6688
PWRHYD,HYD,1,2033,S22,RE1,5.6535
PWRHYD,HYD,1,2034,S22,RE1,5.6542
PWRHYD,HYD,1,2035,S22,RE1,5.6534
PWRSOL,SOL,1,2020,S22,RE1,0.0
PWRSOL,SOL,1,2021,S22,RE1,0.0
PWRSOL,SOL,1,2022,S22,RE1,0.0
PWRSOL,SOL,1,2023,S22,RE1,0.0
PWRSOL,SOL,1,2024,S22,RE1,0.0
PWRSOL,SOL,1,2025,S22,RE1,0.0
PWRSOL,SOL,1,2026,S22,RE1,0.0
PWRSOL,SOL,1,2027,S22,RE1,0.0
PWRSOL,SOL,1,2028,S22,RE1,0.0
PWRSOL,SOL,1,2029,S22,RE1,0.0
PWRSOL,SOL,1,2030,S22,RE1,0.0
PWRSOL,SOL,1,2031,S22,RE1,0.0
PWRSOL,SOL,1,2032,S22,RE1,0.0
PWRSOL,SOL,1,2033,S22,RE1,0.0
PWRSOL,SOL,1,2034,S22,RE1,0.0
PWRSOL,SOL,1,2035,S22,RE1,0.0
PWRTRN,ELC001,1,2020,S22,RE1,30.9255
PWRTRN,ELC001,1,2021,S22,RE1,33.2537
PWRTRN,ELC001,1,2022,S22,RE1,36.163
PWRTRN,ELC001,1,2023,S22,RE1,39.2615
PWRTRN,ELC001,1,2024,S22,RE1,42.3533
PWRTRN,ELC001,1,2025,S22,RE1,45.6467
PWRTRN,ELC001,1,2026,S22,RE1,49.3107
PWRTRN,ELC001,1,2027,S22,RE1,52.9791
PWRTRN,ELC001,1,2028,S22,RE1,56.8547
PWRTRN,ELC001,1,2029,S22,RE1,61.0978
PWRTRN,ELC001,1,2030,S22,RE1,65.5352
PWRTRN,ELC001,1,2031,S22,RE1,70.1131
PWRTRN,ELC001,1,2032,S22,RE1,75.0701
PWRTRN,ELC001,1,2033,S22,RE1,80.2175
PWRTRN,ELC001,1,2034,S22,RE1,85.7592
PWRTRN,ELC001,1,2035,S22,RE1,91.4769
PWRWND,WND,1,2020,S22,RE1,3.2001
PWRWND,WND,1,2021,S22,RE1,3.2001
PWRWND,WND,1,2022,S22,RE1,3.2001
PWRWND,WND,1,2023,S22,RE1,3.2001
PWRWND,WND,1,2024,S22,RE1,3.2001
PWRWND,WND,1,2025,S22,RE1,3.2001
PWRWND,WND,1,2026,S22,RE1,3.2001
PWRWND,WND,1,2027,S22,RE1,3.2001
PWRWND,WND,1,2028,S22,RE1,3.2001
PWRWND,WND,1,2029,S22,RE1,3.2001
PWRWND,WND,1,2030,S22,RE1,3.2001
PWRWND,WND,1,2031,S22,RE1,3.2001
PWRWND,WND,1,2032,S22,RE1,3.2001
PWRWND,WND,1,2033,S22,RE1,3.2001
PWRWND,WND,1,2034,S22,RE1,3.2001
PWRWND,WND,1,2035,S22,RE1,3.2001
RSCHYD,WTRRUN,1,2020,S22,RE1,18.1111
RSCHYD,WTRRUN,1,2021,S22,RE1,18.056
RSCHYD,WTRRUN,1,2022,S22,RE1,17.6092
RSCHYD,WTRRUN,1,2023,S22,RE1,17.5556
RSCHYD,WTRRUN,1,2024,S22,RE1,17.1102
RSCHYD,WTRRUN,1,2025,S22,RE1,17.063
RSCHYD,WTRRUN,1,2026,S22,RE1,17.082
RSCHYD,WTRRUN,1,2027,S22,RE1,16.6714
RSCHYD,WTRRUN,1,2028,S22,RE1,16.5965
RSCHYD,WTRRUN,1,2029,S22,RE1,16.1912
RSCHYD,WTRRUN,1,2030,S22,RE1,16.1979
RSCHYD,WTRRUN,1,2031,S22,RE1,16.1995
RSCHYD,WTRRUN,1,2032,S22,RE1,16.1965
RSCHYD,WTRRUN,1,2033,S22,RE1,16.1528
RSCHYD,WTRRUN,1,2034,S22,RE1,16.1549
RSCHYD,WTRRUN,1,2035,S22,RE1,16.1526
UPSWTRSUR,WTRRUN,1,2020,S22,RE1,0.0
UPSWTRSUR,WTRRUN,1,2021,S22,RE1,0.0
UPSWTRSUR,WTRRUN,1,2022,S22,RE1,0.0
UPSWTRSUR,WTRRUN,1,2023,S22,RE1,0.0
UPSWTRSUR,WTRRUN,1,2024,S22,RE1,0.0
UPSWTRSUR,WTRRUN,1,2025,S22,RE1,0.0
UPSWTRSUR,WTRRUN,1,2026,S22,RE1,0.0
UPSWTRSUR,WTRRUN,1,2027,S22,RE1,0.0
UPSWTRSUR,WTRRUN,1,2028,S22,RE1,0.0
UPSWTRSUR,WTRRUN,1,2029,S22,RE1,0.0
UPSWTRSUR,WTRRUN,1,2030,S22,RE1,0.0
UPSWTRSUR,WTRRUN,1,2031,S22,RE1,0.0
UPSWTRSUR,WTRRUN,1,2032,S22,RE1,0.0
UPSWTRSUR,WTRRUN,1,2033,S22,RE1,0.0
UPSWTRSUR,WTRRUN,1,2034,S22,RE1,0.0
UPSWTRSUR,WTRRUN,1,2035,S22,RE1,0.0
