r,l,t,f,y,ProductionByTechnology
RE1,S11,DEMPWRSURWAT,PWRWAT,2020,0.0
RE1,S11,DEMPWRSURWAT,PWRWAT,2021,0.0
RE1,S11,DEMPWRSURWAT,PWRWAT,2022,0.0
RE1,S11,DEMPWRSURWAT,PWRWAT,2023,0.0
RE1,S11,DEMPWRSURWAT,PWRWAT,2024,0.0
RE1,S11,DEMPWRSURWAT,PWRWAT,2025,0.0
RE1,S11,DEMPWRSURWAT,PWRWAT,2026,0.0
RE1,S11,DEMPWRSURWAT,PWRWAT,2027,0.0
RE1,S11,DEMPWRSURWAT,PWRWAT,2028,0.0
RE1,S11,DEMPWRSURWAT,PWRWAT,2029,0.0
RE1,S11,DEMPWRSURWAT,PWRWAT,2030,0.0
RE1,S11,DEMPWRSURWAT,PWRWAT,2031,0.0
RE1,S11,DEMPWRSURWAT,PWRWAT,2032,0.0
RE1,S11,DEMPWRSURWAT,PWRWAT,2033,0.0
RE1,S11,DEMPWRSURWAT,PWRWAT,2034,0.0
RE1,S11,DEMPWRSURWAT,PWRWAT,2035,0.0
RE1,S11,LNDBLT,LBLT,2020,4.4554
RE1,S11,LNDBLT,LBLT,2021,4.5891
RE1,S11,LNDBLT,LBLT,2022,4.7228
RE1,S11,LNDBLT,LBLT,2023,4.8564
RE1,S11,LNDBLT,LBLT,2024,5.0347
RE1,S11,LNDBLT,LBLT,2025,5.1683
RE1,S11,LNDBLT,LBLT,2026,5.302
RE1,S11,LNDBLT,LBLT,2027,5.4802
RE1,S11,LNDBLT,LBLT,2028,5.6584
RE1,S11,LNDBLT,LBLT,2029,5.7921
RE1,S11,LNDBLT,LBLT,2030,5.9703
RE1,S11,LNDBLT,LBLT,2031,6.1485
RE1,S11,LNDBLT,LBLT,2032,6.3713
RE1,S11,LNDBLT,LBLT,2033,6.5495
RE1,S11,LNDBLT,LBLT,2034,6.7277
RE1,S11,LNDBLT,LBLT,2035,6.9505
RE1,S11,LNDBLT,WTREVT,2020,3.3416
RE1,S11,LNDBLT,WTREVT,2021,3.4418
RE1,S11,LNDBLT,WTREVT,2022,3.5421
RE1,S11,LNDBLT,WTREVT,2023,3.6423
RE1,S11,LNDBLT,WTREVT,2024,3.776
RE1,S11,LNDBLT,WTREVT,2025,3.8762
RE1,S11,LNDBLT,WTREVT,2026,3.9765
RE1,S11,LNDBLT,WTREVT,2027,4.1101
RE1,S11,LNDBLT,WTREVT,2028,4.2438
RE1,S11,LNDBLT,WTREVT,2029,4.3441
RE1,S11,LNDBLT,WTREVT,2030,4.4777
RE1,S11,LNDBLT,WTREVT,2031,4.6114
RE1,S11,LNDBLT,WTREVT,2032,4.7785
RE1,S11,LNDBLT,WTREVT,2033,4.9121
RE1,S11,LNDBLT,WTREVT,2034,5.0458
RE1,S11,LNDBLT,WTREVT,2035,5.2129
RE1,S11,LNDBLT,WTRGWT,2020,0.1782
RE1,S11,LNDBLT,WTRGWT,2021,0.1836
RE1,S11,LNDBLT,WTRGWT,2022,0.1889
RE1,S11,LNDBLT,WTRGWT,2023,0.1943
RE1,S11,LNDBLT,WTRGWT,2024,0.2014
RE1,S11,LNDBLT,WTRGWT,2025,0.2067
RE1,S11,LNDBLT,WTRGWT,2026,0.2121
RE1,S11,LNDBLT,WTRGWT,2027,0.2192
RE1,S11,LNDBLT,WTRGWT,2028,0.2263
RE1,S11,LNDBLT,WTRGWT,2029,0.2317
RE1,S11,LNDBLT,WTRGWT,2030,0.2388
RE1,S11,LNDBLT,WTRGWT,2031,0.2459
RE1,S11,LNDBLT,WTRGWT,2032,0.2549
RE1,S11,LNDBLT,WTRGWT,2033,0.262
RE1,S11,LNDBLT,WTRGWT,2034,0.2691
RE1,S11,LNDBLT,WTRGWT,2035,0.278
RE1,S11,LNDBLT,WTRSUR,2020,1.8267
RE1,S11,LNDBLT,WTRSUR,2021,1.8815
RE1,S11,LNDBLT,WTRSUR,2022,1.9363
RE1,S11,LNDBLT,WTRSUR,2023,1.9911
RE1,S11,LNDBLT,WTRSUR,2024,2.0642
RE1,S11,LNDBLT,WTRSUR,2025,2.119
RE1,S11,LNDBLT,WTRSUR,2026,2.1738
RE1,S11,LNDBLT,WTRSUR,2027,2.2469
RE1,S11,LNDBLT,WTRSUR,2028,2.32
RE1,S11,LNDBLT,WTRSUR,2029,2.3748
RE1,S11,LNDBLT,WTRSUR,2030,2.4478
RE1,S11,LNDBLT,WTRSUR,2031,2.5209
RE1,S11,LNDBLT,WTRSUR,2032,2.6122
RE1,S11,LNDBLT,WTRSUR,2033,2.6853
RE1,S11,LNDBLT,WTRSUR,2034,2.7584
RE1,S11,LNDBLT,WTRSUR,2035,2.8497
RE1,S11,LNDFOR,LFOR,2020,77.9703
RE1,S11,LNDFOR,LFOR,2021,76.9233
RE1,S11,LNDFOR,LFOR,2022,75.9208
RE1,S11,LNDFOR,LFOR,2023,74.8181
RE1,S11,LNDFOR,LFOR,2024,73.6708
RE1,S11,LNDFOR,LFOR,2025,70.3403
RE1,S11,LNDFOR,LFOR,2026,69.1931
RE1,S11,LNDFOR,LFOR,2027,68.0012
RE1,S11,LNDFOR,LFOR,2028,66.7537
RE1,S11,LNDFOR,LFOR,2029,65.4951
RE1,S11,LNDFOR,LFOR,2030,64.2475
RE1,S11,LNDFOR,LFOR,2031,62.8998
RE1,S11,LNDFOR,LFOR,2032,61.552
RE1,S11,LNDFOR,LFOR,2033,60.1597
RE1,S11,LNDFOR,LFOR,2034,58.7562
RE1,S11,LNDFOR,LFOR,2035,57.3082
RE1,S11,LNDFOR,WTREVT,2020,66.2748
RE1,S11,LNDFOR,WTREVT,2021,65.3848
RE1,S11,LNDFOR,WTREVT,2022,64.5327
RE1,S11,LNDFOR,WTREVT,2023,63.5954
RE1,S11,LNDFOR,WTREVT,2024,62.6202
RE1,S11,LNDFOR,WTREVT,2025,59.7893
RE1,S11,LNDFOR,WTREVT,2026,58.8141
RE1,S11,LNDFOR,WTREVT,2027,57.8011
RE1,S11,LNDFOR,WTREVT,2028,56.7407
RE1,S11,LNDFOR,WTREVT,2029,55.6708
RE1,S11,LNDFOR,WTREVT,2030,54.6104
RE1,S11,LNDFOR,WTREVT,2031,53.4648
RE1,S11,LNDFOR,WTREVT,2032,52.3192
RE1,S11,LNDFOR,WTREVT,2033,51.1357
RE1,S11,LNDFOR,WTREVT,2034,49.9428
RE1,S11,LNDFOR,WTREVT,2035,48.7119
RE1,S11,LNDFOR,WTRGWT,2020,2.3391
RE1,S11,LNDFOR,WTRGWT,2021,2.3077
RE1,S11,LNDFOR,WTRGWT,2022,2.2776
RE1,S11,LNDFOR,WTRGWT,2023,2.2445
RE1,S11,LNDFOR,WTRGWT,2024,2.2101
RE1,S11,LNDFOR,WTRGWT,2025,2.1102
RE1,S11,LNDFOR,WTRGWT,2026,2.0758
RE1,S11,LNDFOR,WTRGWT,2027,2.04
RE1,S11,LNDFOR,WTRGWT,2028,2.0026
RE1,S11,LNDFOR,WTRGWT,2029,1.9649
RE1,S11,LNDFOR,WTRGWT,2030,1.9274
RE1,S11,LNDFOR,WTRGWT,2031,1.887
RE1,S11,LNDFOR,WTRGWT,2032,1.8466
RE1,S11,LNDFOR,WTRGWT,2033,1.8048
RE1,S11,LNDFOR,WTRGWT,2034,1.7627
RE1,S11,LNDFOR,WTRGWT,2035,1.7192
RE1,S11,LNDFOR,WTRSUR,2020,24.9505
RE1,S11,LNDFOR,WTRSUR,2021,24.6154
RE1,S11,LNDFOR,WTRSUR,2022,24.2947
RE1,S11,LNDFOR,WTRSUR,2023,23.9418
RE1,S11,LNDFOR,WTRSUR,2024,23.5747
RE1,S11,LNDFOR,WTRSUR,2025,22.5089
RE1,S11,LNDFOR,WTRSUR,2026,22.1418
RE1,S11,LNDFOR,WTRSUR,2027,21.7604
RE1,S11,LNDFOR,WTRSUR,2028,21.3612
RE1,S11,LNDFOR,WTRSUR,2029,20.9584
RE1,S11,LNDFOR,WTRSUR,2030,20.5592
RE1,S11,LNDFOR,WTRSUR,2031,20.1279
RE1,S11,LNDFOR,WTRSUR,2032,19.6966
RE1,S11,LNDFOR,WTRSUR,2033,19.2511
RE1,S11,LNDFOR,WTRSUR,2034,18.802
RE1,S11,LNDFOR,WTRSUR,2035,18.3386
RE1,S11,LNDMAIHI,CRPMAI,2020,0.0
RE1,S11,LNDMAIHI,CRPMAI,2021,0.0
RE1,S11,LNDMAIHI,CRPMAI,2022,0.0
RE1,S11,LNDMAIHI,CRPMAI,2023,0.0
RE1,S11,LNDMAIHI,CRPMAI,2024,0.0
RE1,S11,LNDMAIHI,CRPMAI,2025,0.0
RE1,S11,LNDMAIHI,CRPMAI,2026,0.0
RE1,S11,LNDMAIHI,CRPMAI,2027,0.0
RE1,S11,LNDMAIHI,CRPMAI,2028,0.0
RE1,S11,LNDMAIHI,CRPMAI,2029,0.0
RE1,S11,LNDMAIHI,CRPMAI,2030,0.0
RE1,S11,LNDMAIHI,CRPMAI,2031,0.0
RE1,S11,LNDMAIHI,CRPMAI,2032,0.0
RE1,S11,LNDMAIHI,CRPMAI,2033,0.0
RE1,S11,LNDMAIHI,CRPMAI,2034,0.0
RE1,S11,LNDMAIHI,CRPMAI,2035,0.0
RE1,S11,LNDMAIHI,WTREVT,2020,0.0
RE1,S11,LNDMAIHI,WTREVT,2021,0.0
RE1,S11,LNDMAIHI,WTREVT,2022,0.0
RE1,S11,LNDMAIHI,WTREVT,2023,0.0
RE1,S11,LNDMAIHI,WTREVT,2024,0.0
RE1,S11,LNDMAIHI,WTREVT,2025,0.0
RE1,S11,LNDMAIHI,WTREVT,2026,0.0
RE1,S11,LNDMAIHI,WTREVT,2027,0.0
RE1,S11,LNDMAIHI,WTREVT,2028,0.0
RE1,S11,LNDMAIHI,WTREVT,2029,0.0
RE1,S11,LNDMAIHI,WTREVT,2030,0.0
RE1,S11,LNDMAIHI,WTREVT,2031,0.0
RE1,S11,LNDMAIHI,WTREVT,2032,0.0
RE1,S11,LNDMAIHI,WTREVT,2033,0.0
RE1,S11,LNDMAIHI,WTREVT,2034,0.0
RE1,S11,LNDMAIHI,WTREVT,2035,0.0
RE1,S11,LNDMAIHI,WTRGWT,2020,0.0
RE1,S11,LNDMAIHI,WTRGWT,2021,0.0
RE1,S11,LNDMAIHI,WTRGWT,2022,0.0
RE1,S11,LNDMAIHI,WTRGWT,2023,0.0
RE1,S11,LNDMAIHI,WTRGWT,2024,0.0
RE1,S11,LNDMAIHI,WTRGWT,2025,0.0
RE1,S11,LNDMAIHI,WTRGWT,2026,0.0
RE1,S11,LNDMAIHI,WTRGWT,2027,0.0
RE1,S11,LNDMAIHI,WTRGWT,2028,0.0
RE1,S11,LNDMAIHI,WTRGWT,2029,0.0
RE1,S11,LNDMAIHI,WTRGWT,2030,0.0
RE1,S11,LNDMAIHI,WTRGWT,2031,0.0
RE1,S11,LNDMAIHI,WTRGWT,2032,0.0
RE1,S11,LNDMAIHI,WTRGWT,2033,0.0
RE1,S11,LNDMAIHI,WTRGWT,2034,0.0
RE1,S11,LNDMAIHI,WTRGWT,2035,0.0
RE1,S11,LNDMAIHI,WTRSUR,2020,0.0
RE1,S11,LNDMAIHI,WTRSUR,2021,0.0
RE1,S11,LNDMAIHI,WTRSUR,2022,0.0
RE1,S11,LNDMAIHI,WTRSUR,2023,0.0
RE1,S11,LNDMAIHI,WTRSUR,2024,0.0
RE1,S11,LNDMAIHI,WTRSUR,2025,0.0
RE1,S11,LNDMAIHI,WTRSUR,2026,0.0
RE1,S11,LNDMAIHI,WTRSUR,2027,0.0
RE1,S11,LNDMAIHI,WTRSUR,2028,0.0
RE1,S11,LNDMAIHI,WTRSUR,2029,0.0
RE1,S11,LNDMAIHI,WTRSUR,2030,0.0
RE1,S11,LNDMAIHI,WTRSUR,2031,0.0
RE1,S11,LNDMAIHI,WTRSUR,2032,0.0
RE1,S11,LNDMAIHI,WTRSUR,2033,0.0
RE1,S11,LNDMAIHI,WTRSUR,2034,0.0
RE1,S11,LNDMAIHI,WTRSUR,2035,0.0
RE1,S11,LNDMAIHR,CRPMAI,2020,17.8218
RE1,S11,LNDMAIHR,CRPMAI,2021,18.2673
RE1,S11,LNDMAIHR,CRPMAI,2022,18.7129
RE1,S11,LNDMAIHR,CRPMAI,2023,19.203
RE1,S11,LNDMAIHR,CRPMAI,2024,19.6931
RE1,S11,LNDMAIHR,CRPMAI,2025,20.1832
RE1,S11,LNDMAIHR,CRPMAI,2026,20.6733
RE1,S11,LNDMAIHR,CRPMAI,2027,21.1634
RE1,S11,LNDMAIHR,CRPMAI,2028,21.698
RE1,S11,LNDMAIHR,CRPMAI,2029,22.2772
RE1,S11,LNDMAIHR,CRPMAI,2030,22.8119
RE1,S11,LNDMAIHR,CRPMAI,2031,23.3911
RE1,S11,LNDMAIHR,CRPMAI,2032,23.9703
RE1,S11,LNDMAIHR,CRPMAI,2033,24.5495
RE1,S11,LNDMAIHR,CRPMAI,2034,25.1733
RE1,S11,LNDMAIHR,CRPMAI,2035,25.797
RE1,S11,LNDMAIHR,WTREVT,2020,8.9109
RE1,S11,LNDMAIHR,WTREVT,2021,9.1337
RE1,S11,LNDMAIHR,WTREVT,2022,9.3564
RE1,S11,LNDMAIHR,WTREVT,2023,9.6015
RE1,S11,LNDMAIHR,WTREVT,2024,9.8465
RE1,S11,LNDMAIHR,WTREVT,2025,10.0916
RE1,S11,LNDMAIHR,WTREVT,2026,10.3366
RE1,S11,LNDMAIHR,WTREVT,2027,10.5817
RE1,S11,LNDMAIHR,WTREVT,2028,10.849
RE1,S11,LNDMAIHR,WTREVT,2029,11.1386
RE1,S11,LNDMAIHR,WTREVT,2030,11.4059
RE1,S11,LNDMAIHR,WTREVT,2031,11.6955
RE1,S11,LNDMAIHR,WTREVT,2032,11.9851
RE1,S11,LNDMAIHR,WTREVT,2033,12.2748
RE1,S11,LNDMAIHR,WTREVT,2034,12.5866
RE1,S11,LNDMAIHR,WTREVT,2035,12.8985
RE1,S11,LNDMAIHR,WTRGWT,2020,1.7822
RE1,S11,LNDMAIHR,WTRGWT,2021,1.8267
RE1,S11,LNDMAIHR,WTRGWT,2022,1.8713
RE1,S11,LNDMAIHR,WTRGWT,2023,1.9203
RE1,S11,LNDMAIHR,WTRGWT,2024,1.9693
RE1,S11,LNDMAIHR,WTRGWT,2025,2.0183
RE1,S11,LNDMAIHR,WTRGWT,2026,2.0673
RE1,S11,LNDMAIHR,WTRGWT,2027,2.1163
RE1,S11,LNDMAIHR,WTRGWT,2028,2.1698
RE1,S11,LNDMAIHR,WTRGWT,2029,2.2277
RE1,S11,LNDMAIHR,WTRGWT,2030,2.2812
RE1,S11,LNDMAIHR,WTRGWT,2031,2.3391
RE1,S11,LNDMAIHR,WTRGWT,2032,2.397
RE1,S11,LNDMAIHR,WTRGWT,2033,2.455
RE1,S11,LNDMAIHR,WTRGWT,2034,2.5173
RE1,S11,LNDMAIHR,WTRGWT,2035,2.5797
RE1,S11,LNDMAIHR,WTRSUR,2020,16.0396
RE1,S11,LNDMAIHR,WTRSUR,2021,16.4406
RE1,S11,LNDMAIHR,WTRSUR,2022,16.8416
RE1,S11,LNDMAIHR,WTRSUR,2023,17.2827
RE1,S11,LNDMAIHR,WTRSUR,2024,17.7238
RE1,S11,LNDMAIHR,WTRSUR,2025,18.1649
RE1,S11,LNDMAIHR,WTRSUR,2026,18.6059
RE1,S11,LNDMAIHR,WTRSUR,2027,19.047
RE1,S11,LNDMAIHR,WTRSUR,2028,19.5282
RE1,S11,LNDMAIHR,WTRSUR,2029,20.0495
RE1,S11,LNDMAIHR,WTRSUR,2030,20.5307
RE1,S11,LNDMAIHR,WTRSUR,2031,21.052
RE1,S11,LNDMAIHR,WTRSUR,2032,21.5733
RE1,S11,LNDMAIHR,WTRSUR,2033,22.0946
RE1,S11,LNDMAIHR,WTRSUR,2034,22.6559
RE1,S11,LNDMAIHR,WTRSUR,2035,23.2173
RE1,S11,LNDRICHI,CRPRIC,2020,0.0
RE1,S11,LNDRICHI,CRPRIC,2021,0.0
RE1,S11,LNDRICHI,CRPRIC,2022,0.0
RE1,S11,LNDRICHI,CRPRIC,2023,0.0
RE1,S11,LNDRICHI,CRPRIC,2024,0.0
RE1,S11,LNDRICHI,CRPRIC,2025,0.0
RE1,S11,LNDRICHI,CRPRIC,2026,0.0
RE1,S11,LNDRICHI,CRPRIC,2027,0.0
RE1,S11,LNDRICHI,CRPRIC,2028,0.0
RE1,S11,LNDRICHI,CRPRIC,2029,0.0
RE1,S11,LNDRICHI,CRPRIC,2030,0.0
RE1,S11,LNDRICHI,CRPRIC,2031,0.0
RE1,S11,LNDRICHI,CRPRIC,2032,0.0
RE1,S11,LNDRICHI,CRPRIC,2033,0.0
RE1,S11,LNDRICHI,CRPRIC,2034,0.0
RE1,S11,LNDRICHI,CRPRIC,2035,0.0
RE1,S11,LNDRICHI,WTREVT,2020,0.0
RE1,S11,LNDRICHI,WTREVT,2021,0.0
RE1,S11,LNDRICHI,WTREVT,2022,0.0
RE1,S11,LNDRICHI,WTREVT,2023,0.0
RE1,S11,LNDRICHI,WTREVT,2024,0.0
RE1,S11,LNDRICHI,WTREVT,2025,0.0
RE1,S11,LNDRICHI,WTREVT,2026,0.0
RE1,S11,LNDRICHI,WTREVT,2027,0.0
RE1,S11,LNDRICHI,WTREVT,2028,0.0
RE1,S11,LNDRICHI,WTREVT,2029,0.0
RE1,S11,LNDRICHI,WTREVT,2030,0.0
RE1,S11,LNDRICHI,WTREVT,2031,0.0
RE1,S11,LNDRICHI,WTREVT,2032,0.0
RE1,S11,LNDRICHI,WTREVT,2033,0.0
RE1,S11,LNDRICHI,WTREVT,2034,0.0
RE1,S11,LNDRICHI,WTREVT,2035,0.0
RE1,S11,LNDRICHI,WTRGWT,2020,0.0
RE1,S11,LNDRICHI,WTRGWT,2021,0.0
RE1,S11,LNDRICHI,WTRGWT,2022,0.0
RE1,S11,LNDRICHI,WTRGWT,2023,0.0
RE1,S11,LNDRICHI,WTRGWT,2024,0.0
RE1,S11,LNDRICHI,WTRGWT,2025,0.0
RE1,S11,LNDRICHI,WTRGWT,2026,0.0
RE1,S11,LNDRICHI,WTRGWT,2027,0.0
RE1,S11,LNDRICHI,WTRGWT,2028,0.0
RE1,S11,LNDRICHI,WTRGWT,2029,0.0
RE1,S11,LNDRICHI,WTRGWT,2030,0.0
RE1,S11,LNDRICHI,WTRGWT,2031,0.0
RE1,S11,LNDRICHI,WTRGWT,2032,0.0
RE1,S11,LNDRICHI,WTRGWT,2033,0.0
RE1,S11,LNDRICHI,WTRGWT,2034,0.0
RE1,S11,LNDRICHI,WTRGWT,2035,0.0
RE1,S11,LNDRICHI,WTRSUR,2020,0.0
RE1,S11,LNDRICHI,WTRSUR,2021,0.0
RE1,S11,LNDRICHI,WTRSUR,2022,0.0
RE1,S11,LNDRICHI,WTRSUR,2023,0.0
RE1,S11,LNDRICHI,WTRSUR,2024,0.0
RE1,S11,LNDRICHI,WTRSUR,2025,0.0
RE1,S11,LNDRICHI,WTRSUR,2026,0.0
RE1,S11,LNDRICHI,WTRSUR,2027,0.0
RE1,S11,LNDRICHI,WTRSUR,2028,0.0
RE1,S11,LNDRICHI,WTRSUR,2029,0.0
RE1,S11,LNDRICHI,WTRSUR,2030,0.0
RE1,S11,LNDRICHI,WTRSUR,2031,0.0
RE1,S11,LNDRICHI,WTRSUR,2032,0.0
RE1,S11,LNDRICHI,WTRSUR,2033,0.0
RE1,S11,LNDRICHI,WTRSUR,2034,0.0
RE1,S11,LNDRICHI,WTRSUR,2035,0.0
RE1,S11,LNDRICHR,CRPRIC,2020,13.3663
RE1,S11,LNDRICHR,CRPRIC,2021,13.7228
RE1,S11,LNDRICHR,CRPRIC,2022,14.0347
RE1,S11,LNDRICHR,CRPRIC,2023,14.3911
RE1,S11,LNDRICHR,CRPRIC,2024,14.7475
RE1,S11,LNDRICHR,CRPRIC,2025,15.104
RE1,S11,LNDRICHR,CRPRIC,2026,15.505
RE1,S11,LNDRICHR,CRPRIC,2027,15.9059
RE1,S11,LNDRICHR,CRPRIC,2028,16.3069
RE1,S11,LNDRICHR,CRPRIC,2029,16.7079
RE1,S11,LNDRICHR,CRPRIC,2030,17.1089
RE1,S11,LNDRICHR,CRPRIC,2031,17.5545
RE1,S11,LNDRICHR,CRPRIC,2032,17.9554
RE1,S11,LNDRICHR,CRPRIC,2033,18.4455
RE1,S11,LNDRICHR,CRPRIC,2034,18.8911
RE1,S11,LNDRICHR,CRPRIC,2035,19.3366
RE1,S11,LNDRICHR,WTREVT,2020,8.0198
RE1,S11,LNDRICHR,WTREVT,2021,8.2337
RE1,S11,LNDRICHR,WTREVT,2022,8.4208
RE1,S11,LNDRICHR,WTREVT,2023,8.6347
RE1,S11,LNDRICHR,WTREVT,2024,8.8485
RE1,S11,LNDRICHR,WTREVT,2025,9.0624
RE1,S11,LNDRICHR,WTREVT,2026,9.303
RE1,S11,LNDRICHR,WTREVT,2027,9.5436
RE1,S11,LNDRICHR,WTREVT,2028,9.7842
RE1,S11,LNDRICHR,WTREVT,2029,10.0248
RE1,S11,LNDRICHR,WTREVT,2030,10.2653
RE1,S11,LNDRICHR,WTREVT,2031,10.5327
RE1,S11,LNDRICHR,WTREVT,2032,10.7733
RE1,S11,LNDRICHR,WTREVT,2033,11.0673
RE1,S11,LNDRICHR,WTREVT,2034,11.3347
RE1,S11,LNDRICHR,WTREVT,2035,11.602
RE1,S11,LNDRICHR,WTRGWT,2020,0.802
RE1,S11,LNDRICHR,WTRGWT,2021,0.8234
RE1,S11,LNDRICHR,WTRGWT,2022,0.8421
RE1,S11,LNDRICHR,WTRGWT,2023,0.8635
RE1,S11,LNDRICHR,WTRGWT,2024,0.8849
RE1,S11,LNDRICHR,WTRGWT,2025,0.9062
RE1,S11,LNDRICHR,WTRGWT,2026,0.9303
RE1,S11,LNDRICHR,WTRGWT,2027,0.9544
RE1,S11,LNDRICHR,WTRGWT,2028,0.9784
RE1,S11,LNDRICHR,WTRGWT,2029,1.0025
RE1,S11,LNDRICHR,WTRGWT,2030,1.0265
RE1,S11,LNDRICHR,WTRGWT,2031,1.0533
RE1,S11,LNDRICHR,WTRGWT,2032,1.0773
RE1,S11,LNDRICHR,WTRGWT,2033,1.1067
RE1,S11,LNDRICHR,WTRGWT,2034,1.1335
RE1,S11,LNDRICHR,WTRGWT,2035,1.1602
RE1,S11,LNDRICHR,WTRSUR,2020,7.2178
RE1,S11,LNDRICHR,WTRSUR,2021,7.4103
RE1,S11,LNDRICHR,WTRSUR,2022,7.5787
RE1,S11,LNDRICHR,WTRSUR,2023,7.7712
RE1,S11,LNDRICHR,WTRSUR,2024,7.9637
RE1,S11,LNDRICHR,WTRSUR,2025,8.1561
RE1,S11,LNDRICHR,WTRSUR,2026,8.3727
RE1,S11,LNDRICHR,WTRSUR,2027,8.5892
RE1,S11,LNDRICHR,WTRSUR,2028,8.8057
RE1,S11,LNDRICHR,WTRSUR,2029,9.0223
RE1,S11,LNDRICHR,WTRSUR,2030,9.2388
RE1,S11,LNDRICHR,WTRSUR,2031,9.4794
RE1,S11,LNDRICHR,WTRSUR,2032,9.6959
RE1,S11,LNDRICHR,WTRSUR,2033,9.9606
RE1,S11,LNDRICHR,WTRSUR,2034,10.2012
RE1,S11,LNDRICHR,WTRSUR,2035,10.4418
RE1,S11,LNDWAT,LWAT,2020,15.5941
RE1,S11,LNDWAT,LWAT,2021,15.5941
RE1,S11,LNDWAT,LWAT,2022,15.5941
RE1,S11,LNDWAT,LWAT,2023,15.5941
RE1,S11,LNDWAT,LWAT,2024,15.5941
RE1,S11,LNDWAT,LWAT,2025,17.8218
RE1,S11,LNDWAT,LWAT,2026,17.8218
RE1,S11,LNDWAT,LWAT,2027,17.8218
RE1,S11,LNDWAT,LWAT,2028,17.8218
RE1,S11,LNDWAT,LWAT,2029,17.8218
RE1,S11,LNDWAT,LWAT,2030,17.8218
RE1,S11,LNDWAT,LWAT,2031,17.8218
RE1,S11,LNDWAT,LWAT,2032,17.8218
RE1,S11,LNDWAT,LWAT,2033,17.8218
RE1,S11,LNDWAT,LWAT,2034,17.8218
RE1,S11,LNDWAT,LWAT,2035,17.8218
RE1,S11,LNDWAT,WTREVT,2020,6.2376
RE1,S11,LNDWAT,WTREVT,2021,6.2376
RE1,S11,LNDWAT,WTREVT,2022,6.2376
RE1,S11,LNDWAT,WTREVT,2023,6.2376
RE1,S11,LNDWAT,WTREVT,2024,6.2376
RE1,S11,LNDWAT,WTREVT,2025,7.1287
RE1,S11,LNDWAT,WTREVT,2026,7.1287
RE1,S11,LNDWAT,WTREVT,2027,7.1287
RE1,S11,LNDWAT,WTREVT,2028,7.1287
RE1,S11,LNDWAT,WTREVT,2029,7.1287
RE1,S11,LNDWAT,WTREVT,2030,7.1287
RE1,S11,LNDWAT,WTREVT,2031,7.1287
RE1,S11,LNDWAT,WTREVT,2032,7.1287
RE1,S11,LNDWAT,WTREVT,2033,7.1287
RE1,S11,LNDWAT,WTREVT,2034,7.1287
RE1,S11,LNDWAT,WTREVT,2035,7.1287
RE1,S11,LNDWAT,WTRGWT,2020,1.2475
RE1,S11,LNDWAT,WTRGWT,2021,1.2475
RE1,S11,LNDWAT,WTRGWT,2022,1.2475
RE1,S11,LNDWAT,WTRGWT,2023,1.2475
RE1,S11,LNDWAT,WTRGWT,2024,1.2475
RE1,S11,LNDWAT,WTRGWT,2025,1.4257
RE1,S11,LNDWAT,WTRGWT,2026,1.4257
RE1,S11,LNDWAT,WTRGWT,2027,1.4257
RE1,S11,LNDWAT,WTRGWT,2028,1.4257
RE1,S11,LNDWAT,WTRGWT,2029,1.4257
RE1,S11,LNDWAT,WTRGWT,2030,1.4257
RE1,S11,LNDWAT,WTRGWT,2031,1.4257
RE1,S11,LNDWAT,WTRGWT,2032,1.4257
RE1,S11,LNDWAT,WTRGWT,2033,1.4257
RE1,S11,LNDWAT,WTRGWT,2034,1.4257
RE1,S11,LNDWAT,WTRGWT,2035,1.4257
RE1,S11,LNDWAT,WTRSUR,2020,11.2277
RE1,S11,LNDWAT,WTRSUR,2021,11.2277
RE1,S11,LNDWAT,WTRSUR,2022,11.2277
RE1,S11,LNDWAT,WTRSUR,2023,11.2277
RE1,S11,LNDWAT,WTRSUR,2024,11.2277
RE1,S11,LNDWAT,WTRSUR,2025,12.8317
RE1,S11,LNDWAT,WTRSUR,2026,12.8317
RE1,S11,LNDWAT,WTRSUR,2027,12.8317
RE1,S11,LNDWAT,WTRSUR,2028,12.8317
RE1,S11,LNDWAT,WTRSUR,2029,12.8317
RE1,S11,LNDWAT,WTRSUR,2030,12.8317
RE1,S11,LNDWAT,WTRSUR,2031,12.8317
RE1,S11,LNDWAT,WTRSUR,2032,12.8317
RE1,S11,LNDWAT,WTRSUR,2033,12.8317
RE1,S11,LNDWAT,WTRSUR,2034,12.8317
RE1,S11,LNDWAT,WTRSUR,2035,12.8317
RE1,S11,MINCOA,COA,2020,70.4768
RE1,S11,MINCOA,COA,2021,73.6448
RE1,S11,MINCOA,COA,2022,75.7568
RE1,S11,MINCOA,COA,2023,78.9248
RE1,S11,MINCOA,COA,2024,81.0368
RE1,S11,MINCOA,COA,2025,77.8187
RE1,S11,MINCOA,COA,2026,80.9867
RE1,S11,MINCOA,COA,2027,75.4294
RE1,S11,MINCOA,COA,2028,67.5909
RE1,S11,MINCOA,COA,2029,59.7525
RE1,S11,MINCOA,COA,2030,0.0
RE1,S11,MINCOA,COA,2031,0.0
RE1,S11,MINCOA,COA,2032,0.0
RE1,S11,MINCOA,COA,2033,0.0
RE1,S11,MINCOA,COA,2034,0.0
RE1,S11,MINCOA,COA,2035,0.0
RE1,S11,MINGAS,GAS,2020,0.0
RE1,S11,MINGAS,GAS,2021,0.0
RE1,S11,MINGAS,GAS,2022,0.0
RE1,S11,MINGAS,GAS,2023,0.0
RE1,S11,MINGAS,GAS,2024,0.0
RE1,S11,MINGAS,GAS,2025,0.0
RE1,S11,MINGAS,GAS,2026,0.0
RE1,S11,MINGAS,GAS,2027,0.0
RE1,S11,MINGAS,GAS,2028,0.0
RE1,S11,MINGAS,GAS,2029,0.0
RE1,S11,MINGAS,GAS,2030,0.0
RE1,S11,MINGAS,GAS,2031,0.0
RE1,S11,MINGAS,GAS,2032,0.0
RE1,S11,MINGAS,GAS,2033,0.0
RE1,S11,MINGAS,GAS,2034,0.0
RE1,S11,MINGAS,GAS,2035,0.0
RE1,S11,MINHYD,HYD,2020,4.2574
RE1,S11,MINHYD,HYD,2021,4.2574
RE1,S11,MINHYD,HYD,2022,4.2574
RE1,S11,MINHYD,HYD,2023,4.2574
RE1,S11,MINHYD,HYD,2024,4.2574
RE1,S11,MINHYD,HYD,2025,6.386
RE1,S11,MINHYD,HYD,2026,6.386
RE1,S11,MINHYD,HYD,2027,6.386
RE1,S11,MINHYD,HYD,2028,6.386
RE1,S11,MINHYD,HYD,2029,6.386
RE1,S11,MINHYD,HYD,2030,6.386
RE1,S11,MINHYD,HYD,2031,6.386
RE1,S11,MINHYD,HYD,2032,6.386
RE1,S11,MINHYD,HYD,2033,6.386
RE1,S11,MINHYD,HYD,2034,6.386
RE1,S11,MINHYD,HYD,2035,6.386
RE1,S11,MINLND,LND,2020,133.6634
RE1,S11,MINLND,LND,2021,133.6634
RE1,S11,MINLND,LND,2022,133.6634
RE1,S11,MINLND,LND,2023,133.6634
RE1,S11,MINLND,LND,2024,133.6634
RE1,S11,MINLND,LND,2025,133.6634
RE1,S11,MINLND,LND,2026,133.6634
RE1,S11,MINLND,LND,2027,133.6634
RE1,S11,MINLND,LND,2028,133.6634
RE1,S11,MINLND,LND,2029,133.6634
RE1,S11,MINLND,LND,2030,133.6634
RE1,S11,MINLND,LND,2031,133.6634
RE1,S11,MINLND,LND,2032,133.6634
RE1,S11,MINLND,LND,2033,133.6634
RE1,S11,MINLND,LND,2034,133.6634
RE1,S11,MINLND,LND,2035,133.6634
RE1,S11,MINPRC,WTRPRC,2020,160.396
RE1,S11,MINPRC,WTRPRC,2021,160.396
RE1,S11,MINPRC,WTRPRC,2022,160.396
RE1,S11,MINPRC,WTRPRC,2023,160.396
RE1,S11,MINPRC,WTRPRC,2024,160.396
RE1,S11,MINPRC,WTRPRC,2025,160.396
RE1,S11,MINPRC,WTRPRC,2026,160.396
RE1,S11,MINPRC,WTRPRC,2027,160.396
RE1,S11,MINPRC,WTRPRC,2028,160.396
RE1,S11,MINPRC,WTRPRC,2029,160.396
RE1,S11,MINPRC,WTRPRC,2030,160.396
RE1,S11,MINPRC,WTRPRC,2031,160.396
RE1,S11,MINPRC,WTRPRC,2032,160.396
RE1,S11,MINPRC,WTRPRC,2033,160.396
RE1,S11,MINPRC,WTRPRC,2034,160.396
RE1,S11,MINPRC,WTRPRC,2035,160.396
RE1,S11,MINSOL,SOL,2020,3.193
RE1,S11,MINSOL,SOL,2021,3.193
RE1,S11,MINSOL,SOL,2022,3.193
RE1,S11,MINSOL,SOL,2023,3.193
RE1,S11,MINSOL,SOL,2024,3.193
RE1,S11,MINSOL,SOL,2025,3.193
RE1,S11,MINSOL,SOL,2026,3.193
RE1,S11,MINSOL,SOL,2027,3.193
RE1,S11,MINSOL,SOL,2028,3.193
RE1,S11,MINSOL,SOL,2029,3.193
RE1,S11,MINSOL,SOL,2030,3.193
RE1,S11,MINSOL,SOL,2031,3.193
RE1,S11,MINSOL,SOL,2032,3.193
RE1,S11,MINSOL,SOL,2033,3.193
RE1,S11,MINSOL,SOL,2034,3.193
RE1,S11,MINSOL,SOL,2035,3.193
RE1,S11,MINWND,WND,2020,4.2574
RE1,S11,MINWND,WND,2021,4.2574
RE1,S11,MINWND,WND,2022,4.2574
RE1,S11,MINWND,WND,2023,4.2574
RE1,S11,MINWND,WND,2024,4.2574
RE1,S11,MINWND,WND,2025,4.2574
RE1,S11,MINWND,WND,2026,4.2574
RE1,S11,MINWND,WND,2027,7.1658
RE1,S11,MINWND,WND,2028,10.8346
RE1,S11,MINWND,WND,2029,14.5034
RE1,S11,MINWND,WND,2030,35.4769
RE1,S11,MINWND,WND,2031,36.5329
RE1,S11,MINWND,WND,2032,37.5889
RE1,S11,MINWND,WND,2033,38.9969
RE1,S11,MINWND,WND,2034,40.0529
RE1,S11,MINWND,WND,2035,41.4609
RE1,S11,PWRCOA,ELC001,2020,23.4923
RE1,S11,PWRCOA,ELC001,2021,24.5483
RE1,S11,PWRCOA,ELC001,2022,25.2523
RE1,S11,PWRCOA,ELC001,2023,26.3083
RE1,S11,PWRCOA,ELC001,2024,27.0123
RE1,S11,PWRCOA,ELC001,2025,25.9396
RE1,S11,PWRCOA,ELC001,2026,26.9956
RE1,S11,PWRCOA,ELC001,2027,25.1431
RE1,S11,PWRCOA,ELC001,2028,22.5303
RE1,S11,PWRCOA,ELC001,2029,19.9175
RE1,S11,PWRCOA,ELC001,2030,0.0
RE1,S11,PWRCOA,ELC001,2031,0.0
RE1,S11,PWRCOA,ELC001,2032,0.0
RE1,S11,PWRCOA,ELC001,2033,0.0
RE1,S11,PWRCOA,ELC001,2034,0.0
RE1,S11,PWRCOA,ELC001,2035,0.0
RE1,S11,PWRGAS,ELC001,2020,0.0
RE1,S11,PWRGAS,ELC001,2021,0.0
RE1,S11,PWRGAS,ELC001,2022,0.0
RE1,S11,PWRGAS,ELC001,2023,0.0
RE1,S11,PWRGAS,ELC001,2024,0.0
RE1,S11,PWRGAS,ELC001,2025,0.0
RE1,S11,PWRGAS,ELC001,2026,0.0
RE1,S11,PWRGAS,ELC001,2027,0.0
RE1,S11,PWRGAS,ELC001,2028,0.0
RE1,S11,PWRGAS,ELC001,2029,0.0
RE1,S11,PWRGAS,ELC001,2030,0.0
RE1,S11,PWRGAS,ELC001,2031,0.0
RE1,S11,PWRGAS,ELC001,2032,0.0
RE1,S11,PWRGAS,ELC001,2033,0.0
RE1,S11,PWRGAS,ELC001,2034,0.0
RE1,S11,PWRGAS,ELC001,2035,0.0
RE1,S11,PWRHYD,ELC001,2020,4.2574
RE1,S11,PWRHYD,ELC001,2021,4.2574
RE1,S11,PWRHYD,ELC001,2022,4.2574
RE1,S11,PWRHYD,ELC001,2023,4.2574
RE1,S11,PWRHYD,ELC001,2024,4.2574
RE1,S11,PWRHYD,ELC001,2025,6.386
RE1,S11,PWRHYD,ELC001,2026,6.386
RE1,S11,PWRHYD,ELC001,2027,6.386
RE1,S11,PWRHYD,ELC001,2028,6.386
RE1,S11,PWRHYD,ELC001,2029,6.386
RE1,S11,PWRHYD,ELC001,2030,6.386
RE1,S11,PWRHYD,ELC001,2031,6.386
RE1,S11,PWRHYD,ELC001,2032,6.386
RE1,S11,PWRHYD,ELC001,2033,6.386
RE1,S11,PWRHYD,ELC001,2034,6.386
RE1,S11,PWRHYD,ELC001,2035,6.386
RE1,S11,PWRSOL,ELC001,2020,3.193
RE1,S11,PWRSOL,ELC001,2021,3.193
RE1,S11,PWRSOL,ELC001,2022,3.193
RE1,S11,PWRSOL,ELC001,2023,3.193
RE1,S11,PWRSOL,ELC001,2024,3.193
RE1,S11,PWRSOL,ELC001,2025,3.193
RE1,S11,PWRSOL,ELC001,2026,3.193
RE1,S11,PWRSOL,ELC001,2027,3.193
RE1,S11,PWRSOL,ELC001,2028,3.193
RE1,S11,PWRSOL,ELC001,2029,3.193
RE1,S11,PWRSOL,ELC001,2030,3.193
RE1,S11,PWRSOL,ELC001,2031,3.193
RE1,S11,PWRSOL,ELC001,2032,3.193
RE1,S11,PWRSOL,ELC001,2033,3.193
RE1,S11,PWRSOL,ELC001,2034,3.193
RE1,S11,PWRSOL,ELC001,2035,3.193
RE1,S11,PWRTRN,ELC002,2020,32.0
RE1,S11,PWRTRN,ELC002,2021,32.96
RE1,S11,PWRTRN,ELC002,2022,33.6
RE1,S11,PWRTRN,ELC002,2023,34.56
RE1,S11,PWRTRN,ELC002,2024,35.2
RE1,S11,PWRTRN,ELC002,2025,36.16
RE1,S11,PWRTRN,ELC002,2026,37.12
RE1,S11,PWRTRN,ELC002,2027,38.08
RE1,S11,PWRTRN,ELC002,2028,39.04
RE1,S11,PWRTRN,ELC002,2029,40.0
RE1,S11,PWRTRN,ELC002,2030,40.96
RE1,S11,PWRTRN,ELC002,2031,41.92
RE1,S11,PWRTRN,ELC002,2032,42.88
RE1,S11,PWRTRN,ELC002,2033,44.16
RE1,S11,PWRTRN,ELC002,2034,45.12
RE1,S11,PWRTRN,ELC002,2035,46.4
RE1,S11,PWRWND,ELC001,2020,4.2574
RE1,S11,PWRWND,ELC001,2021,4.2574
RE1,S11,PWRWND,ELC001,2022,4.2574
RE1,S11,PWRWND,ELC001,2023,4.2574
RE1,S11,PWRWND,ELC001,2024,4.2574
RE1,S11,PWRWND,ELC001,2025,4.2574
RE1,S11,PWRWND,ELC001,2026,4.2574
RE1,S11,PWRWND,ELC001,2027,7.1658
RE1,S11,PWRWND,ELC001,2028,10.8346
RE1,S11,PWRWND,ELC001,2029,14.5034
RE1,S11,PWRWND,ELC001,2030,35.4769
RE1,S11,PWRWND,ELC001,2031,36.5329
RE1,S11,PWRWND,ELC001,2032,37.5889
RE1,S11,PWRWND,ELC001,2033,38.9969
RE1,S11,PWRWND,ELC001,2034,40.0529
RE1,S11,PWRWND,ELC001,2035,41.4609
RE1,S12,DEMPWRSURWAT,PWRWAT,2020,0.0
RE1,S12,DEMPWRSURWAT,PWRWAT,2021,0.0
RE1,S12,DEMPWRSURWAT,PWRWAT,2022,0.0
RE1,S12,DEMPWRSURWAT,PWRWAT,2023,0.0
RE1,S12,DEMPWRSURWAT,PWRWAT,2024,0.0
RE1,S12,DEMPWRSURWAT,PWRWAT,2025,0.0
RE1,S12,DEMPWRSURWAT,PWRWAT,2026,0.0
RE1,S12,DEMPWRSURWAT,PWRWAT,2027,0.0
RE1,S12,DEMPWRSURWAT,PWRWAT,2028,0.0
RE1,S12,DEMPWRSURWAT,PWRWAT,2029,0.0
RE1,S12,DEMPWRSURWAT,PWRWAT,2030,0.0
RE1,S12,DEMPWRSURWAT,PWRWAT,2031,0.0
RE1,S12,DEMPWRSURWAT,PWRWAT,2032,0.0
RE1,S12,DEMPWRSURWAT,PWRWAT,2033,0.0
RE1,S12,DEMPWRSURWAT,PWRWAT,2034,0.0
RE1,S12,DEMPWRSURWAT,PWRWAT,2035,0.0
RE1,S12,LNDBLT,LBLT,2020,2.1782
RE1,S12,LNDBLT,LBLT,2021,2.2436
RE1,S12,LNDBLT,LBLT,2022,2.3089
RE1,S12,LNDBLT,LBLT,2023,2.3743
RE1,S12,LNDBLT,LBLT,2024,2.4614
RE1,S12,LNDBLT,LBLT,2025,2.5267
RE1,S12,LNDBLT,LBLT,2026,2.5921
RE1,S12,LNDBLT,LBLT,2027,2.6792
RE1,S12,LNDBLT,LBLT,2028,2.7663
RE1,S12,LNDBLT,LBLT,2029,2.8317
RE1,S12,LNDBLT,LBLT,2030,2.9188
RE1,S12,LNDBLT,LBLT,2031,3.0059
RE1,S12,LNDBLT,LBLT,2032,3.1149
RE1,S12,LNDBLT,LBLT,2033,3.202
RE1,S12,LNDBLT,LBLT,2034,3.2891
RE1,S12,LNDBLT,LBLT,2035,3.398
RE1,S12,LNDBLT,WTREVT,2020,1.6337
RE1,S12,LNDBLT,WTREVT,2021,1.6827
RE1,S12,LNDBLT,WTREVT,2022,1.7317
RE1,S12,LNDBLT,WTREVT,2023,1.7807
RE1,S12,LNDBLT,WTREVT,2024,1.846
RE1,S12,LNDBLT,WTREVT,2025,1.895
RE1,S12,LNDBLT,WTREVT,2026,1.9441
RE1,S12,LNDBLT,WTREVT,2027,2.0094
RE1,S12,LNDBLT,WTREVT,2028,2.0748
RE1,S12,LNDBLT,WTREVT,2029,2.1238
RE1,S12,LNDBLT,WTREVT,2030,2.1891
RE1,S12,LNDBLT,WTREVT,2031,2.2545
RE1,S12,LNDBLT,WTREVT,2032,2.3361
RE1,S12,LNDBLT,WTREVT,2033,2.4015
RE1,S12,LNDBLT,WTREVT,2034,2.4668
RE1,S12,LNDBLT,WTREVT,2035,2.5485
RE1,S12,LNDBLT,WTRGWT,2020,0.0871
RE1,S12,LNDBLT,WTRGWT,2021,0.0897
RE1,S12,LNDBLT,WTRGWT,2022,0.0924
RE1,S12,LNDBLT,WTRGWT,2023,0.095
RE1,S12,LNDBLT,WTRGWT,2024,0.0985
RE1,S12,LNDBLT,WTRGWT,2025,0.1011
RE1,S12,LNDBLT,WTRGWT,2026,0.1037
RE1,S12,LNDBLT,WTRGWT,2027,0.1072
RE1,S12,LNDBLT,WTRGWT,2028,0.1107
RE1,S12,LNDBLT,WTRGWT,2029,0.1133
RE1,S12,LNDBLT,WTRGWT,2030,0.1168
RE1,S12,LNDBLT,WTRGWT,2031,0.1202
RE1,S12,LNDBLT,WTRGWT,2032,0.1246
RE1,S12,LNDBLT,WTRGWT,2033,0.1281
RE1,S12,LNDBLT,WTRGWT,2034,0.1316
RE1,S12,LNDBLT,WTRGWT,2035,0.1359
RE1,S12,LNDBLT,WTRSUR,2020,0.8931
RE1,S12,LNDBLT,WTRSUR,2021,0.9199
RE1,S12,LNDBLT,WTRSUR,2022,0.9467
RE1,S12,LNDBLT,WTRSUR,2023,0.9734
RE1,S12,LNDBLT,WTRSUR,2024,1.0092
RE1,S12,LNDBLT,WTRSUR,2025,1.036
RE1,S12,LNDBLT,WTRSUR,2026,1.0628
RE1,S12,LNDBLT,WTRSUR,2027,1.0985
RE1,S12,LNDBLT,WTRSUR,2028,1.1342
RE1,S12,LNDBLT,WTRSUR,2029,1.161
RE1,S12,LNDBLT,WTRSUR,2030,1.1967
RE1,S12,LNDBLT,WTRSUR,2031,1.2324
RE1,S12,LNDBLT,WTRSUR,2032,1.2771
RE1,S12,LNDBLT,WTRSUR,2033,1.3128
RE1,S12,LNDBLT,WTRSUR,2034,1.3485
RE1,S12,LNDBLT,WTRSUR,2035,1.3932
RE1,S12,LNDFOR,LFOR,2020,38.1188
RE1,S12,LNDFOR,LFOR,2021,37.6069
RE1,S12,LNDFOR,LFOR,2022,37.1168
RE1,S12,LNDFOR,LFOR,2023,36.5777
RE1,S12,LNDFOR,LFOR,2024,36.0168
RE1,S12,LNDFOR,LFOR,2025,34.3886
RE1,S12,LNDFOR,LFOR,2026,33.8277
RE1,S12,LNDFOR,LFOR,2027,33.245
RE1,S12,LNDFOR,LFOR,2028,32.6351
RE1,S12,LNDFOR,LFOR,2029,32.0198
RE1,S12,LNDFOR,LFOR,2030,31.4099
RE1,S12,LNDFOR,LFOR,2031,30.751
RE1,S12,LNDFOR,LFOR,2032,30.0921
RE1,S12,LNDFOR,LFOR,2033,29.4114
RE1,S12,LNDFOR,LFOR,2034,28.7252
RE1,S12,LNDFOR,LFOR,2035,28.0173
RE1,S12,LNDFOR,WTREVT,2020,32.401
RE1,S12,LNDFOR,WTREVT,2021,31.9659
RE1,S12,LNDFOR,WTREVT,2022,31.5493
RE1,S12,LNDFOR,WTREVT,2023,31.0911
RE1,S12,LNDFOR,WTREVT,2024,30.6143
RE1,S12,LNDFOR,WTREVT,2025,29.2303
RE1,S12,LNDFOR,WTREVT,2026,28.7536
RE1,S12,LNDFOR,WTREVT,2027,28.2583
RE1,S12,LNDFOR,WTREVT,2028,27.7399
RE1,S12,LNDFOR,WTREVT,2029,27.2168
RE1,S12,LNDFOR,WTREVT,2030,26.6984
RE1,S12,LNDFOR,WTREVT,2031,26.1383
RE1,S12,LNDFOR,WTREVT,2032,25.5783
RE1,S12,LNDFOR,WTREVT,2033,24.9997
RE1,S12,LNDFOR,WTREVT,2034,24.4165
RE1,S12,LNDFOR,WTREVT,2035,23.8147
RE1,S12,LNDFOR,WTRGWT,2020,1.1436
RE1,S12,LNDFOR,WTRGWT,2021,1.1282
RE1,S12,LNDFOR,WTRGWT,2022,1.1135
RE1,S12,LNDFOR,WTRGWT,2023,1.0973
RE1,S12,LNDFOR,WTRGWT,2024,1.0805
RE1,S12,LNDFOR,WTRGWT,2025,1.0317
RE1,S12,LNDFOR,WTRGWT,2026,1.0148
RE1,S12,LNDFOR,WTRGWT,2027,0.9974
RE1,S12,LNDFOR,WTRGWT,2028,0.9791
RE1,S12,LNDFOR,WTRGWT,2029,0.9606
RE1,S12,LNDFOR,WTRGWT,2030,0.9423
RE1,S12,LNDFOR,WTRGWT,2031,0.9225
RE1,S12,LNDFOR,WTRGWT,2032,0.9028
RE1,S12,LNDFOR,WTRGWT,2033,0.8823
RE1,S12,LNDFOR,WTRGWT,2034,0.8618
RE1,S12,LNDFOR,WTRGWT,2035,0.8405
RE1,S12,LNDFOR,WTRSUR,2020,12.198
RE1,S12,LNDFOR,WTRSUR,2021,12.0342
RE1,S12,LNDFOR,WTRSUR,2022,11.8774
RE1,S12,LNDFOR,WTRSUR,2023,11.7049
RE1,S12,LNDFOR,WTRSUR,2024,11.5254
RE1,S12,LNDFOR,WTRSUR,2025,11.0044
RE1,S12,LNDFOR,WTRSUR,2026,10.8249
RE1,S12,LNDFOR,WTRSUR,2027,10.6384
RE1,S12,LNDFOR,WTRSUR,2028,10.4432
RE1,S12,LNDFOR,WTRSUR,2029,10.2463
RE1,S12,LNDFOR,WTRSUR,2030,10.0512
RE1,S12,LNDFOR,WTRSUR,2031,9.8403
RE1,S12,LNDFOR,WTRSUR,2032,9.6295
RE1,S12,LNDFOR,WTRSUR,2033,9.4116
RE1,S12,LNDFOR,WTRSUR,2034,9.1921
RE1,S12,LNDFOR,WTRSUR,2035,8.9655
RE1,S12,LNDMAIHI,CRPMAI,2020,0.0
RE1,S12,LNDMAIHI,CRPMAI,2021,0.0
RE1,S12,LNDMAIHI,CRPMAI,2022,0.0
RE1,S12,LNDMAIHI,CRPMAI,2023,0.0
RE1,S12,LNDMAIHI,CRPMAI,2024,0.0
RE1,S12,LNDMAIHI,CRPMAI,2025,0.0
RE1,S12,LNDMAIHI,CRPMAI,2026,0.0
RE1,S12,LNDMAIHI,CRPMAI,2027,0.0
RE1,S12,LNDMAIHI,CRPMAI,2028,0.0
RE1,S12,LNDMAIHI,CRPMAI,2029,0.0
RE1,S12,LNDMAIHI,CRPMAI,2030,0.0
RE1,S12,LNDMAIHI,CRPMAI,2031,0.0
RE1,S12,LNDMAIHI,CRPMAI,2032,0.0
RE1,S12,LNDMAIHI,CRPMAI,2033,0.0
RE1,S12,LNDMAIHI,CRPMAI,2034,0.0
RE1,S12,LNDMAIHI,CRPMAI,2035,0.0
RE1,S12,LNDMAIHI,WTREVT,2020,0.0
RE1,S12,LNDMAIHI,WTREVT,2021,0.0
RE1,S12,LNDMAIHI,WTREVT,2022,0.0
RE1,S12,LNDMAIHI,WTREVT,2023,0.0
RE1,S12,LNDMAIHI,WTREVT,2024,0.0
RE1,S12,LNDMAIHI,WTREVT,2025,0.0
RE1,S12,LNDMAIHI,WTREVT,2026,0.0
RE1,S12,LNDMAIHI,WTREVT,2027,0.0
RE1,S12,LNDMAIHI,WTREVT,2028,0.0
RE1,S12,LNDMAIHI,WTREVT,2029,0.0
RE1,S12,LNDMAIHI,WTREVT,2030,0.0
RE1,S12,LNDMAIHI,WTREVT,2031,0.0
RE1,S12,LNDMAIHI,WTREVT,2032,0.0
RE1,S12,LNDMAIHI,WTREVT,2033,0.0
RE1,S12,LNDMAIHI,WTREVT,2034,0.0
RE1,S12,LNDMAIHI,WTREVT,2035,0.0
RE1,S12,LNDMAIHI,WTRGWT,2020,0.0
RE1,S12,LNDMAIHI,WTRGWT,2021,0.0
RE1,S12,LNDMAIHI,WTRGWT,2022,0.0
RE1,S12,LNDMAIHI,WTRGWT,2023,0.0
RE1,S12,LNDMAIHI,WTRGWT,2024,0.0
RE1,S12,LNDMAIHI,WTRGWT,2025,0.0
RE1,S12,LNDMAIHI,WTRGWT,2026,0.0
RE1,S12,LNDMAIHI,WTRGWT,2027,0.0
RE1,S12,LNDMAIHI,WTRGWT,2028,0.0
RE1,S12,LNDMAIHI,WTRGWT,2029,0.0
RE1,S12,LNDMAIHI,WTRGWT,2030,0.0
RE1,S12,LNDMAIHI,WTRGWT,2031,0.0
RE1,S12,LNDMAIHI,WTRGWT,2032,0.0
RE1,S12,LNDMAIHI,WTRGWT,2033,0.0
RE1,S12,LNDMAIHI,WTRGWT,2034,0.0
RE1,S12,LNDMAIHI,WTRGWT,2035,0.0
RE1,S12,LNDMAIHI,WTRSUR,2020,0.0
RE1,S12,LNDMAIHI,WTRSUR,2021,0.0
RE1,S12,LNDMAIHI,WTRSUR,2022,0.0
RE1,S12,LNDMAIHI,WTRSUR,2023,0.0
RE1,S12,LNDMAIHI,WTRSUR,2024,0.0
RE1,S12,LNDMAIHI,WTRSUR,2025,0.0
RE1,S12,LNDMAIHI,WTRSUR,2026,0.0
RE1,S12,LNDMAIHI,WTRSUR,2027,0.0
RE1,S12,LNDMAIHI,WTRSUR,2028,0.0
RE1,S12,LNDMAIHI,WTRSUR,2029,0.0
RE1,S12,LNDMAIHI,WTRSUR,2030,0.0
RE1,S12,LNDMAIHI,WTRSUR,2031,0.0
RE1,S12,LNDMAIHI,WTRSUR,2032,0.0
RE1,S12,LNDMAIHI,WTRSUR,2033,0.0
RE1,S12,LNDMAIHI,WTRSUR,2034,0.0
RE1,S12,LNDMAIHI,WTRSUR,2035,0.0
RE1,S12,LNDMAIHR,CRPMAI,2020,8.7129
RE1,S12,LNDMAIHR,CRPMAI,2021,8.9307
RE1,S12,LNDMAIHR,CRPMAI,2022,9.1485
RE1,S12,LNDMAIHR,CRPMAI,2023,9.3881
RE1,S12,LNDMAIHR,CRPMAI,2024,9.6277
RE1,S12,LNDMAIHR,CRPMAI,2025,9.8673
RE1,S12,LNDMAIHR,CRPMAI,2026,10.1069
RE1,S12,LNDMAIHR,CRPMAI,2027,10.3465
RE1,S12,LNDMAIHR,CRPMAI,2028,10.6079
RE1,S12,LNDMAIHR,CRPMAI,2029,10.8911
RE1,S12,LNDMAIHR,CRPMAI,2030,11.1525
RE1,S12,LNDMAIHR,CRPMAI,2031,11.4356
RE1,S12,LNDMAIHR,CRPMAI,2032,11.7188
RE1,S12,LNDMAIHR,CRPMAI,2033,12.002
RE1,S12,LNDMAIHR,CRPMAI,2034,12.3069
RE1,S12,LNDMAIHR,CRPMAI,2035,12.6119
RE1,S12,LNDMAIHR,WTREVT,2020,4.3564
RE1,S12,LNDMAIHR,WTREVT,2021,4.4653
RE1,S12,LNDMAIHR,WTREVT,2022,4.5743
RE1,S12,LNDMAIHR,WTREVT,2023,4.6941
RE1,S12,LNDMAIHR,WTREVT,2024,4.8139
RE1,S12,LNDMAIHR,WTREVT,2025,4.9337
RE1,S12,LNDMAIHR,WTREVT,2026,5.0535
RE1,S12,LNDMAIHR,WTREVT,2027,5.1733
RE1,S12,LNDMAIHR,WTREVT,2028,5.304
RE1,S12,LNDMAIHR,WTREVT,2029,5.4455
RE1,S12,LNDMAIHR,WTREVT,2030,5.5762
RE1,S12,LNDMAIHR,WTREVT,2031,5.7178
RE1,S12,LNDMAIHR,WTREVT,2032,5.8594
RE1,S12,LNDMAIHR,WTREVT,2033,6.001
RE1,S12,LNDMAIHR,WTREVT,2034,6.1535
RE1,S12,LNDMAIHR,WTREVT,2035,6.3059
RE1,S12,LNDMAIHR,WTRGWT,2020,0.8713
RE1,S12,LNDMAIHR,WTRGWT,2021,0.8931
RE1,S12,LNDMAIHR,WTRGWT,2022,0.9149
RE1,S12,LNDMAIHR,WTRGWT,2023,0.9388
RE1,S12,LNDMAIHR,WTRGWT,2024,0.9628
RE1,S12,LNDMAIHR,WTRGWT,2025,0.9867
RE1,S12,LNDMAIHR,WTRGWT,2026,1.0107
RE1,S12,LNDMAIHR,WTRGWT,2027,1.0347
RE1,S12,LNDMAIHR,WTRGWT,2028,1.0608
RE1,S12,LNDMAIHR,WTRGWT,2029,1.0891
RE1,S12,LNDMAIHR,WTRGWT,2030,1.1152
RE1,S12,LNDMAIHR,WTRGWT,2031,1.1436
RE1,S12,LNDMAIHR,WTRGWT,2032,1.1719
RE1,S12,LNDMAIHR,WTRGWT,2033,1.2002
RE1,S12,LNDMAIHR,WTRGWT,2034,1.2307
RE1,S12,LNDMAIHR,WTRGWT,2035,1.2612
RE1,S12,LNDMAIHR,WTRSUR,2020,7.8416
RE1,S12,LNDMAIHR,WTRSUR,2021,8.0376
RE1,S12,LNDMAIHR,WTRSUR,2022,8.2337
RE1,S12,LNDMAIHR,WTRSUR,2023,8.4493
RE1,S12,LNDMAIHR,WTRSUR,2024,8.665
RE1,S12,LNDMAIHR,WTRSUR,2025,8.8806
RE1,S12,LNDMAIHR,WTRSUR,2026,9.0962
RE1,S12,LNDMAIHR,WTRSUR,2027,9.3119
RE1,S12,LNDMAIHR,WTRSUR,2028,9.5471
RE1,S12,LNDMAIHR,WTRSUR,2029,9.802
RE1,S12,LNDMAIHR,WTRSUR,2030,10.0372
RE1,S12,LNDMAIHR,WTRSUR,2031,10.2921
RE1,S12,LNDMAIHR,WTRSUR,2032,10.5469
RE1,S12,LNDMAIHR,WTRSUR,2033,10.8018
RE1,S12,LNDMAIHR,WTRSUR,2034,11.0762
RE1,S12,LNDMAIHR,WTRSUR,2035,11.3507
RE1,S12,LNDRICHI,CRPRIC,2020,0.0
RE1,S12,LNDRICHI,CRPRIC,2021,0.0
RE1,S12,LNDRICHI,CRPRIC,2022,0.0
RE1,S12,LNDRICHI,CRPRIC,2023,0.0
RE1,S12,LNDRICHI,CRPRIC,2024,0.0
RE1,S12,LNDRICHI,CRPRIC,2025,0.0
RE1,S12,LNDRICHI,CRPRIC,2026,0.0
RE1,S12,LNDRICHI,CRPRIC,2027,0.0
RE1,S12,LNDRICHI,CRPRIC,2028,0.0
RE1,S12,LNDRICHI,CRPRIC,2029,0.0
RE1,S12,LNDRICHI,CRPRIC,2030,0.0
RE1,S12,LNDRICHI,CRPRIC,2031,0.0
RE1,S12,LNDRICHI,CRPRIC,2032,0.0
RE1,S12,LNDRICHI,CRPRIC,2033,0.0
RE1,S12,LNDRICHI,CRPRIC,2034,0.0
RE1,S12,LNDRICHI,CRPRIC,2035,0.0
RE1,S12,LNDRICHI,WTREVT,2020,0.0
RE1,S12,LNDRICHI,WTREVT,2021,0.0
RE1,S12,LNDRICHI,WTREVT,2022,0.0
RE1,S12,LNDRICHI,WTREVT,2023,0.0
RE1,S12,LNDRICHI,WTREVT,2024,0.0
RE1,S12,LNDRICHI,WTREVT,2025,0.0
RE1,S12,LNDRICHI,WTREVT,2026,0.0
RE1,S12,LNDRICHI,WTREVT,2027,0.0
RE1,S12,LNDRICHI,WTREVT,2028,0.0
RE1,S12,LNDRICHI,WTREVT,2029,0.0
RE1,S12,LNDRICHI,WTREVT,2030,0.0
RE1,S12,LNDRICHI,WTREVT,2031,0.0
RE1,S12,LNDRICHI,WTREVT,2032,0.0
RE1,S12,LNDRICHI,WTREVT,2033,0.0
RE1,S12,LNDRICHI,WTREVT,2034,0.0
RE1,S12,LNDRICHI,WTREVT,2035,0.0
RE1,S12,LNDRICHI,WTRGWT,2020,0.0
RE1,S12,LNDRICHI,WTRGWT,2021,0.0
RE1,S12,LNDRICHI,WTRGWT,2022,0.0
RE1,S12,LNDRICHI,WTRGWT,2023,0.0
RE1,S12,LNDRICHI,WTRGWT,2024,0.0
RE1,S12,LNDRICHI,WTRGWT,2025,0.0
RE1,S12,LNDRICHI,WTRGWT,2026,0.0
RE1,S12,LNDRICHI,WTRGWT,2027,0.0
RE1,S12,LNDRICHI,WTRGWT,2028,0.0
RE1,S12,LNDRICHI,WTRGWT,2029,0.0
RE1,S12,LNDRICHI,WTRGWT,2030,0.0
RE1,S12,LNDRICHI,WTRGWT,2031,0.0
RE1,S12,LNDRICHI,WTRGWT,2032,0.0
RE1,S12,LNDRICHI,WTRGWT,2033,0.0
RE1,S12,LNDRICHI,WTRGWT,2034,0.0
RE1,S12,LNDRICHI,WTRGWT,2035,0.0
RE1,S12,LNDRICHI,WTRSUR,2020,0.0
RE1,S12,LNDRICHI,WTRSUR,2021,0.0
RE1,S12,LNDRICHI,WTRSUR,2022,0.0
RE1,S12,LNDRICHI,WTRSUR,2023,0.0
RE1,S12,LNDRICHI,WTRSUR,2024,0.0
RE1,S12,LNDRICHI,WTRSUR,2025,0.0
RE1,S12,LNDRICHI,WTRSUR,2026,0.0
RE1,S12,LNDRICHI,WTRSUR,2027,0.0
RE1,S12,LNDRICHI,WTRSUR,2028,0.0
RE1,S12,LNDRICHI,WTRSUR,2029,0.0
RE1,S12,LNDRICHI,WTRSUR,2030,0.0
RE1,S12,LNDRICHI,WTRSUR,2031,0.0
RE1,S12,LNDRICHI,WTRSUR,2032,0.0
RE1,S12,LNDRICHI,WTRSUR,2033,0.0
RE1,S12,LNDRICHI,WTRSUR,2034,0.0
RE1,S12,LNDRICHI,WTRSUR,2035,0.0
RE1,S12,LNDRICHR,CRPRIC,2020,6.5347
RE1,S12,LNDRICHR,CRPRIC,2021,6.7089
RE1,S12,LNDRICHR,CRPRIC,2022,6.8614
RE1,S12,LNDRICHR,CRPRIC,2023,7.0356
RE1,S12,LNDRICHR,CRPRIC,2024,7.2099
RE1,S12,LNDRICHR,CRPRIC,2025,7.3842
RE1,S12,LNDRICHR,CRPRIC,2026,7.5802
RE1,S12,LNDRICHR,CRPRIC,2027,7.7762
RE1,S12,LNDRICHR,CRPRIC,2028,7.9723
RE1,S12,LNDRICHR,CRPRIC,2029,8.1683
RE1,S12,LNDRICHR,CRPRIC,2030,8.3644
RE1,S12,LNDRICHR,CRPRIC,2031,8.5822
RE1,S12,LNDRICHR,CRPRIC,2032,8.7782
RE1,S12,LNDRICHR,CRPRIC,2033,9.0178
RE1,S12,LNDRICHR,CRPRIC,2034,9.2356
RE1,S12,LNDRICHR,CRPRIC,2035,9.4535
RE1,S12,LNDRICHR,WTREVT,2020,3.9208
RE1,S12,LNDRICHR,WTREVT,2021,4.0253
RE1,S12,LNDRICHR,WTREVT,2022,4.1168
RE1,S12,LNDRICHR,WTREVT,2023,4.2214
RE1,S12,LNDRICHR,WTREVT,2024,4.3259
RE1,S12,LNDRICHR,WTREVT,2025,4.4305
RE1,S12,LNDRICHR,WTREVT,2026,4.5481
RE1,S12,LNDRICHR,WTREVT,2027,4.6657
RE1,S12,LNDRICHR,WTREVT,2028,4.7834
RE1,S12,LNDRICHR,WTREVT,2029,4.901
RE1,S12,LNDRICHR,WTREVT,2030,5.0186
RE1,S12,LNDRICHR,WTREVT,2031,5.1493
RE1,S12,LNDRICHR,WTREVT,2032,5.2669
RE1,S12,LNDRICHR,WTREVT,2033,5.4107
RE1,S12,LNDRICHR,WTREVT,2034,5.5414
RE1,S12,LNDRICHR,WTREVT,2035,5.6721
RE1,S12,LNDRICHR,WTRGWT,2020,0.3921
RE1,S12,LNDRICHR,WTRGWT,2021,0.4025
RE1,S12,LNDRICHR,WTRGWT,2022,0.4117
RE1,S12,LNDRICHR,WTRGWT,2023,0.4221
RE1,S12,LNDRICHR,WTRGWT,2024,0.4326
RE1,S12,LNDRICHR,WTRGWT,2025,0.443
RE1,S12,LNDRICHR,WTRGWT,2026,0.4548
RE1,S12,LNDRICHR,WTRGWT,2027,0.4666
RE1,S12,LNDRICHR,WTRGWT,2028,0.4783
RE1,S12,LNDRICHR,WTRGWT,2029,0.4901
RE1,S12,LNDRICHR,WTRGWT,2030,0.5019
RE1,S12,LNDRICHR,WTRGWT,2031,0.5149
RE1,S12,LNDRICHR,WTRGWT,2032,0.5267
RE1,S12,LNDRICHR,WTRGWT,2033,0.5411
RE1,S12,LNDRICHR,WTRGWT,2034,0.5541
RE1,S12,LNDRICHR,WTRGWT,2035,0.5672
RE1,S12,LNDRICHR,WTRSUR,2020,3.5287
RE1,S12,LNDRICHR,WTRSUR,2021,3.6228
RE1,S12,LNDRICHR,WTRSUR,2022,3.7051
RE1,S12,LNDRICHR,WTRSUR,2023,3.7992
RE1,S12,LNDRICHR,WTRSUR,2024,3.8933
RE1,S12,LNDRICHR,WTRSUR,2025,3.9874
RE1,S12,LNDRICHR,WTRSUR,2026,4.0933
RE1,S12,LNDRICHR,WTRSUR,2027,4.1992
RE1,S12,LNDRICHR,WTRSUR,2028,4.305
RE1,S12,LNDRICHR,WTRSUR,2029,4.4109
RE1,S12,LNDRICHR,WTRSUR,2030,4.5168
RE1,S12,LNDRICHR,WTRSUR,2031,4.6344
RE1,S12,LNDRICHR,WTRSUR,2032,4.7402
RE1,S12,LNDRICHR,WTRSUR,2033,4.8696
RE1,S12,LNDRICHR,WTRSUR,2034,4.9872
RE1,S12,LNDRICHR,WTRSUR,2035,5.1049
RE1,S12,LNDWAT,LWAT,2020,7.6238
RE1,S12,LNDWAT,LWAT,2021,7.6238
RE1,S12,LNDWAT,LWAT,2022,7.6238
RE1,S12,LNDWAT,LWAT,2023,7.6238
RE1,S12,LNDWAT,LWAT,2024,7.6238
RE1,S12,LNDWAT,LWAT,2025,8.7129
RE1,S12,LNDWAT,LWAT,2026,8.7129
RE1,S12,LNDWAT,LWAT,2027,8.7129
RE1,S12,LNDWAT,LWAT,2028,8.7129
RE1,S12,LNDWAT,LWAT,2029,8.7129
RE1,S12,LNDWAT,LWAT,2030,8.7129
RE1,S12,LNDWAT,LWAT,2031,8.7129
RE1,S12,LNDWAT,LWAT,2032,8.7129
RE1,S12,LNDWAT,LWAT,2033,8.7129
RE1,S12,LNDWAT,LWAT,2034,8.7129
RE1,S12,LNDWAT,LWAT,2035,8.7129
RE1,S12,LNDWAT,WTREVT,2020,3.0495
RE1,S12,LNDWAT,WTREVT,2021,3.0495
RE1,S12,LNDWAT,WTREVT,2022,3.0495
RE1,S12,LNDWAT,WTREVT,2023,3.0495
RE1,S12,LNDWAT,WTREVT,2024,3.0495
RE1,S12,LNDWAT,WTREVT,2025,3.4851
RE1,S12,LNDWAT,WTREVT,2026,3.4851
RE1,S12,LNDWAT,WTREVT,2027,3.4851
RE1,S12,LNDWAT,WTREVT,2028,3.4851
RE1,S12,LNDWAT,WTREVT,2029,3.4851
RE1,S12,LNDWAT,WTREVT,2030,3.4851
RE1,S12,LNDWAT,WTREVT,2031,3.4851
RE1,S12,LNDWAT,WTREVT,2032,3.4851
RE1,S12,LNDWAT,WTREVT,2033,3.4851
RE1,S12,LNDWAT,WTREVT,2034,3.4851
RE1,S12,LNDWAT,WTREVT,2035,3.4851
RE1,S12,LNDWAT,WTRGWT,2020,0.6099
RE1,S12,LNDWAT,WTRGWT,2021,0.6099
RE1,S12,LNDWAT,WTRGWT,2022,0.6099
RE1,S12,LNDWAT,WTRGWT,2023,0.6099
RE1,S12,LNDWAT,WTRGWT,2024,0.6099
RE1,S12,LNDWAT,WTRGWT,2025,0.697
RE1,S12,LNDWAT,WTRGWT,2026,0.697
RE1,S12,LNDWAT,WTRGWT,2027,0.697
RE1,S12,LNDWAT,WTRGWT,2028,0.697
RE1,S12,LNDWAT,WTRGWT,2029,0.697
RE1,S12,LNDWAT,WTRGWT,2030,0.697
RE1,S12,LNDWAT,WTRGWT,2031,0.697
RE1,S12,LNDWAT,WTRGWT,2032,0.697
RE1,S12,LNDWAT,WTRGWT,2033,0.697
RE1,S12,LNDWAT,WTRGWT,2034,0.697
RE1,S12,LNDWAT,WTRGWT,2035,0.697
RE1,S12,LNDWAT,WTRSUR,2020,5.4891
RE1,S12,LNDWAT,WTRSUR,2021,5.4891
RE1,S12,LNDWAT,WTRSUR,2022,5.4891
RE1,S12,LNDWAT,WTRSUR,2023,5.4891
RE1,S12,LNDWAT,WTRSUR,2024,5.4891
RE1,S12,LNDWAT,WTRSUR,2025,6.2733
RE1,S12,LNDWAT,WTRSUR,2026,6.2733
RE1,S12,LNDWAT,WTRSUR,2027,6.2733
RE1,S12,LNDWAT,WTRSUR,2028,6.2733
RE1,S12,LNDWAT,WTRSUR,2029,6.2733
RE1,S12,LNDWAT,WTRSUR,2030,6.2733
RE1,S12,LNDWAT,WTRSUR,2031,6.2733
RE1,S12,LNDWAT,WTRSUR,2032,6.2733
RE1,S12,LNDWAT,WTRSUR,2033,6.2733
RE1,S12,LNDWAT,WTRSUR,2034,6.2733
RE1,S12,LNDWAT,WTRSUR,2035,6.2733
RE1,S12,MINCOA,COA,2020,15.9931
RE1,S12,MINCOA,COA,2021,16.7851
RE1,S12,MINCOA,COA,2022,17.3131
RE1,S12,MINCOA,COA,2023,18.1051
RE1,S12,MINCOA,COA,2024,18.6331
RE1,S12,MINCOA,COA,2025,16.3031
RE1,S12,MINCOA,COA,2026,17.0951
RE1,S12,MINCOA,COA,2027,15.0432
RE1,S12,MINCOA,COA,2028,12.248
RE1,S12,MINCOA,COA,2029,9.4527
RE1,S12,MINCOA,COA,2030,0.0
RE1,S12,MINCOA,COA,2031,0.0
RE1,S12,MINCOA,COA,2032,0.0
RE1,S12,MINCOA,COA,2033,0.0
RE1,S12,MINCOA,COA,2034,0.0
RE1,S12,MINCOA,COA,2035,0.0
RE1,S12,MINGAS,GAS,2020,0.0
RE1,S12,MINGAS,GAS,2021,0.0
RE1,S12,MINGAS,GAS,2022,0.0
RE1,S12,MINGAS,GAS,2023,0.0
RE1,S12,MINGAS,GAS,2024,0.0
RE1,S12,MINGAS,GAS,2025,0.0
RE1,S12,MINGAS,GAS,2026,0.0
RE1,S12,MINGAS,GAS,2027,0.0
RE1,S12,MINGAS,GAS,2028,0.0
RE1,S12,MINGAS,GAS,2029,0.0
RE1,S12,MINGAS,GAS,2030,0.0
RE1,S12,MINGAS,GAS,2031,0.0
RE1,S12,MINGAS,GAS,2032,0.0
RE1,S12,MINGAS,GAS,2033,0.0
RE1,S12,MINGAS,GAS,2034,0.0
RE1,S12,MINGAS,GAS,2035,0.0
RE1,S12,MINHYD,HYD,2020,2.0814
RE1,S12,MINHYD,HYD,2021,2.0814
RE1,S12,MINHYD,HYD,2022,2.0814
RE1,S12,MINHYD,HYD,2023,2.0814
RE1,S12,MINHYD,HYD,2024,2.0814
RE1,S12,MINHYD,HYD,2025,3.1221
RE1,S12,MINHYD,HYD,2026,3.1221
RE1,S12,MINHYD,HYD,2027,3.1221
RE1,S12,MINHYD,HYD,2028,3.1221
RE1,S12,MINHYD,HYD,2029,3.1221
RE1,S12,MINHYD,HYD,2030,0.0
RE1,S12,MINHYD,HYD,2031,3.1221
RE1,S12,MINHYD,HYD,2032,3.1221
RE1,S12,MINHYD,HYD,2033,3.1221
RE1,S12,MINHYD,HYD,2034,3.1221
RE1,S12,MINHYD,HYD,2035,3.1221
RE1,S12,MINLND,LND,2020,65.3465
RE1,S12,MINLND,LND,2021,65.3465
RE1,S12,MINLND,LND,2022,65.3465
RE1,S12,MINLND,LND,2023,65.3465
RE1,S12,MINLND,LND,2024,65.3465
RE1,S12,MINLND,LND,2025,65.3465
RE1,S12,MINLND,LND,2026,65.3465
RE1,S12,MINLND,LND,2027,65.3465
RE1,S12,MINLND,LND,2028,65.3465
RE1,S12,MINLND,LND,2029,65.3465
RE1,S12,MINLND,LND,2030,65.3465
RE1,S12,MINLND,LND,2031,65.3465
RE1,S12,MINLND,LND,2032,65.3465
RE1,S12,MINLND,LND,2033,65.3465
RE1,S12,MINLND,LND,2034,65.3465
RE1,S12,MINLND,LND,2035,65.3465
RE1,S12,MINPRC,WTRPRC,2020,78.4158
RE1,S12,MINPRC,WTRPRC,2021,78.4158
RE1,S12,MINPRC,WTRPRC,2022,78.4158
RE1,S12,MINPRC,WTRPRC,2023,78.4158
RE1,S12,MINPRC,WTRPRC,2024,78.4158
RE1,S12,MINPRC,WTRPRC,2025,78.4158
RE1,S12,MINPRC,WTRPRC,2026,78.4158
RE1,S12,MINPRC,WTRPRC,2027,78.4158
RE1,S12,MINPRC,WTRPRC,2028,78.4158
RE1,S12,MINPRC,WTRPRC,2029,78.4158
RE1,S12,MINPRC,WTRPRC,2030,78.4158
RE1,S12,MINPRC,WTRPRC,2031,78.4158
RE1,S12,MINPRC,WTRPRC,2032,78.4158
RE1,S12,MINPRC,WTRPRC,2033,78.4158
RE1,S12,MINPRC,WTRPRC,2034,78.4158
RE1,S12,MINPRC,WTRPRC,2035,78.4158
RE1,S12,MINSOL,SOL,2020,0.0
RE1,S12,MINSOL,SOL,2021,0.0
RE1,S12,MINSOL,SOL,2022,0.0
RE1,S12,MINSOL,SOL,2023,0.0
RE1,S12,MINSOL,SOL,2024,0.0
RE1,S12,MINSOL,SOL,2025,0.0
RE1,S12,MINSOL,SOL,2026,0.0
RE1,S12,MINSOL,SOL,2027,0.0
RE1,S12,MINSOL,SOL,2028,0.0
RE1,S12,MINSOL,SOL,2029,0.0
RE1,S12,MINSOL,SOL,2030,0.0
RE1,S12,MINSOL,SOL,2031,0.0
RE1,S12,MINSOL,SOL,2032,0.0
RE1,S12,MINSOL,SOL,2033,0.0
RE1,S12,MINSOL,SOL,2034,0.0
RE1,S12,MINSOL,SOL,2035,0.0
RE1,S12,MINWND,WND,2020,1.3876
RE1,S12,MINWND,WND,2021,1.3876
RE1,S12,MINWND,WND,2022,1.3876
RE1,S12,MINWND,WND,2023,1.3876
RE1,S12,MINWND,WND,2024,1.3876
RE1,S12,MINWND,WND,2025,1.3876
RE1,S12,MINWND,WND,2026,1.3876
RE1,S12,MINWND,WND,2027,2.3355
RE1,S12,MINWND,WND,2028,3.5313
RE1,S12,MINWND,WND,2029,4.727
RE1,S12,MINWND,WND,2030,11.264
RE1,S12,MINWND,WND,2031,8.4059
RE1,S12,MINWND,WND,2032,8.6699
RE1,S12,MINWND,WND,2033,9.0219
RE1,S12,MINWND,WND,2034,9.2859
RE1,S12,MINWND,WND,2035,9.6379
RE1,S12,PWRCOA,ELC001,2020,5.331
RE1,S12,PWRCOA,ELC001,2021,5.595
RE1,S12,PWRCOA,ELC001,2022,5.771
RE1,S12,PWRCOA,ELC001,2023,6.035
RE1,S12,PWRCOA,ELC001,2024,6.211
RE1,S12,PWRCOA,ELC001,2025,5.4344
RE1,S12,PWRCOA,ELC001,2026,5.6984
RE1,S12,PWRCOA,ELC001,2027,5.0144
RE1,S12,PWRCOA,ELC001,2028,4.0827
RE1,S12,PWRCOA,ELC001,2029,3.1509
RE1,S12,PWRCOA,ELC001,2030,0.0
RE1,S12,PWRCOA,ELC001,2031,0.0
RE1,S12,PWRCOA,ELC001,2032,0.0
RE1,S12,PWRCOA,ELC001,2033,0.0
RE1,S12,PWRCOA,ELC001,2034,0.0
RE1,S12,PWRCOA,ELC001,2035,0.0
RE1,S12,PWRGAS,ELC001,2020,0.0
RE1,S12,PWRGAS,ELC001,2021,0.0
RE1,S12,PWRGAS,ELC001,2022,0.0
RE1,S12,PWRGAS,ELC001,2023,0.0
RE1,S12,PWRGAS,ELC001,2024,0.0
RE1,S12,PWRGAS,ELC001,2025,0.0
RE1,S12,PWRGAS,ELC001,2026,0.0
RE1,S12,PWRGAS,ELC001,2027,0.0
RE1,S12,PWRGAS,ELC001,2028,0.0
RE1,S12,PWRGAS,ELC001,2029,0.0
RE1,S12,PWRGAS,ELC001,2030,0.0
RE1,S12,PWRGAS,ELC001,2031,0.0
RE1,S12,PWRGAS,ELC001,2032,0.0
RE1,S12,PWRGAS,ELC001,2033,0.0
RE1,S12,PWRGAS,ELC001,2034,0.0
RE1,S12,PWRGAS,ELC001,2035,0.0
RE1,S12,PWRHYD,ELC001,2020,2.0814
RE1,S12,PWRHYD,ELC001,2021,2.0814
RE1,S12,PWRHYD,ELC001,2022,2.0814
RE1,S12,PWRHYD,ELC001,2023,2.0814
RE1,S12,PWRHYD,ELC001,2024,2.0814
RE1,S12,PWRHYD,ELC001,2025,3.1221
RE1,S12,PWRHYD,ELC001,2026,3.1221
RE1,S12,PWRHYD,ELC001,2027,3.1221
RE1,S12,PWRHYD,ELC001,2028,3.1221
RE1,S12,PWRHYD,ELC001,2029,3.1221
RE1,S12,PWRHYD,ELC001,2030,0.0
RE1,S12,PWRHYD,ELC001,2031,3.1221
RE1,S12,PWRHYD,ELC001,2032,3.1221
RE1,S12,PWRHYD,ELC001,2033,3.1221
RE1,S12,PWRHYD,ELC001,2034,3.1221
RE1,S12,PWRHYD,ELC001,2035,3.1221
RE1,S12,PWRSOL,ELC001,2020,0.0
RE1,S12,PWRSOL,ELC001,2021,0.0
RE1,S12,PWRSOL,ELC001,2022,0.0
RE1,S12,PWRSOL,ELC001,2023,0.0
RE1,S12,PWRSOL,ELC001,2024,0.0
RE1,S12,PWRSOL,ELC001,2025,0.0
RE1,S12,PWRSOL,ELC001,2026,0.0
RE1,S12,PWRSOL,ELC001,2027,0.0
RE1,S12,PWRSOL,ELC001,2028,0.0
RE1,S12,PWRSOL,ELC001,2029,0.0
RE1,S12,PWRSOL,ELC001,2030,0.0
RE1,S12,PWRSOL,ELC001,2031,0.0
RE1,S12,PWRSOL,ELC001,2032,0.0
RE1,S12,PWRSOL,ELC001,2033,0.0
RE1,S12,PWRSOL,ELC001,2034,0.0
RE1,S12,PWRSOL,ELC001,2035,0.0
RE1,S12,PWRTRN,ELC002,2020,8.0
RE1,S12,PWRTRN,ELC002,2021,8.24
RE1,S12,PWRTRN,ELC002,2022,8.4
RE1,S12,PWRTRN,ELC002,2023,8.64
RE1,S12,PWRTRN,ELC002,2024,8.8
RE1,S12,PWRTRN,ELC002,2025,9.04
RE1,S12,PWRTRN,ELC002,2026,9.28
RE1,S12,PWRTRN,ELC002,2027,9.52
RE1,S12,PWRTRN,ELC002,2028,9.76
RE1,S12,PWRTRN,ELC002,2029,10.0
RE1,S12,PWRTRN,ELC002,2030,10.24
RE1,S12,PWRTRN,ELC002,2031,10.48
RE1,S12,PWRTRN,ELC002,2032,10.72
RE1,S12,PWRTRN,ELC002,2033,11.04
RE1,S12,PWRTRN,ELC002,2034,11.28
RE1,S12,PWRTRN,ELC002,2035,11.6
RE1,S12,PWRWND,ELC001,2020,1.3876
RE1,S12,PWRWND,ELC001,2021,1.3876
RE1,S12,PWRWND,ELC001,2022,1.3876
RE1,S12,PWRWND,ELC001,2023,1.3876
RE1,S12,PWRWND,ELC001,2024,1.3876
RE1,S12,PWRWND,ELC001,2025,1.3876
RE1,S12,PWRWND,ELC001,2026,1.3876
RE1,S12,PWRWND,ELC001,2027,2.3355
RE1,S12,PWRWND,ELC001,2028,3.5313
RE1,S12,PWRWND,ELC001,2029,4.727
RE1,S12,PWRWND,ELC001,2030,11.264
RE1,S12,PWRWND,ELC001,2031,8.4059
RE1,S12,PWRWND,ELC001,2032,8.6699
RE1,S12,PWRWND,ELC001,2033,9.0219
RE1,S12,PWRWND,ELC001,2034,9.2859
RE1,S12,PWRWND,ELC001,2035,9.6379
RE1,S21,DEMPWRSURWAT,PWRWAT,2020,0.0
RE1,S21,DEMPWRSURWAT,PWRWAT,2021,0.0
RE1,S21,DEMPWRSURWAT,PWRWAT,2022,0.0
RE1,S21,DEMPWRSURWAT,PWRWAT,2023,0.0
RE1,S21,DEMPWRSURWAT,PWRWAT,2024,0.0
RE1,S21,DEMPWRSURWAT,PWRWAT,2025,0.0
RE1,S21,DEMPWRSURWAT,PWRWAT,2026,0.0
RE1,S21,DEMPWRSURWAT,PWRWAT,2027,0.0
RE1,S21,DEMPWRSURWAT,PWRWAT,2028,0.0
RE1,S21,DEMPWRSURWAT,PWRWAT,2029,0.0
RE1,S21,DEMPWRSURWAT,PWRWAT,2030,0.0
RE1,S21,DEMPWRSURWAT,PWRWAT,2031,0.0
RE1,S21,DEMPWRSURWAT,PWRWAT,2032,0.0
RE1,S21,DEMPWRSURWAT,PWRWAT,2033,0.0
RE1,S21,DEMPWRSURWAT,PWRWAT,2034,0.0
RE1,S21,DEMPWRSURWAT,PWRWAT,2035,0.0
RE1,S21,LNDBLT,LBLT,2020,1.6832
RE1,S21,LNDBLT,LBLT,2021,1.7337
RE1,S21,LNDBLT,LBLT,2022,1.7842
RE1,S21,LNDBLT,LBLT,2023,1.8347
RE1,S21,LNDBLT,LBLT,2024,1.902
RE1,S21,LNDBLT,LBLT,2025,1.9525
RE1,S21,LNDBLT,LBLT,2026,2.003
RE1,S21,LNDBLT,LBLT,2027,2.0703
RE1,S21,LNDBLT,LBLT,2028,2.1376
RE1,S21,LNDBLT,LBLT,2029,2.1881
RE1,S21,LNDBLT,LBLT,2030,2.2554
RE1,S21,LNDBLT,LBLT,2031,2.3228
RE1,S21,LNDBLT,LBLT,2032,2.4069
RE1,S21,LNDBLT,LBLT,2033,2.4743
RE1,S21,LNDBLT,LBLT,2034,2.5416
RE1,S21,LNDBLT,LBLT,2035,2.6257
RE1,S21,LNDBLT,WTREVT,2020,1.2624
RE1,S21,LNDBLT,WTREVT,2021,1.3002
RE1,S21,LNDBLT,WTREVT,2022,1.3381
RE1,S21,LNDBLT,WTREVT,2023,1.376
RE1,S21,LNDBLT,WTREVT,2024,1.4265
RE1,S21,LNDBLT,WTREVT,2025,1.4644
RE1,S21,LNDBLT,WTREVT,2026,1.5022
RE1,S21,LNDBLT,WTREVT,2027,1.5527
RE1,S21,LNDBLT,WTREVT,2028,1.6032
RE1,S21,LNDBLT,WTREVT,2029,1.6411
RE1,S21,LNDBLT,WTREVT,2030,1.6916
RE1,S21,LNDBLT,WTREVT,2031,1.7421
RE1,S21,LNDBLT,WTREVT,2032,1.8052
RE1,S21,LNDBLT,WTREVT,2033,1.8557
RE1,S21,LNDBLT,WTREVT,2034,1.9062
RE1,S21,LNDBLT,WTREVT,2035,1.9693
RE1,S21,LNDBLT,WTRGWT,2020,0.0673
RE1,S21,LNDBLT,WTRGWT,2021,0.0693
RE1,S21,LNDBLT,WTRGWT,2022,0.0714
RE1,S21,LNDBLT,WTRGWT,2023,0.0734
RE1,S21,LNDBLT,WTRGWT,2024,0.0761
RE1,S21,LNDBLT,WTRGWT,2025,0.0781
RE1,S21,LNDBLT,WTRGWT,2026,0.0801
RE1,S21,LNDBLT,WTRGWT,2027,0.0828
RE1,S21,LNDBLT,WTRGWT,2028,0.0855
RE1,S21,LNDBLT,WTRGWT,2029,0.0875
RE1,S21,LNDBLT,WTRGWT,2030,0.0902
RE1,S21,LNDBLT,WTRGWT,2031,0.0929
RE1,S21,LNDBLT,WTRGWT,2032,0.0963
RE1,S21,LNDBLT,WTRGWT,2033,0.099
RE1,S21,LNDBLT,WTRGWT,2034,0.1017
RE1,S21,LNDBLT,WTRGWT,2035,0.105
RE1,S21,LNDBLT,WTRSUR,2020,0.6901
RE1,S21,LNDBLT,WTRSUR,2021,0.7108
RE1,S21,LNDBLT,WTRSUR,2022,0.7315
RE1,S21,LNDBLT,WTRSUR,2023,0.7522
RE1,S21,LNDBLT,WTRSUR,2024,0.7798
RE1,S21,LNDBLT,WTRSUR,2025,0.8005
RE1,S21,LNDBLT,WTRSUR,2026,0.8212
RE1,S21,LNDBLT,WTRSUR,2027,0.8488
RE1,S21,LNDBLT,WTRSUR,2028,0.8764
RE1,S21,LNDBLT,WTRSUR,2029,0.8971
RE1,S21,LNDBLT,WTRSUR,2030,0.9247
RE1,S21,LNDBLT,WTRSUR,2031,0.9523
RE1,S21,LNDBLT,WTRSUR,2032,0.9868
RE1,S21,LNDBLT,WTRSUR,2033,1.0144
RE1,S21,LNDBLT,WTRSUR,2034,1.042
RE1,S21,LNDBLT,WTRSUR,2035,1.0766
RE1,S21,LNDFOR,LFOR,2020,29.4554
RE1,S21,LNDFOR,LFOR,2021,29.0599
RE1,S21,LNDFOR,LFOR,2022,28.6812
RE1,S21,LNDFOR,LFOR,2023,28.2646
RE1,S21,LNDFOR,LFOR,2024,27.8312
RE1,S21,LNDFOR,LFOR,2025,26.573
RE1,S21,LNDFOR,LFOR,2026,26.1396
RE1,S21,LNDFOR,LFOR,2027,25.6894
RE1,S21,LNDFOR,LFOR,2028,25.2181
RE1,S21,LNDFOR,LFOR,2029,24.7426
RE1,S21,LNDFOR,LFOR,2030,24.2713
RE1,S21,LNDFOR,LFOR,2031,23.7621
RE1,S21,LNDFOR,LFOR,2032,23.253
RE1,S21,LNDFOR,LFOR,2033,22.727
RE1,S21,LNDFOR,LFOR,2034,22.1968
RE1,S21,LNDFOR,LFOR,2035,21.6498
RE1,S21,LNDFOR,WTREVT,2020,25.0371
RE1,S21,LNDFOR,WTREVT,2021,24.7009
RE1,S21,LNDFOR,WTREVT,2022,24.379
RE1,S21,LNDFOR,WTREVT,2023,24.0249
RE1,S21,LNDFOR,WTREVT,2024,23.6565
RE1,S21,LNDFOR,WTREVT,2025,22.5871
RE1,S21,LNDFOR,WTREVT,2026,22.2187
RE1,S21,LNDFOR,WTREVT,2027,21.836
RE1,S21,LNDFOR,WTREVT,2028,21.4354
RE1,S21,LNDFOR,WTREVT,2029,21.0312
RE1,S21,LNDFOR,WTREVT,2030,20.6306
RE1,S21,LNDFOR,WTREVT,2031,20.1978
RE1,S21,LNDFOR,WTREVT,2032,19.765
RE1,S21,LNDFOR,WTREVT,2033,19.3179
RE1,S21,LNDFOR,WTREVT,2034,18.8673
RE1,S21,LNDFOR,WTREVT,2035,18.4023
RE1,S21,LNDFOR,WTRGWT,2020,0.8837
RE1,S21,LNDFOR,WTRGWT,2021,0.8718
RE1,S21,LNDFOR,WTRGWT,2022,0.8604
RE1,S21,LNDFOR,WTRGWT,2023,0.8479
RE1,S21,LNDFOR,WTRGWT,2024,0.8349
RE1,S21,LNDFOR,WTRGWT,2025,0.7972
RE1,S21,LNDFOR,WTRGWT,2026,0.7842
RE1,S21,LNDFOR,WTRGWT,2027,0.7707
RE1,S21,LNDFOR,WTRGWT,2028,0.7565
RE1,S21,LNDFOR,WTRGWT,2029,0.7423
RE1,S21,LNDFOR,WTRGWT,2030,0.7281
RE1,S21,LNDFOR,WTRGWT,2031,0.7129
RE1,S21,LNDFOR,WTRGWT,2032,0.6976
RE1,S21,LNDFOR,WTRGWT,2033,0.6818
RE1,S21,LNDFOR,WTRGWT,2034,0.6659
RE1,S21,LNDFOR,WTRGWT,2035,0.6495
RE1,S21,LNDFOR,WTRSUR,2020,9.4257
RE1,S21,LNDFOR,WTRSUR,2021,9.2992
RE1,S21,LNDFOR,WTRSUR,2022,9.178
RE1,S21,LNDFOR,WTRSUR,2023,9.0447
RE1,S21,LNDFOR,WTRSUR,2024,8.906
RE1,S21,LNDFOR,WTRSUR,2025,8.5034
RE1,S21,LNDFOR,WTRSUR,2026,8.3647
RE1,S21,LNDFOR,WTRSUR,2027,8.2206
RE1,S21,LNDFOR,WTRSUR,2028,8.0698
RE1,S21,LNDFOR,WTRSUR,2029,7.9176
RE1,S21,LNDFOR,WTRSUR,2030,7.7668
RE1,S21,LNDFOR,WTRSUR,2031,7.6039
RE1,S21,LNDFOR,WTRSUR,2032,7.441
RE1,S21,LNDFOR,WTRSUR,2033,7.2726
RE1,S21,LNDFOR,WTRSUR,2034,7.103
RE1,S21,LNDFOR,WTRSUR,2035,6.9279
RE1,S21,LNDMAIHI,CRPMAI,2020,0.0
RE1,S21,LNDMAIHI,CRPMAI,2021,0.0
RE1,S21,LNDMAIHI,CRPMAI,2022,0.0
RE1,S21,LNDMAIHI,CRPMAI,2023,0.0
RE1,S21,LNDMAIHI,CRPMAI,2024,0.0
RE1,S21,LNDMAIHI,CRPMAI,2025,0.0
RE1,S21,LNDMAIHI,CRPMAI,2026,0.0
RE1,S21,LNDMAIHI,CRPMAI,2027,0.0
RE1,S21,LNDMAIHI,CRPMAI,2028,0.0
RE1,S21,LNDMAIHI,CRPMAI,2029,0.0
RE1,S21,LNDMAIHI,CRPMAI,2030,0.0
RE1,S21,LNDMAIHI,CRPMAI,2031,0.0
RE1,S21,LNDMAIHI,CRPMAI,2032,0.0
RE1,S21,LNDMAIHI,CRPMAI,2033,0.0
RE1,S21,LNDMAIHI,CRPMAI,2034,0.0
RE1,S21,LNDMAIHI,CRPMAI,2035,0.0
RE1,S21,LNDMAIHI,WTREVT,2020,0.0
RE1,S21,LNDMAIHI,WTREVT,2021,0.0
RE1,S21,LNDMAIHI,WTREVT,2022,0.0
RE1,S21,LNDMAIHI,WTREVT,2023,0.0
RE1,S21,LNDMAIHI,WTREVT,2024,0.0
RE1,S21,LNDMAIHI,WTREVT,2025,0.0
RE1,S21,LNDMAIHI,WTREVT,2026,0.0
RE1,S21,LNDMAIHI,WTREVT,2027,0.0
RE1,S21,LNDMAIHI,WTREVT,2028,0.0
RE1,S21,LNDMAIHI,WTREVT,2029,0.0
RE1,S21,LNDMAIHI,WTREVT,2030,0.0
RE1,S21,LNDMAIHI,WTREVT,2031,0.0
RE1,S21,LNDMAIHI,WTREVT,2032,0.0
RE1,S21,LNDMAIHI,WTREVT,2033,0.0
RE1,S21,LNDMAIHI,WTREVT,2034,0.0
RE1,S21,LNDMAIHI,WTREVT,2035,0.0
RE1,S21,LNDMAIHI,WTRGWT,2020,0.0
RE1,S21,LNDMAIHI,WTRGWT,2021,0.0
RE1,S21,LNDMAIHI,WTRGWT,2022,0.0
RE1,S21,LNDMAIHI,WTRGWT,2023,0.0
RE1,S21,LNDMAIHI,WTRGWT,2024,0.0
RE1,S21,LNDMAIHI,WTRGWT,2025,0.0
RE1,S21,LNDMAIHI,WTRGWT,2026,0.0
RE1,S21,LNDMAIHI,WTRGWT,2027,0.0
RE1,S21,LNDMAIHI,WTRGWT,2028,0.0
RE1,S21,LNDMAIHI,WTRGWT,2029,0.0
RE1,S21,LNDMAIHI,WTRGWT,2030,0.0
RE1,S21,LNDMAIHI,WTRGWT,2031,0.0
RE1,S21,LNDMAIHI,WTRGWT,2032,0.0
RE1,S21,LNDMAIHI,WTRGWT,2033,0.0
RE1,S21,LNDMAIHI,WTRGWT,2034,0.0
RE1,S21,LNDMAIHI,WTRGWT,2035,0.0
RE1,S21,LNDMAIHI,WTRSUR,2020,0.0
RE1,S21,LNDMAIHI,WTRSUR,2021,0.0
RE1,S21,LNDMAIHI,WTRSUR,2022,0.0
RE1,S21,LNDMAIHI,WTRSUR,2023,0.0
RE1,S21,LNDMAIHI,WTRSUR,2024,0.0
RE1,S21,LNDMAIHI,WTRSUR,2025,0.0
RE1,S21,LNDMAIHI,WTRSUR,2026,0.0
RE1,S21,LNDMAIHI,WTRSUR,2027,0.0
RE1,S21,LNDMAIHI,WTRSUR,2028,0.0
RE1,S21,LNDMAIHI,WTRSUR,2029,0.0
RE1,S21,LNDMAIHI,WTRSUR,2030,0.0
RE1,S21,LNDMAIHI,WTRSUR,2031,0.0
RE1,S21,LNDMAIHI,WTRSUR,2032,0.0
RE1,S21,LNDMAIHI,WTRSUR,2033,0.0
RE1,S21,LNDMAIHI,WTRSUR,2034,0.0
RE1,S21,LNDMAIHI,WTRSUR,2035,0.0
RE1,S21,LNDMAIHR,CRPMAI,2020,6.7327
RE1,S21,LNDMAIHR,CRPMAI,2021,6.901
RE1,S21,LNDMAIHR,CRPMAI,2022,7.0693
RE1,S21,LNDMAIHR,CRPMAI,2023,7.2545
RE1,S21,LNDMAIHR,CRPMAI,2024,7.4396
RE1,S21,LNDMAIHR,CRPMAI,2025,7.6248
RE1,S21,LNDMAIHR,CRPMAI,2026,7.8099
RE1,S21,LNDMAIHR,CRPMAI,2027,7.995
RE1,S21,LNDMAIHR,CRPMAI,2028,8.197
RE1,S21,LNDMAIHR,CRPMAI,2029,8.4158
RE1,S21,LNDMAIHR,CRPMAI,2030,8.6178
RE1,S21,LNDMAIHR,CRPMAI,2031,8.8366
RE1,S21,LNDMAIHR,CRPMAI,2032,9.0554
RE1,S21,LNDMAIHR,CRPMAI,2033,9.2743
RE1,S21,LNDMAIHR,CRPMAI,2034,9.5099
RE1,S21,LNDMAIHR,CRPMAI,2035,9.7455
RE1,S21,LNDMAIHR,WTREVT,2020,3.3663
RE1,S21,LNDMAIHR,WTREVT,2021,3.4505
RE1,S21,LNDMAIHR,WTREVT,2022,3.5347
RE1,S21,LNDMAIHR,WTREVT,2023,3.6272
RE1,S21,LNDMAIHR,WTREVT,2024,3.7198
RE1,S21,LNDMAIHR,WTREVT,2025,3.8124
RE1,S21,LNDMAIHR,WTREVT,2026,3.905
RE1,S21,LNDMAIHR,WTREVT,2027,3.9975
RE1,S21,LNDMAIHR,WTREVT,2028,4.0985
RE1,S21,LNDMAIHR,WTREVT,2029,4.2079
RE1,S21,LNDMAIHR,WTREVT,2030,4.3089
RE1,S21,LNDMAIHR,WTREVT,2031,4.4183
RE1,S21,LNDMAIHR,WTREVT,2032,4.5277
RE1,S21,LNDMAIHR,WTREVT,2033,4.6371
RE1,S21,LNDMAIHR,WTREVT,2034,4.755
RE1,S21,LNDMAIHR,WTREVT,2035,4.8728
RE1,S21,LNDMAIHR,WTRGWT,2020,0.6733
RE1,S21,LNDMAIHR,WTRGWT,2021,0.6901
RE1,S21,LNDMAIHR,WTRGWT,2022,0.7069
RE1,S21,LNDMAIHR,WTRGWT,2023,0.7254
RE1,S21,LNDMAIHR,WTRGWT,2024,0.744
RE1,S21,LNDMAIHR,WTRGWT,2025,0.7625
RE1,S21,LNDMAIHR,WTRGWT,2026,0.781
RE1,S21,LNDMAIHR,WTRGWT,2027,0.7995
RE1,S21,LNDMAIHR,WTRGWT,2028,0.8197
RE1,S21,LNDMAIHR,WTRGWT,2029,0.8416
RE1,S21,LNDMAIHR,WTRGWT,2030,0.8618
RE1,S21,LNDMAIHR,WTRGWT,2031,0.8837
RE1,S21,LNDMAIHR,WTRGWT,2032,0.9055
RE1,S21,LNDMAIHR,WTRGWT,2033,0.9274
RE1,S21,LNDMAIHR,WTRGWT,2034,0.951
RE1,S21,LNDMAIHR,WTRGWT,2035,0.9746
RE1,S21,LNDMAIHR,WTRSUR,2020,6.0594
RE1,S21,LNDMAIHR,WTRSUR,2021,6.2109
RE1,S21,LNDMAIHR,WTRSUR,2022,6.3624
RE1,S21,LNDMAIHR,WTRSUR,2023,6.529
RE1,S21,LNDMAIHR,WTRSUR,2024,6.6956
RE1,S21,LNDMAIHR,WTRSUR,2025,6.8623
RE1,S21,LNDMAIHR,WTRSUR,2026,7.0289
RE1,S21,LNDMAIHR,WTRSUR,2027,7.1955
RE1,S21,LNDMAIHR,WTRSUR,2028,7.3773
RE1,S21,LNDMAIHR,WTRSUR,2029,7.5743
RE1,S21,LNDMAIHR,WTRSUR,2030,7.756
RE1,S21,LNDMAIHR,WTRSUR,2031,7.953
RE1,S21,LNDMAIHR,WTRSUR,2032,8.1499
RE1,S21,LNDMAIHR,WTRSUR,2033,8.3468
RE1,S21,LNDMAIHR,WTRSUR,2034,8.5589
RE1,S21,LNDMAIHR,WTRSUR,2035,8.771
RE1,S21,LNDRICHI,CRPRIC,2020,0.0
RE1,S21,LNDRICHI,CRPRIC,2021,0.0
RE1,S21,LNDRICHI,CRPRIC,2022,0.0
RE1,S21,LNDRICHI,CRPRIC,2023,0.0
RE1,S21,LNDRICHI,CRPRIC,2024,0.0
RE1,S21,LNDRICHI,CRPRIC,2025,0.0
RE1,S21,LNDRICHI,CRPRIC,2026,0.0
RE1,S21,LNDRICHI,CRPRIC,2027,0.0
RE1,S21,LNDRICHI,CRPRIC,2028,0.0
RE1,S21,LNDRICHI,CRPRIC,2029,0.0
RE1,S21,LNDRICHI,CRPRIC,2030,0.0
RE1,S21,LNDRICHI,CRPRIC,2031,0.0
RE1,S21,LNDRICHI,CRPRIC,2032,0.0
RE1,S21,LNDRICHI,CRPRIC,2033,0.0
RE1,S21,LNDRICHI,CRPRIC,2034,0.0
RE1,S21,LNDRICHI,CRPRIC,2035,0.0
RE1,S21,LNDRICHI,WTREVT,2020,0.0
RE1,S21,LNDRICHI,WTREVT,2021,0.0
RE1,S21,LNDRICHI,WTREVT,2022,0.0
RE1,S21,LNDRICHI,WTREVT,2023,0.0
RE1,S21,LNDRICHI,WTREVT,2024,0.0
RE1,S21,LNDRICHI,WTREVT,2025,0.0
RE1,S21,LNDRICHI,WTREVT,2026,0.0
RE1,S21,LNDRICHI,WTREVT,2027,0.0
RE1,S21,LNDRICHI,WTREVT,2028,0.0
RE1,S21,LNDRICHI,WTREVT,2029,0.0
RE1,S21,LNDRICHI,WTREVT,2030,0.0
RE1,S21,LNDRICHI,WTREVT,2031,0.0
RE1,S21,LNDRICHI,WTREVT,2032,0.0
RE1,S21,LNDRICHI,WTREVT,2033,0.0
RE1,S21,LNDRICHI,WTREVT,2034,0.0
RE1,S21,LNDRICHI,WTREVT,2035,0.0
RE1,S21,LNDRICHI,WTRGWT,2020,0.0
RE1,S21,LNDRICHI,WTRGWT,2021,0.0
RE1,S21,LNDRICHI,WTRGWT,2022,0.0
RE1,S21,LNDRICHI,WTRGWT,2023,0.0
RE1,S21,LNDRICHI,WTRGWT,2024,0.0
RE1,S21,LNDRICHI,WTRGWT,2025,0.0
RE1,S21,LNDRICHI,WTRGWT,2026,0.0
RE1,S21,LNDRICHI,WTRGWT,2027,0.0
RE1,S21,LNDRICHI,WTRGWT,2028,0.0
RE1,S21,LNDRICHI,WTRGWT,2029,0.0
RE1,S21,LNDRICHI,WTRGWT,2030,0.0
RE1,S21,LNDRICHI,WTRGWT,2031,0.0
RE1,S21,LNDRICHI,WTRGWT,2032,0.0
RE1,S21,LNDRICHI,WTRGWT,2033,0.0
RE1,S21,LNDRICHI,WTRGWT,2034,0.0
RE1,S21,LNDRICHI,WTRGWT,2035,0.0
RE1,S21,LNDRICHI,WTRSUR,2020,0.0
RE1,S21,LNDRICHI,WTRSUR,2021,0.0
RE1,S21,LNDRICHI,WTRSUR,2022,0.0
RE1,S21,LNDRICHI,WTRSUR,2023,0.0
RE1,S21,LNDRICHI,WTRSUR,2024,0.0
RE1,S21,LNDRICHI,WTRSUR,2025,0.0
RE1,S21,LNDRICHI,WTRSUR,2026,0.0
RE1,S21,LNDRICHI,WTRSUR,2027,0.0
RE1,S21,LNDRICHI,WTRSUR,2028,0.0
RE1,S21,LNDRICHI,WTRSUR,2029,0.0
RE1,S21,LNDRICHI,WTRSUR,2030,0.0
RE1,S21,LNDRICHI,WTRSUR,2031,0.0
RE1,S21,LNDRICHI,WTRSUR,2032,0.0
RE1,S21,LNDRICHI,WTRSUR,2033,0.0
RE1,S21,LNDRICHI,WTRSUR,2034,0.0
RE1,S21,LNDRICHI,WTRSUR,2035,0.0
RE1,S21,LNDRICHR,CRPRIC,2020,5.0495
RE1,S21,LNDRICHR,CRPRIC,2021,5.1842
RE1,S21,LNDRICHR,CRPRIC,2022,5.302
RE1,S21,LNDRICHR,CRPRIC,2023,5.4366
RE1,S21,LNDRICHR,CRPRIC,2024,5.5713
RE1,S21,LNDRICHR,CRPRIC,2025,5.7059
RE1,S21,LNDRICHR,CRPRIC,2026,5.8574
RE1,S21,LNDRICHR,CRPRIC,2027,6.0089
RE1,S21,LNDRICHR,CRPRIC,2028,6.1604
RE1,S21,LNDRICHR,CRPRIC,2029,6.3119
RE1,S21,LNDRICHR,CRPRIC,2030,6.4634
RE1,S21,LNDRICHR,CRPRIC,2031,6.6317
RE1,S21,LNDRICHR,CRPRIC,2032,6.7832
RE1,S21,LNDRICHR,CRPRIC,2033,6.9683
RE1,S21,LNDRICHR,CRPRIC,2034,7.1366
RE1,S21,LNDRICHR,CRPRIC,2035,7.305
RE1,S21,LNDRICHR,WTREVT,2020,3.0297
RE1,S21,LNDRICHR,WTREVT,2021,3.1105
RE1,S21,LNDRICHR,WTREVT,2022,3.1812
RE1,S21,LNDRICHR,WTREVT,2023,3.262
RE1,S21,LNDRICHR,WTREVT,2024,3.3428
RE1,S21,LNDRICHR,WTREVT,2025,3.4236
RE1,S21,LNDRICHR,WTREVT,2026,3.5145
RE1,S21,LNDRICHR,WTREVT,2027,3.6053
RE1,S21,LNDRICHR,WTREVT,2028,3.6962
RE1,S21,LNDRICHR,WTREVT,2029,3.7871
RE1,S21,LNDRICHR,WTREVT,2030,3.878
RE1,S21,LNDRICHR,WTREVT,2031,3.979
RE1,S21,LNDRICHR,WTREVT,2032,4.0699
RE1,S21,LNDRICHR,WTREVT,2033,4.181
RE1,S21,LNDRICHR,WTREVT,2034,4.282
RE1,S21,LNDRICHR,WTREVT,2035,4.383
RE1,S21,LNDRICHR,WTRGWT,2020,0.303
RE1,S21,LNDRICHR,WTRGWT,2021,0.311
RE1,S21,LNDRICHR,WTRGWT,2022,0.3181
RE1,S21,LNDRICHR,WTRGWT,2023,0.3262
RE1,S21,LNDRICHR,WTRGWT,2024,0.3343
RE1,S21,LNDRICHR,WTRGWT,2025,0.3424
RE1,S21,LNDRICHR,WTRGWT,2026,0.3514
RE1,S21,LNDRICHR,WTRGWT,2027,0.3605
RE1,S21,LNDRICHR,WTRGWT,2028,0.3696
RE1,S21,LNDRICHR,WTRGWT,2029,0.3787
RE1,S21,LNDRICHR,WTRGWT,2030,0.3878
RE1,S21,LNDRICHR,WTRGWT,2031,0.3979
RE1,S21,LNDRICHR,WTRGWT,2032,0.407
RE1,S21,LNDRICHR,WTRGWT,2033,0.4181
RE1,S21,LNDRICHR,WTRGWT,2034,0.4282
RE1,S21,LNDRICHR,WTRGWT,2035,0.4383
RE1,S21,LNDRICHR,WTRSUR,2020,2.7267
RE1,S21,LNDRICHR,WTRSUR,2021,2.7994
RE1,S21,LNDRICHR,WTRSUR,2022,2.8631
RE1,S21,LNDRICHR,WTRSUR,2023,2.9358
RE1,S21,LNDRICHR,WTRSUR,2024,3.0085
RE1,S21,LNDRICHR,WTRSUR,2025,3.0812
RE1,S21,LNDRICHR,WTRSUR,2026,3.163
RE1,S21,LNDRICHR,WTRSUR,2027,3.2448
RE1,S21,LNDRICHR,WTRSUR,2028,3.3266
RE1,S21,LNDRICHR,WTRSUR,2029,3.4084
RE1,S21,LNDRICHR,WTRSUR,2030,3.4902
RE1,S21,LNDRICHR,WTRSUR,2031,3.5811
RE1,S21,LNDRICHR,WTRSUR,2032,3.6629
RE1,S21,LNDRICHR,WTRSUR,2033,3.7629
RE1,S21,LNDRICHR,WTRSUR,2034,3.8538
RE1,S21,LNDRICHR,WTRSUR,2035,3.9447
RE1,S21,LNDWAT,LWAT,2020,5.8911
RE1,S21,LNDWAT,LWAT,2021,5.8911
RE1,S21,LNDWAT,LWAT,2022,5.8911
RE1,S21,LNDWAT,LWAT,2023,5.8911
RE1,S21,LNDWAT,LWAT,2024,5.8911
RE1,S21,LNDWAT,LWAT,2025,6.7327
RE1,S21,LNDWAT,LWAT,2026,6.7327
RE1,S21,LNDWAT,LWAT,2027,6.7327
RE1,S21,LNDWAT,LWAT,2028,6.7327
RE1,S21,LNDWAT,LWAT,2029,6.7327
RE1,S21,LNDWAT,LWAT,2030,6.7327
RE1,S21,LNDWAT,LWAT,2031,6.7327
RE1,S21,LNDWAT,LWAT,2032,6.7327
RE1,S21,LNDWAT,LWAT,2033,6.7327
RE1,S21,LNDWAT,LWAT,2034,6.7327
RE1,S21,LNDWAT,LWAT,2035,6.7327
RE1,S21,LNDWAT,WTREVT,2020,2.3564
RE1,S21,LNDWAT,WTREVT,2021,2.3564
RE1,S21,LNDWAT,WTREVT,2022,2.3564
RE1,S21,LNDWAT,WTREVT,2023,2.3564
RE1,S21,LNDWAT,WTREVT,2024,2.3564
RE1,S21,LNDWAT,WTREVT,2025,2.6931
RE1,S21,LNDWAT,WTREVT,2026,2.6931
RE1,S21,LNDWAT,WTREVT,2027,2.6931
RE1,S21,LNDWAT,WTREVT,2028,2.6931
RE1,S21,LNDWAT,WTREVT,2029,2.6931
RE1,S21,LNDWAT,WTREVT,2030,2.6931
RE1,S21,LNDWAT,WTREVT,2031,2.6931
RE1,S21,LNDWAT,WTREVT,2032,2.6931
RE1,S21,LNDWAT,WTREVT,2033,2.6931
RE1,S21,LNDWAT,WTREVT,2034,2.6931
RE1,S21,LNDWAT,WTREVT,2035,2.6931
RE1,S21,LNDWAT,WTRGWT,2020,0.4713
RE1,S21,LNDWAT,WTRGWT,2021,0.4713
RE1,S21,LNDWAT,WTRGWT,2022,0.4713
RE1,S21,LNDWAT,WTRGWT,2023,0.4713
RE1,S21,LNDWAT,WTRGWT,2024,0.4713
RE1,S21,LNDWAT,WTRGWT,2025,0.5386
RE1,S21,LNDWAT,WTRGWT,2026,0.5386
RE1,S21,LNDWAT,WTRGWT,2027,0.5386
RE1,S21,LNDWAT,WTRGWT,2028,0.5386
RE1,S21,LNDWAT,WTRGWT,2029,0.5386
RE1,S21,LNDWAT,WTRGWT,2030,0.5386
RE1,S21,LNDWAT,WTRGWT,2031,0.5386
RE1,S21,LNDWAT,WTRGWT,2032,0.5386
RE1,S21,LNDWAT,WTRGWT,2033,0.5386
RE1,S21,LNDWAT,WTRGWT,2034,0.5386
RE1,S21,LNDWAT,WTRGWT,2035,0.5386
RE1,S21,LNDWAT,WTRSUR,2020,4.2416
RE1,S21,LNDWAT,WTRSUR,2021,4.2416
RE1,S21,LNDWAT,WTRSUR,2022,4.2416
RE1,S21,LNDWAT,WTRSUR,2023,4.2416
RE1,S21,LNDWAT,WTRSUR,2024,4.2416
RE1,S21,LNDWAT,WTRSUR,2025,4.8475
RE1,S21,LNDWAT,WTRSUR,2026,4.8475
RE1,S21,LNDWAT,WTRSUR,2027,4.8475
RE1,S21,LNDWAT,WTRSUR,2028,4.8475
RE1,S21,LNDWAT,WTRSUR,2029,4.8475
RE1,S21,LNDWAT,WTRSUR,2030,4.8475
RE1,S21,LNDWAT,WTRSUR,2031,4.8475
RE1,S21,LNDWAT,WTRSUR,2032,4.8475
RE1,S21,LNDWAT,WTRSUR,2033,4.8475
RE1,S21,LNDWAT,WTRSUR,2034,4.8475
RE1,S21,LNDWAT,WTRSUR,2035,4.8475
RE1,S21,MINCOA,COA,2020,44.5229
RE1,S21,MINCOA,COA,2021,46.3049
RE1,S21,MINCOA,COA,2022,47.4929
RE1,S21,MINCOA,COA,2023,49.2749
RE1,S21,MINCOA,COA,2024,50.4629
RE1,S21,MINCOA,COA,2025,48.2241
RE1,S21,MINCOA,COA,2026,50.0061
RE1,S21,MINCOA,COA,2027,49.0412
RE1,S21,MINCOA,COA,2028,47.3582
RE1,S21,MINCOA,COA,2029,45.6752
RE1,S21,MINCOA,COA,2030,27.6489
RE1,S21,MINCOA,COA,2031,28.4336
RE1,S21,MINCOA,COA,2032,29.2182
RE1,S21,MINCOA,COA,2033,30.2644
RE1,S21,MINCOA,COA,2034,31.0491
RE1,S21,MINCOA,COA,2035,32.0953
RE1,S21,MINGAS,GAS,2020,0.0
RE1,S21,MINGAS,GAS,2021,0.0
RE1,S21,MINGAS,GAS,2022,0.0
RE1,S21,MINGAS,GAS,2023,0.0
RE1,S21,MINGAS,GAS,2024,0.0
RE1,S21,MINGAS,GAS,2025,0.0
RE1,S21,MINGAS,GAS,2026,0.0
RE1,S21,MINGAS,GAS,2027,0.0
RE1,S21,MINGAS,GAS,2028,0.0
RE1,S21,MINGAS,GAS,2029,0.0
RE1,S21,MINGAS,GAS,2030,0.0
RE1,S21,MINGAS,GAS,2031,0.0
RE1,S21,MINGAS,GAS,2032,0.0
RE1,S21,MINGAS,GAS,2033,0.0
RE1,S21,MINGAS,GAS,2034,0.0
RE1,S21,MINGAS,GAS,2035,0.0
RE1,S21,MINHYD,HYD,2020,2.6806
RE1,S21,MINHYD,HYD,2021,2.6806
RE1,S21,MINHYD,HYD,2022,2.6806
RE1,S21,MINHYD,HYD,2023,2.6806
RE1,S21,MINHYD,HYD,2024,2.6806
RE1,S21,MINHYD,HYD,2025,4.0208
RE1,S21,MINHYD,HYD,2026,4.0208
RE1,S21,MINHYD,HYD,2027,4.0208
RE1,S21,MINHYD,HYD,2028,4.0208
RE1,S21,MINHYD,HYD,2029,4.0208
RE1,S21,MINHYD,HYD,2030,4.0208
RE1,S21,MINHYD,HYD,2031,4.0208
RE1,S21,MINHYD,HYD,2032,4.0208
RE1,S21,MINHYD,HYD,2033,4.0208
RE1,S21,MINHYD,HYD,2034,4.0208
RE1,S21,MINHYD,HYD,2035,4.0208
RE1,S21,MINLND,LND,2020,50.495
RE1,S21,MINLND,LND,2021,50.495
RE1,S21,MINLND,LND,2022,50.495
RE1,S21,MINLND,LND,2023,50.495
RE1,S21,MINLND,LND,2024,50.495
RE1,S21,MINLND,LND,2025,50.495
RE1,S21,MINLND,LND,2026,50.495
RE1,S21,MINLND,LND,2027,50.495
RE1,S21,MINLND,LND,2028,50.495
RE1,S21,MINLND,LND,2029,50.495
RE1,S21,MINLND,LND,2030,50.495
RE1,S21,MINLND,LND,2031,50.495
RE1,S21,MINLND,LND,2032,50.495
RE1,S21,MINLND,LND,2033,50.495
RE1,S21,MINLND,LND,2034,50.495
RE1,S21,MINLND,LND,2035,50.495
RE1,S21,MINPRC,WTRPRC,2020,60.5941
RE1,S21,MINPRC,WTRPRC,2021,60.5941
RE1,S21,MINPRC,WTRPRC,2022,60.5941
RE1,S21,MINPRC,WTRPRC,2023,60.5941
RE1,S21,MINPRC,WTRPRC,2024,60.5941
RE1,S21,MINPRC,WTRPRC,2025,60.5941
RE1,S21,MINPRC,WTRPRC,2026,60.5941
RE1,S21,MINPRC,WTRPRC,2027,60.5941
RE1,S21,MINPRC,WTRPRC,2028,60.5941
RE1,S21,MINPRC,WTRPRC,2029,60.5941
RE1,S21,MINPRC,WTRPRC,2030,60.5941
RE1,S21,MINPRC,WTRPRC,2031,60.5941
RE1,S21,MINPRC,WTRPRC,2032,60.5941
RE1,S21,MINPRC,WTRPRC,2033,60.5941
RE1,S21,MINPRC,WTRPRC,2034,60.5941
RE1,S21,MINPRC,WTRPRC,2035,60.5941
RE1,S21,MINSOL,SOL,2020,0.9382
RE1,S21,MINSOL,SOL,2021,0.9382
RE1,S21,MINSOL,SOL,2022,0.9382
RE1,S21,MINSOL,SOL,2023,0.9382
RE1,S21,MINSOL,SOL,2024,0.9382
RE1,S21,MINSOL,SOL,2025,0.9382
RE1,S21,MINSOL,SOL,2026,0.9382
RE1,S21,MINSOL,SOL,2027,0.9382
RE1,S21,MINSOL,SOL,2028,0.9382
RE1,S21,MINSOL,SOL,2029,0.9382
RE1,S21,MINSOL,SOL,2030,0.9382
RE1,S21,MINSOL,SOL,2031,0.9382
RE1,S21,MINSOL,SOL,2032,0.9382
RE1,S21,MINSOL,SOL,2033,0.9382
RE1,S21,MINSOL,SOL,2034,0.9382
RE1,S21,MINSOL,SOL,2035,0.9382
RE1,S21,MINWND,WND,2020,1.3403
RE1,S21,MINWND,WND,2021,1.3403
RE1,S21,MINWND,WND,2022,1.3403
RE1,S21,MINWND,WND,2023,1.3403
RE1,S21,MINWND,WND,2024,1.3403
RE1,S21,MINWND,WND,2025,1.3403
RE1,S21,MINWND,WND,2026,1.3403
RE1,S21,MINWND,WND,2027,2.2559
RE1,S21,MINWND,WND,2028,3.4109
RE1,S21,MINWND,WND,2029,4.5659
RE1,S21,MINWND,WND,2030,11.1687
RE1,S21,MINWND,WND,2031,11.5011
RE1,S21,MINWND,WND,2032,11.8336
RE1,S21,MINWND,WND,2033,12.2768
RE1,S21,MINWND,WND,2034,12.6093
RE1,S21,MINWND,WND,2035,13.0525
RE1,S21,PWRCOA,ELC001,2020,14.841
RE1,S21,PWRCOA,ELC001,2021,15.435
RE1,S21,PWRCOA,ELC001,2022,15.831
RE1,S21,PWRCOA,ELC001,2023,16.425
RE1,S21,PWRCOA,ELC001,2024,16.821
RE1,S21,PWRCOA,ELC001,2025,16.0747
RE1,S21,PWRCOA,ELC001,2026,16.6687
RE1,S21,PWRCOA,ELC001,2027,16.3471
RE1,S21,PWRCOA,ELC001,2028,15.7861
RE1,S21,PWRCOA,ELC001,2029,15.2251
RE1,S21,PWRCOA,ELC001,2030,9.2163
RE1,S21,PWRCOA,ELC001,2031,9.4779
RE1,S21,PWRCOA,ELC001,2032,9.7394
RE1,S21,PWRCOA,ELC001,2033,10.0882
RE1,S21,PWRCOA,ELC001,2034,10.3497
RE1,S21,PWRCOA,ELC001,2035,10.6984
RE1,S21,PWRGAS,ELC001,2020,0.0
RE1,S21,PWRGAS,ELC001,2021,0.0
RE1,S21,PWRGAS,ELC001,2022,0.0
RE1,S21,PWRGAS,ELC001,2023,0.0
RE1,S21,PWRGAS,ELC001,2024,0.0
RE1,S21,PWRGAS,ELC001,2025,0.0
RE1,S21,PWRGAS,ELC001,2026,0.0
RE1,S21,PWRGAS,ELC001,2027,0.0
RE1,S21,PWRGAS,ELC001,2028,0.0
RE1,S21,PWRGAS,ELC001,2029,0.0
RE1,S21,PWRGAS,ELC001,2030,0.0
RE1,S21,PWRGAS,ELC001,2031,0.0
RE1,S21,PWRGAS,ELC001,2032,0.0
RE1,S21,PWRGAS,ELC001,2033,0.0
RE1,S21,PWRGAS,ELC001,2034,0.0
RE1,S21,PWRGAS,ELC001,2035,0.0
RE1,S21,PWRHYD,ELC001,2020,2.6806
RE1,S21,PWRHYD,ELC001,2021,2.6806
RE1,S21,PWRHYD,ELC001,2022,2.6806
RE1,S21,PWRHYD,ELC001,2023,2.6806
RE1,S21,PWRHYD,ELC001,2024,2.6806
RE1,S21,PWRHYD,ELC001,2025,4.0208
RE1,S21,PWRHYD,ELC001,2026,4.0208
RE1,S21,PWRHYD,ELC001,2027,4.0208
RE1,S21,PWRHYD,ELC001,2028,4.0208
RE1,S21,PWRHYD,ELC001,2029,4.0208
RE1,S21,PWRHYD,ELC001,2030,4.0208
RE1,S21,PWRHYD,ELC001,2031,4.0208
RE1,S21,PWRHYD,ELC001,2032,4.0208
RE1,S21,PWRHYD,ELC001,2033,4.0208
RE1,S21,PWRHYD,ELC001,2034,4.0208
RE1,S21,PWRHYD,ELC001,2035,4.0208
RE1,S21,PWRSOL,ELC001,2020,0.9382
RE1,S21,PWRSOL,ELC001,2021,0.9382
RE1,S21,PWRSOL,ELC001,2022,0.9382
RE1,S21,PWRSOL,ELC001,2023,0.9382
RE1,S21,PWRSOL,ELC001,2024,0.9382
RE1,S21,PWRSOL,ELC001,2025,0.9382
RE1,S21,PWRSOL,ELC001,2026,0.9382
RE1,S21,PWRSOL,ELC001,2027,0.9382
RE1,S21,PWRSOL,ELC001,2028,0.9382
RE1,S21,PWRSOL,ELC001,2029,0.9382
RE1,S21,PWRSOL,ELC001,2030,0.9382
RE1,S21,PWRSOL,ELC001,2031,0.9382
RE1,S21,PWRSOL,ELC001,2032,0.9382
RE1,S21,PWRSOL,ELC001,2033,0.9382
RE1,S21,PWRSOL,ELC001,2034,0.9382
RE1,S21,PWRSOL,ELC001,2035,0.9382
RE1,S21,PWRTRN,ELC002,2020,18.0
RE1,S21,PWRTRN,ELC002,2021,18.54
RE1,S21,PWRTRN,ELC002,2022,18.9
RE1,S21,PWRTRN,ELC002,2023,19.44
RE1,S21,PWRTRN,ELC002,2024,19.8
RE1,S21,PWRTRN,ELC002,2025,20.34
RE1,S21,PWRTRN,ELC002,2026,20.88
RE1,S21,PWRTRN,ELC002,2027,21.42
RE1,S21,PWRTRN,ELC002,2028,21.96
RE1,S21,PWRTRN,ELC002,2029,22.5
RE1,S21,PWRTRN,ELC002,2030,23.04
RE1,S21,PWRTRN,ELC002,2031,23.58
RE1,S21,PWRTRN,ELC002,2032,24.12
RE1,S21,PWRTRN,ELC002,2033,24.84
RE1,S21,PWRTRN,ELC002,2034,25.38
RE1,S21,PWRTRN,ELC002,2035,26.1
RE1,S21,PWRWND,ELC001,2020,1.3403
RE1,S21,PWRWND,ELC001,2021,1.3403
RE1,S21,PWRWND,ELC001,2022,1.3403
RE1,S21,PWRWND,ELC001,2023,1.3403
RE1,S21,PWRWND,ELC001,2024,1.3403
RE1,S21,PWRWND,ELC001,2025,1.3403
RE1,S21,PWRWND,ELC001,2026,1.3403
RE1,S21,PWRWND,ELC001,2027,2.2559
RE1,S21,PWRWND,ELC001,2028,3.4109
RE1,S21,PWRWND,ELC001,2029,4.5659
RE1,S21,PWRWND,ELC001,2030,11.1687
RE1,S21,PWRWND,ELC001,2031,11.5011
RE1,S21,PWRWND,ELC001,2032,11.8336
RE1,S21,PWRWND,ELC001,2033,12.2768
RE1,S21,PWRWND,ELC001,2034,12.6093
RE1,S21,PWRWND,ELC001,2035,13.0525
RE1,S22,DEMPWRSURWAT,PWRWAT,2020,0.0
RE1,S22,DEMPWRSURWAT,PWRWAT,2021,0.0
RE1,S22,DEMPWRSURWAT,PWRWAT,2022,0.0
RE1,S22,DEMPWRSURWAT,PWRWAT,2023,0.0
RE1,S22,DEMPWRSURWAT,PWRWAT,2024,0.0
RE1,S22,DEMPWRSURWAT,PWRWAT,2025,0.0
RE1,S22,DEMPWRSURWAT,PWRWAT,2026,0.0
RE1,S22,DEMPWRSURWAT,PWRWAT,2027,0.0
RE1,S22,DEMPWRSURWAT,PWRWAT,2028,0.0
RE1,S22,DEMPWRSURWAT,PWRWAT,2029,0.0
RE1,S22,DEMPWRSURWAT,PWRWAT,2030,0.0
RE1,S22,DEMPWRSURWAT,PWRWAT,2031,0.0
RE1,S22,DEMPWRSURWAT,PWRWAT,2032,0.0
RE1,S22,DEMPWRSURWAT,PWRWAT,2033,0.0
RE1,S22,DEMPWRSURWAT,PWRWAT,2034,0.0
RE1,S22,DEMPWRSURWAT,PWRWAT,2035,0.0
RE1,S22,LNDBLT,LBLT,2020,1.6832
RE1,S22,LNDBLT,LBLT,2021,1.7337
RE1,S22,LNDBLT,LBLT,2022,1.7842
RE1,S22,LNDBLT,LBLT,2023,1.8347
RE1,S22,LNDBLT,LBLT,2024,1.902
RE1,S22,LNDBLT,LBLT,2025,1.9525
RE1,S22,LNDBLT,LBLT,2026,2.003
RE1,S22,LNDBLT,LBLT,2027,2.0703
RE1,S22,LNDBLT,LBLT,2028,2.1376
RE1,S22,LNDBLT,LBLT,2029,2.1881
RE1,S22,LNDBLT,LBLT,2030,2.2554
RE1,S22,LNDBLT,LBLT,2031,2.3228
RE1,S22,LNDBLT,LBLT,2032,2.4069
RE1,S22,LNDBLT,LBLT,2033,2.4743
RE1,S22,LNDBLT,LBLT,2034,2.5416
RE1,S22,LNDBLT,LBLT,2035,2.6257
RE1,S22,LNDBLT,WTREVT,2020,1.2624
RE1,S22,LNDBLT,WTREVT,2021,1.3002
RE1,S22,LNDBLT,WTREVT,2022,1.3381
RE1,S22,LNDBLT,WTREVT,2023,1.376
RE1,S22,LNDBLT,WTREVT,2024,1.4265
RE1,S22,LNDBLT,WTREVT,2025,1.4644
RE1,S22,LNDBLT,WTREVT,2026,1.5022
RE1,S22,LNDBLT,WTREVT,2027,1.5527
RE1,S22,LNDBLT,WTREVT,2028,1.6032
RE1,S22,LNDBLT,WTREVT,2029,1.6411
RE1,S22,LNDBLT,WTREVT,2030,1.6916
RE1,S22,LNDBLT,WTREVT,2031,1.7421
RE1,S22,LNDBLT,WTREVT,2032,1.8052
RE1,S22,LNDBLT,WTREVT,2033,1.8557
RE1,S22,LNDBLT,WTREVT,2034,1.9062
RE1,S22,LNDBLT,WTREVT,2035,1.9693
RE1,S22,LNDBLT,WTRGWT,2020,0.0673
RE1,S22,LNDBLT,WTRGWT,2021,0.0693
RE1,S22,LNDBLT,WTRGWT,2022,0.0714
RE1,S22,LNDBLT,WTRGWT,2023,0.0734
RE1,S22,LNDBLT,WTRGWT,2024,0.0761
RE1,S22,LNDBLT,WTRGWT,2025,0.0781
RE1,S22,LNDBLT,WTRGWT,2026,0.0801
RE1,S22,LNDBLT,WTRGWT,2027,0.0828
RE1,S22,LNDBLT,WTRGWT,2028,0.0855
RE1,S22,LNDBLT,WTRGWT,2029,0.0875
RE1,S22,LNDBLT,WTRGWT,2030,0.0902
RE1,S22,LNDBLT,WTRGWT,2031,0.0929
RE1,S22,LNDBLT,WTRGWT,2032,0.0963
RE1,S22,LNDBLT,WTRGWT,2033,0.099
RE1,S22,LNDBLT,WTRGWT,2034,0.1017
RE1,S22,LNDBLT,WTRGWT,2035,0.105
RE1,S22,LNDBLT,WTRSUR,2020,0.6901
RE1,S22,LNDBLT,WTRSUR,2021,0.7108
RE1,S22,LNDBLT,WTRSUR,2022,0.7315
RE1,S22,LNDBLT,WTRSUR,2023,0.7522
RE1,S22,LNDBLT,WTRSUR,2024,0.7798
RE1,S22,LNDBLT,WTRSUR,2025,0.8005
RE1,S22,LNDBLT,WTRSUR,2026,0.8212
RE1,S22,LNDBLT,WTRSUR,2027,0.8488
RE1,S22,LNDBLT,WTRSUR,2028,0.8764
RE1,S22,LNDBLT,WTRSUR,2029,0.8971
RE1,S22,LNDBLT,WTRSUR,2030,0.9247
RE1,S22,LNDBLT,WTRSUR,2031,0.9523
RE1,S22,LNDBLT,WTRSUR,2032,0.9868
RE1,S22,LNDBLT,WTRSUR,2033,1.0144
RE1,S22,LNDBLT,WTRSUR,2034,1.042
RE1,S22,LNDBLT,WTRSUR,2035,1.0766
RE1,S22,LNDFOR,LFOR,2020,29.4554
RE1,S22,LNDFOR,LFOR,2021,29.0599
RE1,S22,LNDFOR,LFOR,2022,28.6812
RE1,S22,LNDFOR,LFOR,2023,28.2646
RE1,S22,LNDFOR,LFOR,2024,27.8312
RE1,S22,LNDFOR,LFOR,2025,26.573
RE1,S22,LNDFOR,LFOR,2026,26.1396
RE1,S22,LNDFOR,LFOR,2027,25.6894
RE1,S22,LNDFOR,LFOR,2028,25.2181
RE1,S22,LNDFOR,LFOR,2029,24.7426
RE1,S22,LNDFOR,LFOR,2030,24.2713
RE1,S22,LNDFOR,LFOR,2031,23.7621
RE1,S22,LNDFOR,LFOR,2032,23.253
RE1,S22,LNDFOR,LFOR,2033,22.727
RE1,S22,LNDFOR,LFOR,2034,22.1968
RE1,S22,LNDFOR,LFOR,2035,21.6498
RE1,S22,LNDFOR,WTREVT,2020,25.0371
RE1,S22,LNDFOR,WTREVT,2021,24.7009
RE1,S22,LNDFOR,WTREVT,2022,24.379
RE1,S22,LNDFOR,WTREVT,2023,24.0249
RE1,S22,LNDFOR,WTREVT,2024,23.6565
RE1,S22,LNDFOR,WTREVT,2025,22.5871
RE1,S22,LNDFOR,WTREVT,2026,22.2187
RE1,S22,LNDFOR,WTREVT,2027,21.836
RE1,S22,LNDFOR,WTREVT,2028,21.4354
RE1,S22,LNDFOR,WTREVT,2029,21.0312
RE1,S22,LNDFOR,WTREVT,2030,20.6306
RE1,S22,LNDFOR,WTREVT,2031,20.1978
RE1,S22,LNDFOR,WTREVT,2032,19.765
RE1,S22,LNDFOR,WTREVT,2033,19.3179
RE1,S22,LNDFOR,WTREVT,2034,18.8673
RE1,S22,LNDFOR,WTREVT,2035,18.4023
RE1,S22,LNDFOR,WTRGWT,2020,0.8837
RE1,S22,LNDFOR,WTRGWT,2021,0.8718
RE1,S22,LNDFOR,WTRGWT,2022,0.8604
RE1,S22,LNDFOR,WTRGWT,2023,0.8479
RE1,S22,LNDFOR,WTRGWT,2024,0.8349
RE1,S22,LNDFOR,WTRGWT,2025,0.7972
RE1,S22,LNDFOR,WTRGWT,2026,0.7842
RE1,S22,LNDFOR,WTRGWT,2027,0.7707
RE1,S22,LNDFOR,WTRGWT,2028,0.7565
RE1,S22,LNDFOR,WTRGWT,2029,0.7423
RE1,S22,LNDFOR,WTRGWT,2030,0.7281
RE1,S22,LNDFOR,WTRGWT,2031,0.7129
RE1,S22,LNDFOR,WTRGWT,2032,0.6976
RE1,S22,LNDFOR,WTRGWT,2033,0.6818
RE1,S22,LNDFOR,WTRGWT,2034,0.6659
RE1,S22,LNDFOR,WTRGWT,2035,0.6495
RE1,S22,LNDFOR,WTRSUR,2020,9.4257
RE1,S22,LNDFOR,WTRSUR,2021,9.2992
RE1,S22,LNDFOR,WTRSUR,2022,9.178
RE1,S22,LNDFOR,WTRSUR,2023,9.0447
RE1,S22,LNDFOR,WTRSUR,2024,8.906
RE1,S22,LNDFOR,WTRSUR,2025,8.5034
RE1,S22,LNDFOR,WTRSUR,2026,8.3647
RE1,S22,LNDFOR,WTRSUR,2027,8.2206
RE1,S22,LNDFOR,WTRSUR,2028,8.0698
RE1,S22,LNDFOR,WTRSUR,2029,7.9176
RE1,S22,LNDFOR,WTRSUR,2030,7.7668
RE1,S22,LNDFOR,WTRSUR,2031,7.6039
RE1,S22,LNDFOR,WTRSUR,2032,7.441
RE1,S22,LNDFOR,WTRSUR,2033,7.2726
RE1,S22,LNDFOR,WTRSUR,2034,7.103
RE1,S22,LNDFOR,WTRSUR,2035,6.9279
RE1,S22,LNDMAIHI,CRPMAI,2020,0.0
RE1,S22,LNDMAIHI,CRPMAI,2021,0.0
RE1,S22,LNDMAIHI,CRPMAI,2022,0.0
RE1,S22,LNDMAIHI,CRPMAI,2023,0.0
RE1,S22,LNDMAIHI,CRPMAI,2024,0.0
RE1,S22,LNDMAIHI,CRPMAI,2025,0.0
RE1,S22,LNDMAIHI,CRPMAI,2026,0.0
RE1,S22,LNDMAIHI,CRPMAI,2027,0.0
RE1,S22,LNDMAIHI,CRPMAI,2028,0.0
RE1,S22,LNDMAIHI,CRPMAI,2029,0.0
RE1,S22,LNDMAIHI,CRPMAI,2030,0.0
RE1,S22,LNDMAIHI,CRPMAI,2031,0.0
RE1,S22,LNDMAIHI,CRPMAI,2032,0.0
RE1,S22,LNDMAIHI,CRPMAI,2033,0.0
RE1,S22,LNDMAIHI,CRPMAI,2034,0.0
RE1,S22,LNDMAIHI,CRPMAI,2035,0.0
RE1,S22,LNDMAIHI,WTREVT,2020,0.0
RE1,S22,LNDMAIHI,WTREVT,2021,0.0
RE1,S22,LNDMAIHI,WTREVT,2022,0.0
RE1,S22,LNDMAIHI,WTREVT,2023,0.0
RE1,S22,LNDMAIHI,WTREVT,2024,0.0
RE1,S22,LNDMAIHI,WTREVT,2025,0.0
RE1,S22,LNDMAIHI,WTREVT,2026,0.0
RE1,S22,LNDMAIHI,WTREVT,2027,0.0
RE1,S22,LNDMAIHI,WTREVT,2028,0.0
RE1,S22,LNDMAIHI,WTREVT,2029,0.0
RE1,S22,LNDMAIHI,WTREVT,2030,0.0
RE1,S22,LNDMAIHI,WTREVT,2031,0.0
RE1,S22,LNDMAIHI,WTREVT,2032,0.0
RE1,S22,LNDMAIHI,WTREVT,2033,0.0
RE1,S22,LNDMAIHI,WTREVT,2034,0.0
RE1,S22,LNDMAIHI,WTREVT,2035,0.0
RE1,S22,LNDMAIHI,WTRGWT,2020,0.0
RE1,S22,LNDMAIHI,WTRGWT,2021,0.0
RE1,S22,LNDMAIHI,WTRGWT,2022,0.0
RE1,S22,LNDMAIHI,WTRGWT,2023,0.0
RE1,S22,LNDMAIHI,WTRGWT,2024,0.0
RE1,S22,LNDMAIHI,WTRGWT,2025,0.0
RE1,S22,LNDMAIHI,WTRGWT,2026,0.0
RE1,S22,LNDMAIHI,WTRGWT,2027,0.0
RE1,S22,LNDMAIHI,WTRGWT,2028,0.0
RE1,S22,LNDMAIHI,WTRGWT,2029,0.0
RE1,S22,LNDMAIHI,WTRGWT,2030,0.0
RE1,S22,LNDMAIHI,WTRGWT,2031,0.0
RE1,S22,LNDMAIHI,WTRGWT,2032,0.0
RE1,S22,LNDMAIHI,WTRGWT,2033,0.0
RE1,S22,LNDMAIHI,WTRGWT,2034,0.0
RE1,S22,LNDMAIHI,WTRGWT,2035,0.0
RE1,S22,LNDMAIHI,WTRSUR,2020,0.0
RE1,S22,LNDMAIHI,WTRSUR,2021,0.0
RE1,S22,LNDMAIHI,WTRSUR,2022,0.0
RE1,S22,LNDMAIHI,WTRSUR,2023,0.0
RE1,S22,LNDMAIHI,WTRSUR,2024,0.0
RE1,S22,LNDMAIHI,WTRSUR,2025,0.0
RE1,S22,LNDMAIHI,WTRSUR,2026,0.0
RE1,S22,LNDMAIHI,WTRSUR,2027,0.0
RE1,S22,LNDMAIHI,WTRSUR,2028,0.0
RE1,S22,LNDMAIHI,WTRSUR,2029,0.0
RE1,S22,LNDMAIHI,WTRSUR,2030,0.0
RE1,S22,LNDMAIHI,WTRSUR,2031,0.0
RE1,S22,LNDMAIHI,WTRSUR,2032,0.0
RE1,S22,LNDMAIHI,WTRSUR,2033,0.0
RE1,S22,LNDMAIHI,WTRSUR,2034,0.0
RE1,S22,LNDMAIHI,WTRSUR,2035,0.0
RE1,S22,LNDMAIHR,CRPMAI,2020,6.7327
RE1,S22,LNDMAIHR,CRPMAI,2021,6.901
RE1,S22,LNDMAIHR,CRPMAI,2022,7.0693
RE1,S22,LNDMAIHR,CRPMAI,2023,7.2545
RE1,S22,LNDMAIHR,CRPMAI,2024,7.4396
RE1,S22,LNDMAIHR,CRPMAI,2025,7.6248
RE1,S22,LNDMAIHR,CRPMAI,2026,7.8099
RE1,S22,LNDMAIHR,CRPMAI,2027,7.995
RE1,S22,LNDMAIHR,CRPMAI,2028,8.197
RE1,S22,LNDMAIHR,CRPMAI,2029,8.4158
RE1,S22,LNDMAIHR,CRPMAI,2030,8.6178
RE1,S22,LNDMAIHR,CRPMAI,2031,8.8366
RE1,S22,LNDMAIHR,CRPMAI,2032,9.0554
RE1,S22,LNDMAIHR,CRPMAI,2033,9.2743
RE1,S22,LNDMAIHR,CRPMAI,2034,9.5099
RE1,S22,LNDMAIHR,CRPMAI,2035,9.7455
RE1,S22,LNDMAIHR,WTREVT,2020,3.3663
RE1,S22,LNDMAIHR,WTREVT,2021,3.4505
RE1,S22,LNDMAIHR,WTREVT,2022,3.5347
RE1,S22,LNDMAIHR,WTREVT,2023,3.6272
RE1,S22,LNDMAIHR,WTREVT,2024,3.7198
RE1,S22,LNDMAIHR,WTREVT,2025,3.8124
RE1,S22,LNDMAIHR,WTREVT,2026,3.905
RE1,S22,LNDMAIHR,WTREVT,2027,3.9975
RE1,S22,LNDMAIHR,WTREVT,2028,4.0985
RE1,S22,LNDMAIHR,WTREVT,2029,4.2079
RE1,S22,LNDMAIHR,WTREVT,2030,4.3089
RE1,S22,LNDMAIHR,WTREVT,2031,4.4183
RE1,S22,LNDMAIHR,WTREVT,2032,4.5277
RE1,S22,LNDMAIHR,WTREVT,2033,4.6371
RE1,S22,LNDMAIHR,WTREVT,2034,4.755
RE1,S22,LNDMAIHR,WTREVT,2035,4.8728
RE1,S22,LNDMAIHR,WTRGWT,2020,0.6733
RE1,S22,LNDMAIHR,WTRGWT,2021,0.6901
RE1,S22,LNDMAIHR,WTRGWT,2022,0.7069
RE1,S22,LNDMAIHR,WTRGWT,2023,0.7254
RE1,S22,LNDMAIHR,WTRGWT,2024,0.744
RE1,S22,LNDMAIHR,WTRGWT,2025,0.7625
RE1,S22,LNDMAIHR,WTRGWT,2026,0.781
RE1,S22,LNDMAIHR,WTRGWT,2027,0.7995
RE1,S22,LNDMAIHR,WTRGWT,2028,0.8197
RE1,S22,LNDMAIHR,WTRGWT,2029,0.8416
RE1,S22,LNDMAIHR,WTRGWT,2030,0.8618
RE1,S22,LNDMAIHR,WTRGWT,2031,0.8837
RE1,S22,LNDMAIHR,WTRGWT,2032,0.9055
RE1,S22,LNDMAIHR,WTRGWT,2033,0.9274
RE1,S22,LNDMAIHR,WTRGWT,2034,0.951
RE1,S22,LNDMAIHR,WTRGWT,2035,0.9746
RE1,S22,LNDMAIHR,WTRSUR,2020,6.0594
RE1,S22,LNDMAIHR,WTRSUR,2021,6.2109
RE1,S22,LNDMAIHR,WTRSUR,2022,6.3624
RE1,S22,LNDMAIHR,WTRSUR,2023,6.529
RE1,S22,LNDMAIHR,WTRSUR,2024,6.6956
RE1,S22,LNDMAIHR,WTRSUR,2025,6.8623
RE1,S22,LNDMAIHR,WTRSUR,2026,7.0289
RE1,S22,LNDMAIHR,WTRSUR,2027,7.1955
RE1,S22,LNDMAIHR,WTRSUR,2028,7.3773
RE1,S22,LNDMAIHR,WTRSUR,2029,7.5743
RE1,S22,LNDMAIHR,WTRSUR,2030,7.756
RE1,S22,LNDMAIHR,WTRSUR,2031,7.953
RE1,S22,LNDMAIHR,WTRSUR,2032,8.1499
RE1,S22,LNDMAIHR,WTRSUR,2033,8.3468
RE1,S22,LNDMAIHR,WTRSUR,2034,8.5589
RE1,S22,LNDMAIHR,WTRSUR,2035,8.771
RE1,S22,LNDRICHI,CRPRIC,2020,0.0
RE1,S22,LNDRICHI,CRPRIC,2021,0.0
RE1,S22,LNDRICHI,CRPRIC,2022,0.0
RE1,S22,LNDRICHI,CRPRIC,2023,0.0
RE1,S22,LNDRICHI,CRPRIC,2024,0.0
RE1,S22,LNDRICHI,CRPRIC,2025,0.0
RE1,S22,LNDRICHI,CRPRIC,2026,0.0
RE1,S22,LNDRICHI,CRPRIC,2027,0.0
RE1,S22,LNDRICHI,CRPRIC,2028,0.0
RE1,S22,LNDRICHI,CRPRIC,2029,0.0
RE1,S22,LNDRICHI,CRPRIC,2030,0.0
RE1,S22,LNDRICHI,CRPRIC,2031,0.0
RE1,S22,LNDRICHI,CRPRIC,2032,0.0
RE1,S22,LNDRICHI,CRPRIC,2033,0.0
RE1,S22,LNDRICHI,CRPRIC,2034,0.0
RE1,S22,LNDRICHI,CRPRIC,2035,0.0
RE1,S22,LNDRICHI,WTREVT,2020,0.0
RE1,S22,LNDRICHI,WTREVT,2021,0.0
RE1,S22,LNDRICHI,WTREVT,2022,0.0
RE1,S22,LNDRICHI,WTREVT,2023,0.0
RE1,S22,LNDRICHI,WTREVT,2024,0.0
RE1,S22,LNDRICHI,WTREVT,2025,0.0
RE1,S22,LNDRICHI,WTREVT,2026,0.0
RE1,S22,LNDRICHI,WTREVT,2027,0.0
RE1,S22,LNDRICHI,WTREVT,2028,0.0
RE1,S22,LNDRICHI,WTREVT,2029,0.0
RE1,S22,LNDRICHI,WTREVT,2030,0.0
RE1,S22,LNDRICHI,WTREVT,2031,0.0
RE1,S22,LNDRICHI,WTREVT,2032,0.0
RE1,S22,LNDRICHI,WTREVT,2033,0.0
RE1,S22,LNDRICHI,WTREVT,2034,0.0
RE1,S22,LNDRICHI,WTREVT,2035,0.0
RE1,S22,LNDRICHI,WTRGWT,2020,0.0
RE1,S22,LNDRICHI,WTRGWT,2021,0.0
RE1,S22,LNDRICHI,WTRGWT,2022,0.0
RE1,S22,LNDRICHI,WTRGWT,2023,0.0
RE1,S22,LNDRICHI,WTRGWT,2024,0.0
RE1,S22,LNDRICHI,WTRGWT,2025,0.0
RE1,S22,LNDRICHI,WTRGWT,2026,0.0
RE1,S22,LNDRICHI,WTRGWT,2027,0.0
RE1,S22,LNDRICHI,WTRGWT,2028,0.0
RE1,S22,LNDRICHI,WTRGWT,2029,0.0
RE1,S22,LNDRICHI,WTRGWT,2030,0.0
RE1,S22,LNDRICHI,WTRGWT,2031,0.0
RE1,S22,LNDRICHI,WTRGWT,2032,0.0
RE1,S22,LNDRICHI,WTRGWT,2033,0.0
RE1,S22,LNDRICHI,WTRGWT,2034,0.0
RE1,S22,LNDRICHI,WTRGWT,2035,0.0
RE1,S22,LNDRICHI,WTRSUR,2020,0.0
RE1,S22,LNDRICHI,WTRSUR,2021,0.0
RE1,S22,LNDRICHI,WTRSUR,2022,0.0
RE1,S22,LNDRICHI,WTRSUR,2023,0.0
RE1,S22,LNDRICHI,WTRSUR,2024,0.0
RE1,S22,LNDRICHI,WTRSUR,2025,0.0
RE1,S22,LNDRICHI,WTRSUR,2026,0.0
RE1,S22,LNDRICHI,WTRSUR,2027,0.0
RE1,S22,LNDRICHI,WTRSUR,2028,0.0
RE1,S22,LNDRICHI,WTRSUR,2029,0.0
RE1,S22,LNDRICHI,WTRSUR,2030,0.0
RE1,S22,LNDRICHI,WTRSUR,2031,0.0
RE1,S22,LNDRICHI,WTRSUR,2032,0.0
RE1,S22,LNDRICHI,WTRSUR,2033,0.0
RE1,S22,LNDRICHI,WTRSUR,2034,0.0
RE1,S22,LNDRICHI,WTRSUR,2035,0.0
RE1,S22,LNDRICHR,CRPRIC,2020,5.0495
RE1,S22,LNDRICHR,CRPRIC,2021,5.1842
RE1,S22,LNDRICHR,CRPRIC,2022,5.302
RE1,S22,LNDRICHR,CRPRIC,2023,5.4366
RE1,S22,LNDRICHR,CRPRIC,2024,5.5713
RE1,S22,LNDRICHR,CRPRIC,2025,5.7059
RE1,S22,LNDRICHR,CRPRIC,2026,5.8574
RE1,S22,LNDRICHR,CRPRIC,2027,6.0089
RE1,S22,LNDRICHR,CRPRIC,2028,6.1604
RE1,S22,LNDRICHR,CRPRIC,2029,6.3119
RE1,S22,LNDRICHR,CRPRIC,2030,6.4634
RE1,S22,LNDRICHR,CRPRIC,2031,6.6317
RE1,S22,LNDRICHR,CRPRIC,2032,6.7832
RE1,S22,LNDRICHR,CRPRIC,2033,6.9683
RE1,S22,LNDRICHR,CRPRIC,2034,7.1366
RE1,S22,LNDRICHR,CRPRIC,2035,7.305
RE1,S22,LNDRICHR,WTREVT,2020,3.0297
RE1,S22,LNDRICHR,WTREVT,2021,3.1105
RE1,S22,LNDRICHR,WTREVT,2022,3.1812
RE1,S22,LNDRICHR,WTREVT,2023,3.262
RE1,S22,LNDRICHR,WTREVT,2024,3.3428
RE1,S22,LNDRICHR,WTREVT,2025,3.4236
RE1,S22,LNDRICHR,WTREVT,2026,3.5145
RE1,S22,LNDRICHR,WTREVT,2027,3.6053
RE1,S22,LNDRICHR,WTREVT,2028,3.6962
RE1,S22,LNDRICHR,WTREVT,2029,3.7871
RE1,S22,LNDRICHR,WTREVT,2030,3.878
RE1,S22,LNDRICHR,WTREVT,2031,3.979
RE1,S22,LNDRICHR,WTREVT,2032,4.0699
RE1,S22,LNDRICHR,WTREVT,2033,4.181
RE1,S22,LNDRICHR,WTREVT,2034,4.282
RE1,S22,LNDRICHR,WTREVT,2035,4.383
RE1,S22,LNDRICHR,WTRGWT,2020,0.303
RE1,S22,LNDRICHR,WTRGWT,2021,0.311
RE1,S22,LNDRICHR,WTRGWT,2022,0.3181
RE1,S22,LNDRICHR,WTRGWT,2023,0.3262
RE1,S22,LNDRICHR,WTRGWT,2024,0.3343
RE1,S22,LNDRICHR,WTRGWT,2025,0.3424
RE1,S22,LNDRICHR,WTRGWT,2026,0.3514
RE1,S22,LNDRICHR,WTRGWT,2027,0.3605
RE1,S22,LNDRICHR,WTRGWT,2028,0.3696
RE1,S22,LNDRICHR,WTRGWT,2029,0.3787
RE1,S22,LNDRICHR,WTRGWT,2030,0.3878
RE1,S22,LNDRICHR,WTRGWT,2031,0.3979
RE1,S22,LNDRICHR,WTRGWT,2032,0.407
RE1,S22,LNDRICHR,WTRGWT,2033,0.4181
RE1,S22,LNDRICHR,WTRGWT,2034,0.4282
RE1,S22,LNDRICHR,WTRGWT,2035,0.4383
RE1,S22,LNDRICHR,WTRSUR,2020,2.7267
RE1,S22,LNDRICHR,WTRSUR,2021,2.7994
RE1,S22,LNDRICHR,WTRSUR,2022,2.8631
RE1,S22,LNDRICHR,WTRSUR,2023,2.9358
RE1,S22,LNDRICHR,WTRSUR,2024,3.0085
RE1,S22,LNDRICHR,WTRSUR,2025,3.0812
RE1,S22,LNDRICHR,WTRSUR,2026,3.163
RE1,S22,LNDRICHR,WTRSUR,2027,3.2448
RE1,S22,LNDRICHR,WTRSUR,2028,3.3266
RE1,S22,LNDRICHR,WTRSUR,2029,3.4084
RE1,S22,LNDRICHR,WTRSUR,2030,3.4902
RE1,S22,LNDRICHR,WTRSUR,2031,3.5811
RE1,S22,LNDRICHR,WTRSUR,2032,3.6629
RE1,S22,LNDRICHR,WTRSUR,2033,3.7629
RE1,S22,LNDRICHR,WTRSUR,2034,3.8538
RE1,S22,LNDRICHR,WTRSUR,2035,3.9447
RE1,S22,LNDWAT,LWAT,2020,5.8911
RE1,S22,LNDWAT,LWAT,2021,5.8911
RE1,S22,LNDWAT,LWAT,2022,5.8911
RE1,S22,LNDWAT,LWAT,2023,5.8911
RE1,S22,LNDWAT,LWAT,2024,5.8911
RE1,S22,LNDWAT,LWAT,2025,6.7327
RE1,S22,LNDWAT,LWAT,2026,6.7327
RE1,S22,LNDWAT,LWAT,2027,6.7327
RE1,S22,LNDWAT,LWAT,2028,6.7327
RE1,S22,LNDWAT,LWAT,2029,6.7327
RE1,S22,LNDWAT,LWAT,2030,6.7327
RE1,S22,LNDWAT,LWAT,2031,6.7327
RE1,S22,LNDWAT,LWAT,2032,6.7327
RE1,S22,LNDWAT,LWAT,2033,6.7327
RE1,S22,LNDWAT,LWAT,2034,6.7327
RE1,S22,LNDWAT,LWAT,2035,6.7327
RE1,S22,LNDWAT,WTREVT,2020,2.3564
RE1,S22,LNDWAT,WTREVT,2021,2.3564
RE1,S22,LNDWAT,WTREVT,2022,2.3564
RE1,S22,LNDWAT,WTREVT,2023,2.3564
RE1,S22,LNDWAT,WTREVT,2024,2.3564
RE1,S22,LNDWAT,WTREVT,2025,2.6931
RE1,S22,LNDWAT,WTREVT,2026,2.6931
RE1,S22,LNDWAT,WTREVT,2027,2.6931
RE1,S22,LNDWAT,WTREVT,2028,2.6931
RE1,S22,LNDWAT,WTREVT,2029,2.6931
RE1,S22,LNDWAT,WTREVT,2030,2.6931
RE1,S22,LNDWAT,WTREVT,2031,2.6931
RE1,S22,LNDWAT,WTREVT,2032,2.6931
RE1,S22,LNDWAT,WTREVT,2033,2.6931
RE1,S22,LNDWAT,WTREVT,2034,2.6931
RE1,S22,LNDWAT,WTREVT,2035,2.6931
RE1,S22,LNDWAT,WTRGWT,2020,0.4713
RE1,S22,LNDWAT,WTRGWT,2021,0.4713
RE1,S22,LNDWAT,WTRGWT,2022,0.4713
RE1,S22,LNDWAT,WTRGWT,2023,0.4713
RE1,S22,LNDWAT,WTRGWT,2024,0.4713
RE1,S22,LNDWAT,WTRGWT,2025,0.5386
RE1,S22,LNDWAT,WTRGWT,2026,0.5386
RE1,S22,LNDWAT,WTRGWT,2027,0.5386
RE1,S22,LNDWAT,WTRGWT,2028,0.5386
RE1,S22,LNDWAT,WTRGWT,2029,0.5386
RE1,S22,LNDWAT,WTRGWT,2030,0.5386
RE1,S22,LNDWAT,WTRGWT,2031,0.5386
RE1,S22,LNDWAT,WTRGWT,2032,0.5386
RE1,S22,LNDWAT,WTRGWT,2033,0.5386
RE1,S22,LNDWAT,WTRGWT,2034,0.5386
RE1,S22,LNDWAT,WTRGWT,2035,0.5386
RE1,S22,LNDWAT,WTRSUR,2020,4.2416
RE1,S22,LNDWAT,WTRSUR,2021,4.2416
RE1,S22,LNDWAT,WTRSUR,2022,4.2416
RE1,S22,LNDWAT,WTRSUR,2023,4.2416
RE1,S22,LNDWAT,WTRSUR,2024,4.2416
RE1,S22,LNDWAT,WTRSUR,2025,4.8475
RE1,S22,LNDWAT,WTRSUR,2026,4.8475
RE1,S22,LNDWAT,WTRSUR,2027,4.8475
RE1,S22,LNDWAT,WTRSUR,2028,4.8475
RE1,S22,LNDWAT,WTRSUR,2029,4.8475
RE1,S22,LNDWAT,WTRSUR,2030,4.8475
RE1,S22,LNDWAT,WTRSUR,2031,4.8475
RE1,S22,LNDWAT,WTRSUR,2032,4.8475
RE1,S22,LNDWAT,WTRSUR,2033,4.8475
RE1,S22,LNDWAT,WTRSUR,2034,4.8475
RE1,S22,LNDWAT,WTRSUR,2035,4.8475
RE1,S22,MINCOA,COA,2020,64.3334
RE1,S22,MINCOA,COA,2021,64.3334
RE1,S22,MINCOA,COA,2022,64.3334
RE1,S22,MINCOA,COA,2023,64.3334
RE1,S22,MINCOA,COA,2024,64.3334
RE1,S22,MINCOA,COA,2025,64.3334
RE1,S22,MINCOA,COA,2026,64.3334
RE1,S22,MINCOA,COA,2027,64.3334
RE1,S22,MINCOA,COA,2028,64.3334
RE1,S22,MINCOA,COA,2029,64.3334
RE1,S22,MINCOA,COA,2030,32.1667
RE1,S22,MINCOA,COA,2031,32.1667
RE1,S22,MINCOA,COA,2032,32.1667
RE1,S22,MINCOA,COA,2033,32.1667
RE1,S22,MINCOA,COA,2034,32.1667
RE1,S22,MINCOA,COA,2035,32.1667
RE1,S22,MINGAS,GAS,2020,40.9332
RE1,S22,MINGAS,GAS,2021,43.7052
RE1,S22,MINGAS,GAS,2022,45.5532
RE1,S22,MINGAS,GAS,2023,48.3252
RE1,S22,MINGAS,GAS,2024,50.1732
RE1,S22,MINGAS,GAS,2025,50.2647
RE1,S22,MINGAS,GAS,2026,53.0367
RE1,S22,MINGAS,GAS,2027,53.6112
RE1,S22,MINGAS,GAS,2028,53.6112
RE1,S22,MINGAS,GAS,2029,53.6112
RE1,S22,MINGAS,GAS,2030,61.981
RE1,S22,MINGAS,GAS,2031,63.9552
RE1,S22,MINGAS,GAS,2032,65.9293
RE1,S22,MINGAS,GAS,2033,68.5615
RE1,S22,MINGAS,GAS,2034,70.5356
RE1,S22,MINGAS,GAS,2035,73.1678
RE1,S22,MINHYD,HYD,2020,2.6806
RE1,S22,MINHYD,HYD,2021,2.6806
RE1,S22,MINHYD,HYD,2022,2.6806
RE1,S22,MINHYD,HYD,2023,2.6806
RE1,S22,MINHYD,HYD,2024,2.6806
RE1,S22,MINHYD,HYD,2025,4.0208
RE1,S22,MINHYD,HYD,2026,4.0208
RE1,S22,MINHYD,HYD,2027,4.0208
RE1,S22,MINHYD,HYD,2028,4.0208
RE1,S22,MINHYD,HYD,2029,4.0208
RE1,S22,MINHYD,HYD,2030,4.0208
RE1,S22,MINHYD,HYD,2031,4.0208
RE1,S22,MINHYD,HYD,2032,4.0208
RE1,S22,MINHYD,HYD,2033,4.0208
RE1,S22,MINHYD,HYD,2034,4.0208
RE1,S22,MINHYD,HYD,2035,4.0208
RE1,S22,MINLND,LND,2020,50.495
RE1,S22,MINLND,LND,2021,50.495
RE1,S22,MINLND,LND,2022,50.495
RE1,S22,MINLND,LND,2023,50.495
RE1,S22,MINLND,LND,2024,50.495
RE1,S22,MINLND,LND,2025,50.495
RE1,S22,MINLND,LND,2026,50.495
RE1,S22,MINLND,LND,2027,50.495
RE1,S22,MINLND,LND,2028,50.495
RE1,S22,MINLND,LND,2029,50.495
RE1,S22,MINLND,LND,2030,50.495
RE1,S22,MINLND,LND,2031,50.495
RE1,S22,MINLND,LND,2032,50.495
RE1,S22,MINLND,LND,2033,50.495
RE1,S22,MINLND,LND,2034,50.495
RE1,S22,MINLND,LND,2035,50.495
RE1,S22,MINPRC,WTRPRC,2020,60.5941
RE1,S22,MINPRC,WTRPRC,2021,60.5941
RE1,S22,MINPRC,WTRPRC,2022,60.5941
RE1,S22,MINPRC,WTRPRC,2023,60.5941
RE1,S22,MINPRC,WTRPRC,2024,60.5941
RE1,S22,MINPRC,WTRPRC,2025,60.5941
RE1,S22,MINPRC,WTRPRC,2026,60.5941
RE1,S22,MINPRC,WTRPRC,2027,60.5941
RE1,S22,MINPRC,WTRPRC,2028,60.5941
RE1,S22,MINPRC,WTRPRC,2029,60.5941
RE1,S22,MINPRC,WTRPRC,2030,60.5941
RE1,S22,MINPRC,WTRPRC,2031,60.5941
RE1,S22,MINPRC,WTRPRC,2032,60.5941
RE1,S22,MINPRC,WTRPRC,2033,60.5941
RE1,S22,MINPRC,WTRPRC,2034,60.5941
RE1,S22,MINPRC,WTRPRC,2035,60.5941
RE1,S22,MINSOL,SOL,2020,0.0
RE1,S22,MINSOL,SOL,2021,0.0
RE1,S22,MINSOL,SOL,2022,0.0
RE1,S22,MINSOL,SOL,2023,0.0
RE1,S22,MINSOL,SOL,2024,0.0
RE1,S22,MINSOL,SOL,2025,0.0
RE1,S22,MINSOL,SOL,2026,0.0
RE1,S22,MINSOL,SOL,2027,0.0
RE1,S22,MINSOL,SOL,2028,0.0
RE1,S22,MINSOL,SOL,2029,0.0
RE1,S22,MINSOL,SOL,2030,0.0
RE1,S22,MINSOL,SOL,2031,0.0
RE1,S22,MINSOL,SOL,2032,0.0
RE1,S22,MINSOL,SOL,2033,0.0
RE1,S22,MINSOL,SOL,2034,0.0
RE1,S22,MINSOL,SOL,2035,0.0
RE1,S22,MINWND,WND,2020,1.6083
RE1,S22,MINWND,WND,2021,1.6083
RE1,S22,MINWND,WND,2022,1.6083
RE1,S22,MINWND,WND,2023,1.6083
RE1,S22,MINWND,WND,2024,1.6083
RE1,S22,MINWND,WND,2025,1.6083
RE1,S22,MINWND,WND,2026,1.6083
RE1,S22,MINWND,WND,2027,2.7071
RE1,S22,MINWND,WND,2028,4.0931
RE1,S22,MINWND,WND,2029,5.4791
RE1,S22,MINWND,WND,2030,13.4024
RE1,S22,MINWND,WND,2031,13.8013
RE1,S22,MINWND,WND,2032,14.2003
RE1,S22,MINWND,WND,2033,14.7322
RE1,S22,MINWND,WND,2034,15.1311
RE1,S22,MINWND,WND,2035,15.663
RE1,S22,PWRCOA,ELC001,2020,21.4445
RE1,S22,PWRCOA,ELC001,2021,21.4445
RE1,S22,PWRCOA,ELC001,2022,21.4445
RE1,S22,PWRCOA,ELC001,2023,21.4445
RE1,S22,PWRCOA,ELC001,2024,21.4445
RE1,S22,PWRCOA,ELC001,2025,21.4445
RE1,S22,PWRCOA,ELC001,2026,21.4445
RE1,S22,PWRCOA,ELC001,2027,21.4445
RE1,S22,PWRCOA,ELC001,2028,21.4445
RE1,S22,PWRCOA,ELC001,2029,21.4445
RE1,S22,PWRCOA,ELC001,2030,10.7222
RE1,S22,PWRCOA,ELC001,2031,10.7222
RE1,S22,PWRCOA,ELC001,2032,10.7222
RE1,S22,PWRCOA,ELC001,2033,10.7222
RE1,S22,PWRCOA,ELC001,2034,10.7222
RE1,S22,PWRCOA,ELC001,2035,10.7222
RE1,S22,PWRGAS,ELC001,2020,20.4666
RE1,S22,PWRGAS,ELC001,2021,21.8526
RE1,S22,PWRGAS,ELC001,2022,22.7766
RE1,S22,PWRGAS,ELC001,2023,24.1626
RE1,S22,PWRGAS,ELC001,2024,25.0866
RE1,S22,PWRGAS,ELC001,2025,25.1323
RE1,S22,PWRGAS,ELC001,2026,26.5183
RE1,S22,PWRGAS,ELC001,2027,26.8056
RE1,S22,PWRGAS,ELC001,2028,26.8056
RE1,S22,PWRGAS,ELC001,2029,26.8056
RE1,S22,PWRGAS,ELC001,2030,30.9905
RE1,S22,PWRGAS,ELC001,2031,31.9776
RE1,S22,PWRGAS,ELC001,2032,32.9647
RE1,S22,PWRGAS,ELC001,2033,34.2807
RE1,S22,PWRGAS,ELC001,2034,35.2678
RE1,S22,PWRGAS,ELC001,2035,36.5839
RE1,S22,PWRHYD,ELC001,2020,2.6806
RE1,S22,PWRHYD,ELC001,2021,2.6806
RE1,S22,PWRHYD,ELC001,2022,2.6806
RE1,S22,PWRHYD,ELC001,2023,2.6806
RE1,S22,PWRHYD,ELC001,2024,2.6806
RE1,S22,PWRHYD,ELC001,2025,4.0208
RE1,S22,PWRHYD,ELC001,2026,4.0208
RE1,S22,PWRHYD,ELC001,2027,4.0208
RE1,S22,PWRHYD,ELC001,2028,4.0208
RE1,S22,PWRHYD,ELC001,2029,4.0208
RE1,S22,PWRHYD,ELC001,2030,4.0208
RE1,S22,PWRHYD,ELC001,2031,4.0208
RE1,S22,PWRHYD,ELC001,2032,4.0208
RE1,S22,PWRHYD,ELC001,2033,4.0208
RE1,S22,PWRHYD,ELC001,2034,4.0208
RE1,S22,PWRHYD,ELC001,2035,4.0208
RE1,S22,PWRSOL,ELC001,2020,0.0
RE1,S22,PWRSOL,ELC001,2021,0.0
RE1,S22,PWRSOL,ELC001,2022,0.0
RE1,S22,PWRSOL,ELC001,2023,0.0
RE1,S22,PWRSOL,ELC001,2024,0.0
RE1,S22,PWRSOL,ELC001,2025,0.0
RE1,S22,PWRSOL,ELC001,2026,0.0
RE1,S22,PWRSOL,ELC001,2027,0.0
RE1,S22,PWRSOL,ELC001,2028,0.0
RE1,S22,PWRSOL,ELC001,2029,0.0
RE1,S22,PWRSOL,ELC001,2030,0.0
RE1,S22,PWRSOL,ELC001,2031,0.0
RE1,S22,PWRSOL,ELC001,2032,0.0
RE1,S22,PWRSOL,ELC001,2033,0.0
RE1,S22,PWRSOL,ELC001,2034,0.0
RE1,S22,PWRSOL,ELC001,2035,0.0
RE1,S22,PWRTRN,ELC002,2020,42.0
RE1,S22,PWRTRN,ELC002,2021,43.26
RE1,S22,PWRTRN,ELC002,2022,44.1
RE1,S22,PWRTRN,ELC002,2023,45.36
RE1,S22,PWRTRN,ELC002,2024,46.2
RE1,S22,PWRTRN,ELC002,2025,47.46
RE1,S22,PWRTRN,ELC002,2026,48.72
RE1,S22,PWRTRN,ELC002,2027,49.98
RE1,S22,PWRTRN,ELC002,2028,51.24
RE1,S22,PWRTRN,ELC002,2029,52.5
RE1,S22,PWRTRN,ELC002,2030,53.76
RE1,S22,PWRTRN,ELC002,2031,55.02
RE1,S22,PWRTRN,ELC002,2032,56.28
RE1,S22,PWRTRN,ELC002,2033,57.96
RE1,S22,PWRTRN,ELC002,2034,59.22
RE1,S22,PWRTRN,ELC002,2035,60.9
RE1,S22,PWRWND,ELC001,2020,1.6083
RE1,S22,PWRWND,ELC001,2021,1.6083
RE1,S22,PWRWND,ELC001,2022,1.6083
RE1,S22,PWRWND,ELC001,2023,1.6083
RE1,S22,PWRWND,ELC001,2024,1.6083
RE1,S22,PWRWND,ELC001,2025,1.6083
RE1,S22,PWRWND,ELC001,2026,1.6083
RE1,S22,PWRWND,ELC001,2027,2.7071
RE1,S22,PWRWND,ELC001,2028,4.0931
RE1,S22,PWRWND,ELC001,2029,5.4791
RE1,S22,PWRWND,ELC001,2030,13.4024
RE1,S22,PWRWND,ELC001,2031,13.8013
RE1,S22,PWRWND,ELC001,2032,14.2003
RE1,S22,PWRWND,ELC001,2033,14.7322
RE1,S22,PWRWND,ELC001,2034,15.1311
RE1,S22,PWRWND,ELC001,2035,15.663
