r,l,t,f,y,UseByTechnology
RE1,S11,DEMPWRSURWAT,WTRSUR,2020,0.0
RE1,S11,DEMPWRSURWAT,WTRSUR,2021,0.0
RE1,S11,DEMPWRSURWAT,WTRSUR,2022,0.0
RE1,S11,DEMPWRSURWAT,WTRSUR,2023,0.0
RE1,S11,DEMPWRSURWAT,WTRSUR,2024,0.0
RE1,S11,DEMPWRSURWAT,WTRSUR,2025,0.0
RE1,S11,DEMPWRSURWAT,WTRSUR,2026,0.0
RE1,S11,DEMPWRSURWAT,WTRSUR,2027,0.0
RE1,S11,DEMPWRSURWAT,WTRSUR,2028,0.0
RE1,S11,DEMPWRSURWAT,WTRSUR,2029,0.0
RE1,S11,DEMPWRSURWAT,WTRSUR,2030,0.0
RE1,S11,DEMPWRSURWAT,WTRSUR,2031,0.0
RE1,S11,DEMPWRSURWAT,WTRSUR,2032,0.0
RE1,S11,DEMPWRSURWAT,WTRSUR,2033,0.0
RE1,S11,DEMPWRSURWAT,WTRSUR,2034,0.0
RE1,S11,DEMPWRSURWAT,WTRSUR,2035,0.0
RE1,S11,LNDBLT,LND,2020,4.4554
RE1,S11,LNDBLT,LND,2021,4.5891
RE1,S11,LNDBLT,LND,2022,4.7228
RE1,S11,LNDBLT,LND,2023,4.8564
RE1,S11,LNDBLT,LND,2024,5.0347
RE1,S11,LNDBLT,LND,2025,5.1683
RE1,S11,LNDBLT,LND,2026,5.302
RE1,S11,LNDBLT,LND,2027,5.4802
RE1,S11,LNDBLT,LND,2028,5.6584
RE1,S11,LNDBLT,LND,2029,5.7921
RE1,S11,LNDBLT,LND,2030,5.9703
RE1,S11,LNDBLT,LND,2031,6.1485
RE1,S11,LNDBLT,LND,2032,6.3713
RE1,S11,LNDBLT,LND,2033,6.5495
RE1,S11,LNDBLT,LND,2034,6.7277
RE1,S11,LNDBLT,LND,2035,6.9505
RE1,S11,LNDBLT,WTRPRC,2020,5.3465
RE1,S11,LNDBLT,WTRPRC,2021,5.5069
RE1,S11,LNDBLT,WTRPRC,2022,5.6673
RE1,S11,LNDBLT,WTRPRC,2023,5.8277
RE1,S11,LNDBLT,WTRPRC,2024,6.0416
RE1,S11,LNDBLT,WTRPRC,2025,6.202
RE1,S11,LNDBLT,WTRPRC,2026,6.3624
RE1,S11,LNDBLT,WTRPRC,2027,6.5762
RE1,S11,LNDBLT,WTRPRC,2028,6.7901
RE1,S11,LNDBLT,WTRPRC,2029,6.9505
RE1,S11,LNDBLT,WTRPRC,2030,7.1644
RE1,S11,LNDBLT,WTRPRC,2031,7.3782
RE1,S11,LNDBLT,WTRPRC,2032,7.6455
RE1,S11,LNDBLT,WTRPRC,2033,7.8594
RE1,S11,LNDBLT,WTRPRC,2034,8.0733
RE1,S11,LNDBLT,WTRPRC,2035,8.3406
RE1,S11,LNDFOR,LND,2020,77.9703
RE1,S11,LNDFOR,LND,2021,76.9233
RE1,S11,LNDFOR,LND,2022,75.9208
RE1,S11,LNDFOR,LND,2023,74.8181
RE1,S11,LNDFOR,LND,2024,73.6708
RE1,S11,LNDFOR,LND,2025,70.3403
RE1,S11,LNDFOR,LND,2026,69.1931
RE1,S11,LNDFOR,LND,2027,68.0012
RE1,S11,LNDFOR,LND,2028,66.7537
RE1,S11,LNDFOR,LND,2029,65.4951
RE1,S11,LNDFOR,LND,2030,64.2475
RE1,S11,LNDFOR,LND,2031,62.8998
RE1,S11,LNDFOR,LND,2032,61.552
RE1,S11,LNDFOR,LND,2033,60.1597
RE1,S11,LNDFOR,LND,2034,58.7562
RE1,S11,LNDFOR,LND,2035,57.3082
RE1,S11,LNDFOR,WTRPRC,2020,93.5644
RE1,S11,LNDFOR,WTRPRC,2021,92.3079
RE1,S11,LNDFOR,WTRPRC,2022,91.105
RE1,S11,LNDFOR,WTRPRC,2023,89.7817
RE1,S11,LNDFOR,WTRPRC,2024,88.405
RE1,S11,LNDFOR,WTRPRC,2025,84.4084
RE1,S11,LNDFOR,WTRPRC,2026,83.0317
RE1,S11,LNDFOR,WTRPRC,2027,81.6015
RE1,S11,LNDFOR,WTRPRC,2028,80.1045
RE1,S11,LNDFOR,WTRPRC,2029,78.5941
RE1,S11,LNDFOR,WTRPRC,2030,77.097
RE1,S11,LNDFOR,WTRPRC,2031,75.4797
RE1,S11,LNDFOR,WTRPRC,2032,73.8624
RE1,S11,LNDFOR,WTRPRC,2033,72.1916
RE1,S11,LNDFOR,WTRPRC,2034,70.5074
RE1,S11,LNDFOR,WTRPRC,2035,68.7698
RE1,S11,LNDMAIHI,AGRDSL,2020,0.0
RE1,S11,LNDMAIHI,AGRDSL,2021,0.0
RE1,S11,LNDMAIHI,AGRDSL,2022,0.0
RE1,S11,LNDMAIHI,AGRDSL,2023,0.0
RE1,S11,LNDMAIHI,AGRDSL,2024,0.0
RE1,S11,LNDMAIHI,AGRDSL,2025,0.0
RE1,S11,LNDMAIHI,AGRDSL,2026,0.0
RE1,S11,LNDMAIHI,AGRDSL,2027,0.0
RE1,S11,LNDMAIHI,AGRDSL,2028,0.0
RE1,S11,LNDMAIHI,AGRDSL,2029,0.0
RE1,S11,LNDMAIHI,AGRDSL,2030,0.0
RE1,S11,LNDMAIHI,AGRDSL,2031,0.0
RE1,S11,LNDMAIHI,AGRDSL,2032,0.0
RE1,S11,LNDMAIHI,AGRDSL,2033,0.0
RE1,S11,LNDMAIHI,AGRDSL,2034,0.0
RE1,S11,LNDMAIHI,AGRDSL,2035,0.0
RE1,S11,LNDMAIHI,ELC002,2020,0.0
RE1,S11,LNDMAIHI,ELC002,2021,0.0
RE1,S11,LNDMAIHI,ELC002,2022,0.0
RE1,S11,LNDMAIHI,ELC002,2023,0.0
RE1,S11,LNDMAIHI,ELC002,2024,0.0
RE1,S11,LNDMAIHI,ELC002,2025,0.0
RE1,S11,LNDMAIHI,ELC002,2026,0.0
RE1,S11,LNDMAIHI,ELC002,2027,0.0
RE1,S11,LNDMAIHI,ELC002,2028,0.0
RE1,S11,LNDMAIHI,ELC002,2029,0.0
RE1,S11,LNDMAIHI,ELC002,2030,0.0
RE1,S11,LNDMAIHI,ELC002,2031,0.0
RE1,S11,LNDMAIHI,ELC002,2032,0.0
RE1,S11,LNDMAIHI,ELC002,2033,0.0
RE1,S11,LNDMAIHI,ELC002,2034,0.0
RE1,S11,LNDMAIHI,ELC002,2035,0.0
RE1,S11,LNDMAIHI,LND,2020,0.0
RE1,S11,LNDMAIHI,LND,2021,0.0
RE1,S11,LNDMAIHI,LND,2022,0.0
RE1,S11,LNDMAIHI,LND,2023,0.0
RE1,S11,LNDMAIHI,LND,2024,0.0
RE1,S11,LNDMAIHI,LND,2025,0.0
RE1,S11,LNDMAIHI,LND,2026,0.0
RE1,S11,LNDMAIHI,LND,2027,0.0
RE1,S11,LNDMAIHI,LND,2028,0.0
RE1,S11,LNDMAIHI,LND,2029,0.0
RE1,S11,LNDMAIHI,LND,2030,0.0
RE1,S11,LNDMAIHI,LND,2031,0.0
RE1,S11,LNDMAIHI,LND,2032,0.0
RE1,S11,LNDMAIHI,LND,2033,0.0
RE1,S11,LNDMAIHI,LND,2034,0.0
RE1,S11,LNDMAIHI,LND,2035,0.0
RE1,S11,LNDMAIHI,WTRPRC,2020,0.0
RE1,S11,LNDMAIHI,WTRPRC,2021,0.0
RE1,S11,LNDMAIHI,WTRPRC,2022,0.0
RE1,S11,LNDMAIHI,WTRPRC,2023,0.0
RE1,S11,LNDMAIHI,WTRPRC,2024,0.0
RE1,S11,LNDMAIHI,WTRPRC,2025,0.0
RE1,S11,LNDMAIHI,WTRPRC,2026,0.0
RE1,S11,LNDMAIHI,WTRPRC,2027,0.0
RE1,S11,LNDMAIHI,WTRPRC,2028,0.0
RE1,S11,LNDMAIHI,WTRPRC,2029,0.0
RE1,S11,LNDMAIHI,WTRPRC,2030,0.0
RE1,S11,LNDMAIHI,WTRPRC,2031,0.0
RE1,S11,LNDMAIHI,WTRPRC,2032,0.0
RE1,S11,LNDMAIHI,WTRPRC,2033,0.0
RE1,S11,LNDMAIHI,WTRPRC,2034,0.0
RE1,S11,LNDMAIHI,WTRPRC,2035,0.0
RE1,S11,LNDMAIHR,AGRDSL,2020,0.0
RE1,S11,LNDMAIHR,AGRDSL,2021,0.0
RE1,S11,LNDMAIHR,AGRDSL,2022,0.0
RE1,S11,LNDMAIHR,AGRDSL,2023,0.0
RE1,S11,LNDMAIHR,AGRDSL,2024,0.0
RE1,S11,LNDMAIHR,AGRDSL,2025,0.0
RE1,S11,LNDMAIHR,AGRDSL,2026,0.0
RE1,S11,LNDMAIHR,AGRDSL,2027,0.0
RE1,S11,LNDMAIHR,AGRDSL,2028,0.0
RE1,S11,LNDMAIHR,AGRDSL,2029,0.0
RE1,S11,LNDMAIHR,AGRDSL,2030,0.0
RE1,S11,LNDMAIHR,AGRDSL,2031,0.0
RE1,S11,LNDMAIHR,AGRDSL,2032,0.0
RE1,S11,LNDMAIHR,AGRDSL,2033,0.0
RE1,S11,LNDMAIHR,AGRDSL,2034,0.0
RE1,S11,LNDMAIHR,AGRDSL,2035,0.0
RE1,S11,LNDMAIHR,LND,2020,22.2772
RE1,S11,LNDMAIHR,LND,2021,22.8342
RE1,S11,LNDMAIHR,LND,2022,23.3911
RE1,S11,LNDMAIHR,LND,2023,24.0037
RE1,S11,LNDMAIHR,LND,2024,24.6163
RE1,S11,LNDMAIHR,LND,2025,25.229
RE1,S11,LNDMAIHR,LND,2026,25.8416
RE1,S11,LNDMAIHR,LND,2027,26.4542
RE1,S11,LNDMAIHR,LND,2028,27.1225
RE1,S11,LNDMAIHR,LND,2029,27.8465
RE1,S11,LNDMAIHR,LND,2030,28.5149
RE1,S11,LNDMAIHR,LND,2031,29.2389
RE1,S11,LNDMAIHR,LND,2032,29.9629
RE1,S11,LNDMAIHR,LND,2033,30.6869
RE1,S11,LNDMAIHR,LND,2034,31.4666
RE1,S11,LNDMAIHR,LND,2035,32.2463
RE1,S11,LNDMAIHR,WTRPRC,2020,26.7327
RE1,S11,LNDMAIHR,WTRPRC,2021,27.401
RE1,S11,LNDMAIHR,WTRPRC,2022,28.0693
RE1,S11,LNDMAIHR,WTRPRC,2023,28.8045
RE1,S11,LNDMAIHR,WTRPRC,2024,29.5396
RE1,S11,LNDMAIHR,WTRPRC,2025,30.2748
RE1,S11,LNDMAIHR,WTRPRC,2026,31.0099
RE1,S11,LNDMAIHR,WTRPRC,2027,31.745
RE1,S11,LNDMAIHR,WTRPRC,2028,32.547
RE1,S11,LNDMAIHR,WTRPRC,2029,33.4158
RE1,S11,LNDMAIHR,WTRPRC,2030,34.2178
RE1,S11,LNDMAIHR,WTRPRC,2031,35.0866
RE1,S11,LNDMAIHR,WTRPRC,2032,35.9554
RE1,S11,LNDMAIHR,WTRPRC,2033,36.8243
RE1,S11,LNDMAIHR,WTRPRC,2034,37.7599
RE1,S11,LNDMAIHR,WTRPRC,2035,38.6955
RE1,S11,LNDRICHI,AGRDSL,2020,0.0
RE1,S11,LNDRICHI,AGRDSL,2021,0.0
RE1,S11,LNDRICHI,AGRDSL,2022,0.0
RE1,S11,LNDRICHI,AGRDSL,2023,0.0
RE1,S11,LNDRICHI,AGRDSL,2024,0.0
RE1,S11,LNDRICHI,AGRDSL,2025,0.0
RE1,S11,LNDRICHI,AGRDSL,2026,0.0
RE1,S11,LNDRICHI,AGRDSL,2027,0.0
RE1,S11,LNDRICHI,AGRDSL,2028,0.0
RE1,S11,LNDRICHI,AGRDSL,2029,0.0
RE1,S11,LNDRICHI,AGRDSL,2030,0.0
RE1,S11,LNDRICHI,AGRDSL,2031,0.0
RE1,S11,LNDRICHI,AGRDSL,2032,0.0
RE1,S11,LNDRICHI,AGRDSL,2033,0.0
RE1,S11,LNDRICHI,AGRDSL,2034,0.0
RE1,S11,LNDRICHI,AGRDSL,2035,0.0
RE1,S11,LNDRICHI,ELC002,2020,0.0
RE1,S11,LNDRICHI,ELC002,2021,0.0
RE1,S11,LNDRICHI,ELC002,2022,0.0
RE1,S11,LNDRICHI,ELC002,2023,0.0
RE1,S11,LNDRICHI,ELC002,2024,0.0
RE1,S11,LNDRICHI,ELC002,2025,0.0
RE1,S11,LNDRICHI,ELC002,2026,0.0
RE1,S11,LNDRICHI,ELC002,2027,0.0
RE1,S11,LNDRICHI,ELC002,2028,0.0
RE1,S11,LNDRICHI,ELC002,2029,0.0
RE1,S11,LNDRICHI,ELC002,2030,0.0
RE1,S11,LNDRICHI,ELC002,2031,0.0
RE1,S11,LNDRICHI,ELC002,2032,0.0
RE1,S11,LNDRICHI,ELC002,2033,0.0
RE1,S11,LNDRICHI,ELC002,2034,0.0
RE1,S11,LNDRICHI,ELC002,2035,0.0
RE1,S11,LNDRICHI,LND,2020,0.0
RE1,S11,LNDRICHI,LND,2021,0.0
RE1,S11,LNDRICHI,LND,2022,0.0
RE1,S11,LNDRICHI,LND,2023,0.0
RE1,S11,LNDRICHI,LND,2024,0.0
RE1,S11,LNDRICHI,LND,2025,0.0
RE1,S11,LNDRICHI,LND,2026,0.0
RE1,S11,LNDRICHI,LND,2027,0.0
RE1,S11,LNDRICHI,LND,2028,0.0
RE1,S11,LNDRICHI,LND,2029,0.0
RE1,S11,LNDRICHI,LND,2030,0.0
RE1,S11,LNDRICHI,LND,2031,0.0
RE1,S11,LNDRICHI,LND,2032,0.0
RE1,S11,LNDRICHI,LND,2033,0.0
RE1,S11,LNDRICHI,LND,2034,0.0
RE1,S11,LNDRICHI,LND,2035,0.0
RE1,S11,LNDRICHI,WTRPRC,2020,0.0
RE1,S11,LNDRICHI,WTRPRC,2021,0.0
RE1,S11,LNDRICHI,WTRPRC,2022,0.0
RE1,S11,LNDRICHI,WTRPRC,2023,0.0
RE1,S11,LNDRICHI,WTRPRC,2024,0.0
RE1,S11,LNDRICHI,WTRPRC,2025,0.0
RE1,S11,LNDRICHI,WTRPRC,2026,0.0
RE1,S11,LNDRICHI,WTRPRC,2027,0.0
RE1,S11,LNDRICHI,WTRPRC,2028,0.0
RE1,S11,LNDRICHI,WTRPRC,2029,0.0
RE1,S11,LNDRICHI,WTRPRC,2030,0.0
RE1,S11,LNDRICHI,WTRPRC,2031,0.0
RE1,S11,LNDRICHI,WTRPRC,2032,0.0
RE1,S11,LNDRICHI,WTRPRC,2033,0.0
RE1,S11,LNDRICHI,WTRPRC,2034,0.0
RE1,S11,LNDRICHI,WTRPRC,2035,0.0
RE1,S11,LNDRICHR,AGRDSL,2020,0.0
RE1,S11,LNDRICHR,AGRDSL,2021,0.0
RE1,S11,LNDRICHR,AGRDSL,2022,0.0
RE1,S11,LNDRICHR,AGRDSL,2023,0.0
RE1,S11,LNDRICHR,AGRDSL,2024,0.0
RE1,S11,LNDRICHR,AGRDSL,2025,0.0
RE1,S11,LNDRICHR,AGRDSL,2026,0.0
RE1,S11,LNDRICHR,AGRDSL,2027,0.0
RE1,S11,LNDRICHR,AGRDSL,2028,0.0
RE1,S11,LNDRICHR,AGRDSL,2029,0.0
RE1,S11,LNDRICHR,AGRDSL,2030,0.0
RE1,S11,LNDRICHR,AGRDSL,2031,0.0
RE1,S11,LNDRICHR,AGRDSL,2032,0.0
RE1,S11,LNDRICHR,AGRDSL,2033,0.0
RE1,S11,LNDRICHR,AGRDSL,2034,0.0
RE1,S11,LNDRICHR,AGRDSL,2035,0.0
RE1,S11,LNDRICHR,LND,2020,13.3663
RE1,S11,LNDRICHR,LND,2021,13.7228
RE1,S11,LNDRICHR,LND,2022,14.0347
RE1,S11,LNDRICHR,LND,2023,14.3911
RE1,S11,LNDRICHR,LND,2024,14.7475
RE1,S11,LNDRICHR,LND,2025,15.104
RE1,S11,LNDRICHR,LND,2026,15.505
RE1,S11,LNDRICHR,LND,2027,15.9059
RE1,S11,LNDRICHR,LND,2028,16.3069
RE1,S11,LNDRICHR,LND,2029,16.7079
RE1,S11,LNDRICHR,LND,2030,17.1089
RE1,S11,LNDRICHR,LND,2031,17.5545
RE1,S11,LNDRICHR,LND,2032,17.9554
RE1,S11,LNDRICHR,LND,2033,18.4455
RE1,S11,LNDRICHR,LND,2034,18.8911
RE1,S11,LNDRICHR,LND,2035,19.3366
RE1,S11,LNDRICHR,WTRPRC,2020,16.0396
RE1,S11,LNDRICHR,WTRPRC,2021,16.4673
RE1,S11,LNDRICHR,WTRPRC,2022,16.8416
RE1,S11,LNDRICHR,WTRPRC,2023,17.2693
RE1,S11,LNDRICHR,WTRPRC,2024,17.697
RE1,S11,LNDRICHR,WTRPRC,2025,18.1248
RE1,S11,LNDRICHR,WTRPRC,2026,18.6059
RE1,S11,LNDRICHR,WTRPRC,2027,19.0871
RE1,S11,LNDRICHR,WTRPRC,2028,19.5683
RE1,S11,LNDRICHR,WTRPRC,2029,20.0495
RE1,S11,LNDRICHR,WTRPRC,2030,20.5307
RE1,S11,LNDRICHR,WTRPRC,2031,21.0653
RE1,S11,LNDRICHR,WTRPRC,2032,21.5465
RE1,S11,LNDRICHR,WTRPRC,2033,22.1347
RE1,S11,LNDRICHR,WTRPRC,2034,22.6693
RE1,S11,LNDRICHR,WTRPRC,2035,23.204
RE1,S11,LNDWAT,LND,2020,15.5941
RE1,S11,LNDWAT,LND,2021,15.5941
RE1,S11,LNDWAT,LND,2022,15.5941
RE1,S11,LNDWAT,LND,2023,15.5941
RE1,S11,LNDWAT,LND,2024,15.5941
RE1,S11,LNDWAT,LND,2025,17.8218
RE1,S11,LNDWAT,LND,2026,17.8218
RE1,S11,LNDWAT,LND,2027,17.8218
RE1,S11,LNDWAT,LND,2028,17.8218
RE1,S11,LNDWAT,LND,2029,17.8218
RE1,S11,LNDWAT,LND,2030,17.8218
RE1,S11,LNDWAT,LND,2031,17.8218
RE1,S11,LNDWAT,LND,2032,17.8218
RE1,S11,LNDWAT,LND,2033,17.8218
RE1,S11,LNDWAT,LND,2034,17.8218
RE1,S11,LNDWAT,LND,2035,17.8218
RE1,S11,LNDWAT,WTRPRC,2020,18.7129
RE1,S11,LNDWAT,WTRPRC,2021,18.7129
RE1,S11,LNDWAT,WTRPRC,2022,18.7129
RE1,S11,LNDWAT,WTRPRC,2023,18.7129
RE1,S11,LNDWAT,WTRPRC,2024,18.7129
RE1,S11,LNDWAT,WTRPRC,2025,21.3861
RE1,S11,LNDWAT,WTRPRC,2026,21.3861
RE1,S11,LNDWAT,WTRPRC,2027,21.3861
RE1,S11,LNDWAT,WTRPRC,2028,21.3861
RE1,S11,LNDWAT,WTRPRC,2029,21.3861
RE1,S11,LNDWAT,WTRPRC,2030,21.3861
RE1,S11,LNDWAT,WTRPRC,2031,21.3861
RE1,S11,LNDWAT,WTRPRC,2032,21.3861
RE1,S11,LNDWAT,WTRPRC,2033,21.3861
RE1,S11,LNDWAT,WTRPRC,2034,21.3861
RE1,S11,LNDWAT,WTRPRC,2035,21.3861
RE1,S11,PWRCOA,COA,2020,70.4768
RE1,S11,PWRCOA,COA,2021,73.6448
RE1,S11,PWRCOA,COA,2022,75.7568
RE1,S11,PWRCOA,COA,2023,78.9248
RE1,S11,PWRCOA,COA,2024,81.0368
RE1,S11,PWRCOA,COA,2025,77.8187
RE1,S11,PWRCOA,COA,2026,80.9867
RE1,S11,PWRCOA,COA,2027,75.4294
RE1,S11,PWRCOA,COA,2028,67.5909
RE1,S11,PWRCOA,COA,2029,59.7525
RE1,S11,PWRCOA,COA,2030,0.0
RE1,S11,PWRCOA,COA,2031,0.0
RE1,S11,PWRCOA,COA,2032,0.0
RE1,S11,PWRCOA,COA,2033,0.0
RE1,S11,PWRCOA,COA,2034,0.0
RE1,S11,PWRCOA,COA,2035,0.0
RE1,S11,PWRCOA,PWRWAT,2020,0.0
RE1,S11,PWRCOA,PWRWAT,2021,0.0
RE1,S11,PWRCOA,PWRWAT,2022,0.0
RE1,S11,PWRCOA,PWRWAT,2023,0.0
RE1,S11,PWRCOA,PWRWAT,2024,0.0
RE1,S11,PWRCOA,PWRWAT,2025,0.0
RE1,S11,PWRCOA,PWRWAT,2026,0.0
RE1,S11,PWRCOA,PWRWAT,2027,0.0
RE1,S11,PWRCOA,PWRWAT,2028,0.0
RE1,S11,PWRCOA,PWRWAT,2029,0.0
RE1,S11,PWRCOA,PWRWAT,2030,0.0
RE1,S11,PWRCOA,PWRWAT,2031,0.0
RE1,S11,PWRCOA,PWRWAT,2032,0.0
RE1,S11,PWRCOA,PWRWAT,2033,0.0
RE1,S11,PWRCOA,PWRWAT,2034,0.0
RE1,S11,PWRCOA,PWRWAT,2035,0.0
RE1,S11,PWRGAS,GAS,2020,0.0
RE1,S11,PWRGAS,GAS,2021,0.0
RE1,S11,PWRGAS,GAS,2022,0.0
RE1,S11,PWRGAS,GAS,2023,0.0
RE1,S11,PWRGAS,GAS,2024,0.0
RE1,S11,PWRGAS,GAS,2025,0.0
RE1,S11,PWRGAS,GAS,2026,0.0
RE1,S11,PWRGAS,GAS,2027,0.0
RE1,S11,PWRGAS,GAS,2028,0.0
RE1,S11,PWRGAS,GAS,2029,0.0
RE1,S11,PWRGAS,GAS,2030,0.0
RE1,S11,PWRGAS,GAS,2031,0.0
RE1,S11,PWRGAS,GAS,2032,0.0
RE1,S11,PWRGAS,GAS,2033,0.0
RE1,S11,PWRGAS,GAS,2034,0.0
RE1,S11,PWRGAS,GAS,2035,0.0
RE1,S11,PWRGAS,PWRWAT,2020,0.0
RE1,S11,PWRGAS,PWRWAT,2021,0.0
RE1,S11,PWRGAS,PWRWAT,2022,0.0
RE1,S11,PWRGAS,PWRWAT,2023,0.0
RE1,S11,PWRGAS,PWRWAT,2024,0.0
RE1,S11,PWRGAS,PWRWAT,2025,0.0
RE1,S11,PWRGAS,PWRWAT,2026,0.0
RE1,S11,PWRGAS,PWRWAT,2027,0.0
RE1,S11,PWRGAS,PWRWAT,2028,0.0
RE1,S11,PWRGAS,PWRWAT,2029,0.0
RE1,S11,PWRGAS,PWRWAT,2030,0.0
RE1,S11,PWRGAS,PWRWAT,2031,0.0
RE1,S11,PWRGAS,PWRWAT,2032,0.0
RE1,S11,PWRGAS,PWRWAT,2033,0.0
RE1,S11,PWRGAS,PWRWAT,2034,0.0
RE1,S11,PWRGAS,PWRWAT,2035,0.0
RE1,S11,PWRHYD,HYD,2020,4.2574
RE1,S11,PWRHYD,HYD,2021,4.2574
RE1,S11,PWRHYD,HYD,2022,4.2574
RE1,S11,PWRHYD,HYD,2023,4.2574
RE1,S11,PWRHYD,HYD,2024,4.2574
RE1,S11,PWRHYD,HYD,2025,6.386
RE1,S11,PWRHYD,HYD,2026,6.386
RE1,S11,PWRHYD,HYD,2027,6.386
RE1,S11,PWRHYD,HYD,2028,6.386
RE1,S11,PWRHYD,HYD,2029,6.386
RE1,S11,PWRHYD,HYD,2030,6.386
RE1,S11,PWRHYD,HYD,2031,6.386
RE1,S11,PWRHYD,HYD,2032,6.386
RE1,S11,PWRHYD,HYD,2033,6.386
RE1,S11,PWRHYD,HYD,2034,6.386
RE1,S11,PWRHYD,HYD,2035,6.386
RE1,S11,PWRSOL,SOL,2020,3.193
RE1,S11,PWRSOL,SOL,2021,3.193
RE1,S11,PWRSOL,SOL,2022,3.193
RE1,S11,PWRSOL,SOL,2023,3.193
RE1,S11,PWRSOL,SOL,2024,3.193
RE1,S11,PWRSOL,SOL,2025,3.193
RE1,S11,PWRSOL,SOL,2026,3.193
RE1,S11,PWRSOL,SOL,2027,3.193
RE1,S11,PWRSOL,SOL,2028,3.193
RE1,S11,PWRSOL,SOL,2029,3.193
RE1,S11,PWRSOL,SOL,2030,3.193
RE1,S11,PWRSOL,SOL,2031,3.193
RE1,S11,PWRSOL,SOL,2032,3.193
RE1,S11,PWRSOL,SOL,2033,3.193
RE1,S11,PWRSOL,SOL,2034,3.193
RE1,S11,PWRSOL,SOL,2035,3.193
RE1,S11,PWRTRN,ELC001,2020,35.2
RE1,S11,PWRTRN,ELC001,2021,36.256
RE1,S11,PWRTRN,ELC001,2022,36.96
RE1,S11,PWRTRN,ELC001,2023,38.016
RE1,S11,PWRTRN,ELC001,2024,38.72
RE1,S11,PWRTRN,ELC001,2025,39.776
RE1,S11,PWRTRN,ELC001,2026,40.832
RE1,S11,PWRTRN,ELC001,2027,41.888
RE1,S11,PWRTRN,ELC001,2028,42.944
RE1,S11,PWRTRN,ELC001,2029,44.0
RE1,S11,PWRTRN,ELC001,2030,45.056
RE1,S11,PWRTRN,ELC001,2031,46.112
RE1,S11,PWRTRN,ELC001,2032,47.168
RE1,S11,PWRTRN,ELC001,2033,48.576
RE1,S11,PWRTRN,ELC001,2034,49.632
RE1,S11,PWRTRN,ELC001,2035,51.04
RE1,S11,PWRWND,WND,2020,4.2574
RE1,S11,PWRWND,WND,2021,4.2574
RE1,S11,PWRWND,WND,2022,4.2574
RE1,S11,PWRWND,WND,2023,4.2574
RE1,S11,PWRWND,WND,2024,4.2574
RE1,S11,PWRWND,WND,2025,4.2574
RE1,S11,PWRWND,WND,2026,4.2574
RE1,S11,PWRWND,WND,2027,7.1658
RE1,S11,PWRWND,WND,2028,10.8346
RE1,S11,PWRWND,WND,2029,14.5034
RE1,S11,PWRWND,WND,2030,35.4769
RE1,S11,PWRWND,WND,2031,36.5329
RE1,S11,PWRWND,WND,2032,37.5889
RE1,S11,PWRWND,WND,2033,38.9969
RE1,S11,PWRWND,WND,2034,40.0529
RE1,S11,PWRWND,WND,2035,41.4609
RE1,S12,DEMPWRSURWAT,WTRSUR,2020,0.0
RE1,S12,DEMPWRSURWAT,WTRSUR,2021,0.0
RE1,S12,DEMPWRSURWAT,WTRSUR,2022,0.0
RE1,S12,DEMPWRSURWAT,WTRSUR,2023,0.0
RE1,S12,DEMPWRSURWAT,WTRSUR,2024,0.0
RE1,S12,DEMPWRSURWAT,WTRSUR,2025,0.0
RE1,S12,DEMPWRSURWAT,WTRSUR,2026,0.0
RE1,S12,DEMPWRSURWAT,WTRSUR,2027,0.0
RE1,S12,DEMPWRSURWAT,WTRSUR,2028,0.0
RE1,S12,DEMPWRSURWAT,WTRSUR,2029,0.0
RE1,S12,DEMPWRSURWAT,WTRSUR,2030,0.0
RE1,S12,DEMPWRSURWAT,WTRSUR,2031,0.0
RE1,S12,DEMPWRSURWAT,WTRSUR,2032,0.0
RE1,S12,DEMPWRSURWAT,WTRSUR,2033,0.0
RE1,S12,DEMPWRSURWAT,WTRSUR,2034,0.0
RE1,S12,DEMPWRSURWAT,WTRSUR,2035,0.0
RE1,S12,LNDBLT,LND,2020,2.1782
RE1,S12,LNDBLT,LND,2021,2.2436
RE1,S12,LNDBLT,LND,2022,2.3089
RE1,S12,LNDBLT,LND,2023,2.3743
RE1,S12,LNDBLT,LND,2024,2.4614
RE1,S12,LNDBLT,LND,2025,2.5267
RE1,S12,LNDBLT,LND,2026,2.5921
RE1,S12,LNDBLT,LND,2027,2.6792
RE1,S12,LNDBLT,LND,2028,2.7663
RE1,S12,LNDBLT,LND,2029,2.8317
RE1,S12,LNDBLT,LND,2030,2.9188
RE1,S12,LNDBLT,LND,2031,3.0059
RE1,S12,LNDBLT,LND,2032,3.1149
RE1,S12,LNDBLT,LND,2033,3.202
RE1,S12,LNDBLT,LND,2034,3.2891
RE1,S12,LNDBLT,LND,2035,3.398
RE1,S12,LNDBLT,WTRPRC,2020,2.6139
RE1,S12,LNDBLT,WTRPRC,2021,2.6923
RE1,S12,LNDBLT,WTRPRC,2022,2.7707
RE1,S12,LNDBLT,WTRPRC,2023,2.8491
RE1,S12,LNDBLT,WTRPRC,2024,2.9537
RE1,S12,LNDBLT,WTRPRC,2025,3.0321
RE1,S12,LNDBLT,WTRPRC,2026,3.1105
RE1,S12,LNDBLT,WTRPRC,2027,3.215
RE1,S12,LNDBLT,WTRPRC,2028,3.3196
RE1,S12,LNDBLT,WTRPRC,2029,3.398
RE1,S12,LNDBLT,WTRPRC,2030,3.5026
RE1,S12,LNDBLT,WTRPRC,2031,3.6071
RE1,S12,LNDBLT,WTRPRC,2032,3.7378
RE1,S12,LNDBLT,WTRPRC,2033,3.8424
RE1,S12,LNDBLT,WTRPRC,2034,3.9469
RE1,S12,LNDBLT,WTRPRC,2035,4.0776
RE1,S12,LNDFOR,LND,2020,38.1188
RE1,S12,LNDFOR,LND,2021,37.6069
RE1,S12,LNDFOR,LND,2022,37.1168
RE1,S12,LNDFOR,LND,2023,36.5777
RE1,S12,LNDFOR,LND,2024,36.0168
RE1,S12,LNDFOR,LND,2025,34.3886
RE1,S12,LNDFOR,LND,2026,33.8277
RE1,S12,LNDFOR,LND,2027,33.245
RE1,S12,LNDFOR,LND,2028,32.6351
RE1,S12,LNDFOR,LND,2029,32.0198
RE1,S12,LNDFOR,LND,2030,31.4099
RE1,S12,LNDFOR,LND,2031,30.751
RE1,S12,LNDFOR,LND,2032,30.0921
RE1,S12,LNDFOR,LND,2033,29.4114
RE1,S12,LNDFOR,LND,2034,28.7252
RE1,S12,LNDFOR,LND,2035,28.0173
RE1,S12,LNDFOR,WTRPRC,2020,45.7426
RE1,S12,LNDFOR,WTRPRC,2021,45.1283
RE1,S12,LNDFOR,WTRPRC,2022,44.5402
RE1,S12,LNDFOR,WTRPRC,2023,43.8933
RE1,S12,LNDFOR,WTRPRC,2024,43.2202
RE1,S12,LNDFOR,WTRPRC,2025,41.2663
RE1,S12,LNDFOR,WTRPRC,2026,40.5933
RE1,S12,LNDFOR,WTRPRC,2027,39.8941
RE1,S12,LNDFOR,WTRPRC,2028,39.1622
RE1,S12,LNDFOR,WTRPRC,2029,38.4238
RE1,S12,LNDFOR,WTRPRC,2030,37.6919
RE1,S12,LNDFOR,WTRPRC,2031,36.9012
RE1,S12,LNDFOR,WTRPRC,2032,36.1105
RE1,S12,LNDFOR,WTRPRC,2033,35.2937
RE1,S12,LNDFOR,WTRPRC,2034,34.4703
RE1,S12,LNDFOR,WTRPRC,2035,33.6208
RE1,S12,LNDMAIHI,AGRDSL,2020,0.0
RE1,S12,LNDMAIHI,AGRDSL,2021,0.0
RE1,S12,LNDMAIHI,AGRDSL,2022,0.0
RE1,S12,LNDMAIHI,AGRDSL,2023,0.0
RE1,S12,LNDMAIHI,AGRDSL,2024,0.0
RE1,S12,LNDMAIHI,AGRDSL,2025,0.0
RE1,S12,LNDMAIHI,AGRDSL,2026,0.0
RE1,S12,LNDMAIHI,AGRDSL,2027,0.0
RE1,S12,LNDMAIHI,AGRDSL,2028,0.0
RE1,S12,LNDMAIHI,AGRDSL,2029,0.0
RE1,S12,LNDMAIHI,AGRDSL,2030,0.0
RE1,S12,LNDMAIHI,AGRDSL,2031,0.0
RE1,S12,LNDMAIHI,AGRDSL,2032,0.0
RE1,S12,LNDMAIHI,AGRDSL,2033,0.0
RE1,S12,LNDMAIHI,AGRDSL,2034,0.0
RE1,S12,LNDMAIHI,AGRDSL,2035,0.0
RE1,S12,LNDMAIHI,ELC002,2020,0.0
RE1,S12,LNDMAIHI,ELC002,2021,0.0
RE1,S12,LNDMAIHI,ELC002,2022,0.0
RE1,S12,LNDMAIHI,ELC002,2023,0.0
RE1,S12,LNDMAIHI,ELC002,2024,0.0
RE1,S12,LNDMAIHI,ELC002,2025,0.0
RE1,S12,LNDMAIHI,ELC002,2026,0.0
RE1,S12,LNDMAIHI,ELC002,2027,0.0
RE1,S12,LNDMAIHI,ELC002,2028,0.0
RE1,S12,LNDMAIHI,ELC002,2029,0.0
RE1,S12,LNDMAIHI,ELC002,2030,0.0
RE1,S12,LNDMAIHI,ELC002,2031,0.0
RE1,S12,LNDMAIHI,ELC002,2032,0.0
RE1,S12,LNDMAIHI,ELC002,2033,0.0
RE1,S12,LNDMAIHI,ELC002,2034,0.0
RE1,S12,LNDMAIHI,ELC002,2035,0.0
RE1,S12,LNDMAIHI,LND,2020,0.0
RE1,S12,LNDMAIHI,LND,2021,0.0
RE1,S12,LNDMAIHI,LND,2022,0.0
RE1,S12,LNDMAIHI,LND,2023,0.0
RE1,S12,LNDMAIHI,LND,2024,0.0
RE1,S12,LNDMAIHI,LND,2025,0.0
RE1,S12,LNDMAIHI,LND,2026,0.0
RE1,S12,LNDMAIHI,LND,2027,0.0
RE1,S12,LNDMAIHI,LND,2028,0.0
RE1,S12,LNDMAIHI,LND,2029,0.0
RE1,S12,LNDMAIHI,LND,2030,0.0
RE1,S12,LNDMAIHI,LND,2031,0.0
RE1,S12,LNDMAIHI,LND,2032,0.0
RE1,S12,LNDMAIHI,LND,2033,0.0
RE1,S12,LNDMAIHI,LND,2034,0.0
RE1,S12,LNDMAIHI,LND,2035,0.0
RE1,S12,LNDMAIHI,WTRPRC,2020,0.0
RE1,S12,LNDMAIHI,WTRPRC,2021,0.0
RE1,S12,LNDMAIHI,WTRPRC,2022,0.0
RE1,S12,LNDMAIHI,WTRPRC,2023,0.0
RE1,S12,LNDMAIHI,WTRPRC,2024,0.0
RE1,S12,LNDMAIHI,WTRPRC,2025,0.0
RE1,S12,LNDMAIHI,WTRPRC,2026,0.0
RE1,S12,LNDMAIHI,WTRPRC,2027,0.0
RE1,S12,LNDMAIHI,WTRPRC,2028,0.0
RE1,S12,LNDMAIHI,WTRPRC,2029,0.0
RE1,S12,LNDMAIHI,WTRPRC,2030,0.0
RE1,S12,LNDMAIHI,WTRPRC,2031,0.0
RE1,S12,LNDMAIHI,WTRPRC,2032,0.0
RE1,S12,LNDMAIHI,WTRPRC,2033,0.0
RE1,S12,LNDMAIHI,WTRPRC,2034,0.0
RE1,S12,LNDMAIHI,WTRPRC,2035,0.0
RE1,S12,LNDMAIHR,AGRDSL,2020,0.0
RE1,S12,LNDMAIHR,AGRDSL,2021,0.0
RE1,S12,LNDMAIHR,AGRDSL,2022,0.0
RE1,S12,LNDMAIHR,AGRDSL,2023,0.0
RE1,S12,LNDMAIHR,AGRDSL,2024,0.0
RE1,S12,LNDMAIHR,AGRDSL,2025,0.0
RE1,S12,LNDMAIHR,AGRDSL,2026,0.0
RE1,S12,LNDMAIHR,AGRDSL,2027,0.0
RE1,S12,LNDMAIHR,AGRDSL,2028,0.0
RE1,S12,LNDMAIHR,AGRDSL,2029,0.0
RE1,S12,LNDMAIHR,AGRDSL,2030,0.0
RE1,S12,LNDMAIHR,AGRDSL,2031,0.0
RE1,S12,LNDMAIHR,AGRDSL,2032,0.0
RE1,S12,LNDMAIHR,AGRDSL,2033,0.0
RE1,S12,LNDMAIHR,AGRDSL,2034,0.0
RE1,S12,LNDMAIHR,AGRDSL,2035,0.0
RE1,S12,LNDMAIHR,LND,2020,10.8911
RE1,S12,LNDMAIHR,LND,2021,11.1634
RE1,S12,LNDMAIHR,LND,2022,11.4356
RE1,S12,LNDMAIHR,LND,2023,11.7351
RE1,S12,LNDMAIHR,LND,2024,12.0347
RE1,S12,LNDMAIHR,LND,2025,12.3342
RE1,S12,LNDMAIHR,LND,2026,12.6337
RE1,S12,LNDMAIHR,LND,2027,12.9332
RE1,S12,LNDMAIHR,LND,2028,13.2599
RE1,S12,LNDMAIHR,LND,2029,13.6139
RE1,S12,LNDMAIHR,LND,2030,13.9406
RE1,S12,LNDMAIHR,LND,2031,14.2946
RE1,S12,LNDMAIHR,LND,2032,14.6485
RE1,S12,LNDMAIHR,LND,2033,15.0025
RE1,S12,LNDMAIHR,LND,2034,15.3837
RE1,S12,LNDMAIHR,LND,2035,15.7649
RE1,S12,LNDMAIHR,WTRPRC,2020,13.0693
RE1,S12,LNDMAIHR,WTRPRC,2021,13.396
RE1,S12,LNDMAIHR,WTRPRC,2022,13.7228
RE1,S12,LNDMAIHR,WTRPRC,2023,14.0822
RE1,S12,LNDMAIHR,WTRPRC,2024,14.4416
RE1,S12,LNDMAIHR,WTRPRC,2025,14.801
RE1,S12,LNDMAIHR,WTRPRC,2026,15.1604
RE1,S12,LNDMAIHR,WTRPRC,2027,15.5198
RE1,S12,LNDMAIHR,WTRPRC,2028,15.9119
RE1,S12,LNDMAIHR,WTRPRC,2029,16.3366
RE1,S12,LNDMAIHR,WTRPRC,2030,16.7287
RE1,S12,LNDMAIHR,WTRPRC,2031,17.1535
RE1,S12,LNDMAIHR,WTRPRC,2032,17.5782
RE1,S12,LNDMAIHR,WTRPRC,2033,18.003
RE1,S12,LNDMAIHR,WTRPRC,2034,18.4604
RE1,S12,LNDMAIHR,WTRPRC,2035,18.9178
RE1,S12,LNDRICHI,AGRDSL,2020,0.0
RE1,S12,LNDRICHI,AGRDSL,2021,0.0
RE1,S12,LNDRICHI,AGRDSL,2022,0.0
RE1,S12,LNDRICHI,AGRDSL,2023,0.0
RE1,S12,LNDRICHI,AGRDSL,2024,0.0
RE1,S12,LNDRICHI,AGRDSL,2025,0.0
RE1,S12,LNDRICHI,AGRDSL,2026,0.0
RE1,S12,LNDRICHI,AGRDSL,2027,0.0
RE1,S12,LNDRICHI,AGRDSL,2028,0.0
RE1,S12,LNDRICHI,AGRDSL,2029,0.0
RE1,S12,LNDRICHI,AGRDSL,2030,0.0
RE1,S12,LNDRICHI,AGRDSL,2031,0.0
RE1,S12,LNDRICHI,AGRDSL,2032,0.0
RE1,S12,LNDRICHI,AGRDSL,2033,0.0
RE1,S12,LNDRICHI,AGRDSL,2034,0.0
RE1,S12,LNDRICHI,AGRDSL,2035,0.0
RE1,S12,LNDRICHI,ELC002,2020,0.0
RE1,S12,LNDRICHI,ELC002,2021,0.0
RE1,S12,LNDRICHI,ELC002,2022,0.0
RE1,S12,LNDRICHI,ELC002,2023,0.0
RE1,S12,LNDRICHI,ELC002,2024,0.0
RE1,S12,LNDRICHI,ELC002,2025,0.0
RE1,S12,LNDRICHI,ELC002,2026,0.0
RE1,S12,LNDRICHI,ELC002,2027,0.0
RE1,S12,LNDRICHI,ELC002,2028,0.0
RE1,S12,LNDRICHI,ELC002,2029,0.0
RE1,S12,LNDRICHI,ELC002,2030,0.0
RE1,S12,LNDRICHI,ELC002,2031,0.0
RE1,S12,LNDRICHI,ELC002,2032,0.0
RE1,S12,LNDRICHI,ELC002,2033,0.0
RE1,S12,LNDRICHI,ELC002,2034,0.0
RE1,S12,LNDRICHI,ELC002,2035,0.0
RE1,S12,LNDRICHI,LND,2020,0.0
RE1,S12,LNDRICHI,LND,2021,0.0
RE1,S12,LNDRICHI,LND,2022,0.0
RE1,S12,LNDRICHI,LND,2023,0.0
RE1,S12,LNDRICHI,LND,2024,0.0
RE1,S12,LNDRICHI,LND,2025,0.0
RE1,S12,LNDRICHI,LND,2026,0.0
RE1,S12,LNDRICHI,LND,2027,0.0
RE1,S12,LNDRICHI,LND,2028,0.0
RE1,S12,LNDRICHI,LND,2029,0.0
RE1,S12,LNDRICHI,LND,2030,0.0
RE1,S12,LNDRICHI,LND,2031,0.0
RE1,S12,LNDRICHI,LND,2032,0.0
RE1,S12,LNDRICHI,LND,2033,0.0
RE1,S12,LNDRICHI,LND,2034,0.0
RE1,S12,LNDRICHI,LND,2035,0.0
RE1,S12,LNDRICHI,WTRPRC,2020,0.0
RE1,S12,LNDRICHI,WTRPRC,2021,0.0
RE1,S12,LNDRICHI,WTRPRC,2022,0.0
RE1,S12,LNDRICHI,WTRPRC,2023,0.0
RE1,S12,LNDRICHI,WTRPRC,2024,0.0
RE1,S12,LNDRICHI,WTRPRC,2025,0.0
RE1,S12,LNDRICHI,WTRPRC,2026,0.0
RE1,S12,LNDRICHI,WTRPRC,2027,0.0
RE1,S12,LNDRICHI,WTRPRC,2028,0.0
RE1,S12,LNDRICHI,WTRPRC,2029,0.0
RE1,S12,LNDRICHI,WTRPRC,2030,0.0
RE1,S12,LNDRICHI,WTRPRC,2031,0.0
RE1,S12,LNDRICHI,WTRPRC,2032,0.0
RE1,S12,LNDRICHI,WTRPRC,2033,0.0
RE1,S12,LNDRICHI,WTRPRC,2034,0.0
RE1,S12,LNDRICHI,WTRPRC,2035,0.0
RE1,S12,LNDRICHR,AGRDSL,2020,0.0
RE1,S12,LNDRICHR,AGRDSL,2021,0.0
RE1,S12,LNDRICHR,AGRDSL,2022,0.0
RE1,S12,LNDRICHR,AGRDSL,2023,0.0
RE1,S12,LNDRICHR,AGRDSL,2024,0.0
RE1,S12,LNDRICHR,AGRDSL,2025,0.0
RE1,S12,LNDRICHR,AGRDSL,2026,0.0
RE1,S12,LNDRICHR,AGRDSL,2027,0.0
RE1,S12,LNDRICHR,AGRDSL,2028,0.0
RE1,S12,LNDRICHR,AGRDSL,2029,0.0
RE1,S12,LNDRICHR,AGRDSL,2030,0.0
RE1,S12,LNDRICHR,AGRDSL,2031,0.0
RE1,S12,LNDRICHR,AGRDSL,2032,0.0
RE1,S12,LNDRICHR,AGRDSL,2033,0.0
RE1,S12,LNDRICHR,AGRDSL,2034,0.0
RE1,S12,LNDRICHR,AGRDSL,2035,0.0
RE1,S12,LNDRICHR,LND,2020,6.5347
RE1,S12,LNDRICHR,LND,2021,6.7089
RE1,S12,LNDRICHR,LND,2022,6.8614
RE1,S12,LNDRICHR,LND,2023,7.0356
RE1,S12,LNDRICHR,LND,2024,7.2099
RE1,S12,LNDRICHR,LND,2025,7.3842
RE1,S12,LNDRICHR,LND,2026,7.5802
RE1,S12,LNDRICHR,LND,2027,7.7762
RE1,S12,LNDRICHR,LND,2028,7.9723
RE1,S12,LNDRICHR,LND,2029,8.1683
RE1,S12,LNDRICHR,LND,2030,8.3644
RE1,S12,LNDRICHR,LND,2031,8.5822
RE1,S12,LNDRICHR,LND,2032,8.7782
RE1,S12,LNDRICHR,LND,2033,9.0178
RE1,S12,LNDRICHR,LND,2034,9.2356
RE1,S12,LNDRICHR,LND,2035,9.4535
RE1,S12,LNDRICHR,WTRPRC,2020,7.8416
RE1,S12,LNDRICHR,WTRPRC,2021,8.0507
RE1,S12,LNDRICHR,WTRPRC,2022,8.2337
RE1,S12,LNDRICHR,WTRPRC,2023,8.4428
RE1,S12,LNDRICHR,WTRPRC,2024,8.6519
RE1,S12,LNDRICHR,WTRPRC,2025,8.861
RE1,S12,LNDRICHR,WTRPRC,2026,9.0962
RE1,S12,LNDRICHR,WTRPRC,2027,9.3315
RE1,S12,LNDRICHR,WTRPRC,2028,9.5667
RE1,S12,LNDRICHR,WTRPRC,2029,9.802
RE1,S12,LNDRICHR,WTRPRC,2030,10.0372
RE1,S12,LNDRICHR,WTRPRC,2031,10.2986
RE1,S12,LNDRICHR,WTRPRC,2032,10.5339
RE1,S12,LNDRICHR,WTRPRC,2033,10.8214
RE1,S12,LNDRICHR,WTRPRC,2034,11.0828
RE1,S12,LNDRICHR,WTRPRC,2035,11.3442
RE1,S12,LNDWAT,LND,2020,7.6238
RE1,S12,LNDWAT,LND,2021,7.6238
RE1,S12,LNDWAT,LND,2022,7.6238
RE1,S12,LNDWAT,LND,2023,7.6238
RE1,S12,LNDWAT,LND,2024,7.6238
RE1,S12,LNDWAT,LND,2025,8.7129
RE1,S12,LNDWAT,LND,2026,8.7129
RE1,S12,LNDWAT,LND,2027,8.7129
RE1,S12,LNDWAT,LND,2028,8.7129
RE1,S12,LNDWAT,LND,2029,8.7129
RE1,S12,LNDWAT,LND,2030,8.7129
RE1,S12,LNDWAT,LND,2031,8.7129
RE1,S12,LNDWAT,LND,2032,8.7129
RE1,S12,LNDWAT,LND,2033,8.7129
RE1,S12,LNDWAT,LND,2034,8.7129
RE1,S12,LNDWAT,LND,2035,8.7129
RE1,S12,LNDWAT,WTRPRC,2020,9.1485
RE1,S12,LNDWAT,WTRPRC,2021,9.1485
RE1,S12,LNDWAT,WTRPRC,2022,9.1485
RE1,S12,LNDWAT,WTRPRC,2023,9.1485
RE1,S12,LNDWAT,WTRPRC,2024,9.1485
RE1,S12,LNDWAT,WTRPRC,2025,10.4554
RE1,S12,LNDWAT,WTRPRC,2026,10.4554
RE1,S12,LNDWAT,WTRPRC,2027,10.4554
RE1,S12,LNDWAT,WTRPRC,2028,10.4554
RE1,S12,LNDWAT,WTRPRC,2029,10.4554
RE1,S12,LNDWAT,WTRPRC,2030,10.4554
RE1,S12,LNDWAT,WTRPRC,2031,10.4554
RE1,S12,LNDWAT,WTRPRC,2032,10.4554
RE1,S12,LNDWAT,WTRPRC,2033,10.4554
RE1,S12,LNDWAT,WTRPRC,2034,10.4554
RE1,S12,LNDWAT,WTRPRC,2035,10.4554
RE1,S12,PWRCOA,COA,2020,15.9931
RE1,S12,PWRCOA,COA,2021,16.7851
RE1,S12,PWRCOA,COA,2022,17.3131
RE1,S12,PWRCOA,COA,2023,18.1051
RE1,S12,PWRCOA,COA,2024,18.6331
RE1,S12,PWRCOA,COA,2025,16.3031
RE1,S12,PWRCOA,COA,2026,17.0951
RE1,S12,PWRCOA,COA,2027,15.0432
RE1,S12,PWRCOA,COA,2028,12.248
RE1,S12,PWRCOA,COA,2029,9.4527
RE1,S12,PWRCOA,COA,2030,0.0
RE1,S12,PWRCOA,COA,2031,0.0
RE1,S12,PWRCOA,COA,2032,0.0
RE1,S12,PWRCOA,COA,2033,0.0
RE1,S12,PWRCOA,COA,2034,0.0
RE1,S12,PWRCOA,COA,2035,0.0
RE1,S12,PWRCOA,PWRWAT,2020,0.0
RE1,S12,PWRCOA,PWRWAT,2021,0.0
RE1,S12,PWRCOA,PWRWAT,2022,0.0
RE1,S12,PWRCOA,PWRWAT,2023,0.0
RE1,S12,PWRCOA,PWRWAT,2024,0.0
RE1,S12,PWRCOA,PWRWAT,2025,0.0
RE1,S12,PWRCOA,PWRWAT,2026,0.0
RE1,S12,PWRCOA,PWRWAT,2027,0.0
RE1,S12,PWRCOA,PWRWAT,2028,0.0
RE1,S12,PWRCOA,PWRWAT,2029,0.0
RE1,S12,PWRCOA,PWRWAT,2030,0.0
RE1,S12,PWRCOA,PWRWAT,2031,0.0
RE1,S12,PWRCOA,PWRWAT,2032,0.0
RE1,S12,PWRCOA,PWRWAT,2033,0.0
RE1,S12,PWRCOA,PWRWAT,2034,0.0
RE1,S12,PWRCOA,PWRWAT,2035,0.0
RE1,S12,PWRGAS,GAS,2020,0.0
RE1,S12,PWRGAS,GAS,2021,0.0
RE1,S12,PWRGAS,GAS,2022,0.0
RE1,S12,PWRGAS,GAS,2023,0.0
RE1,S12,PWRGAS,GAS,2024,0.0
RE1,S12,PWRGAS,GAS,2025,0.0
RE1,S12,PWRGAS,GAS,2026,0.0
RE1,S12,PWRGAS,GAS,2027,0.0
RE1,S12,PWRGAS,GAS,2028,0.0
RE1,S12,PWRGAS,GAS,2029,0.0
RE1,S12,PWRGAS,GAS,2030,0.0
RE1,S12,PWRGAS,GAS,2031,0.0
RE1,S12,PWRGAS,GAS,2032,0.0
RE1,S12,PWRGAS,GAS,2033,0.0
RE1,S12,PWRGAS,GAS,2034,0.0
RE1,S12,PWRGAS,GAS,2035,0.0
RE1,S12,PWRGAS,PWRWAT,2020,0.0
RE1,S12,PWRGAS,PWRWAT,2021,0.0
RE1,S12,PWRGAS,PWRWAT,2022,0.0
RE1,S12,PWRGAS,PWRWAT,2023,0.0
RE1,S12,PWRGAS,PWRWAT,2024,0.0
RE1,S12,PWRGAS,PWRWAT,2025,0.0
RE1,S12,PWRGAS,PWRWAT,2026,0.0
RE1,S12,PWRGAS,PWRWAT,2027,0.0
RE1,S12,PWRGAS,PWRWAT,2028,0.0
RE1,S12,PWRGAS,PWRWAT,2029,0.0
RE1,S12,PWRGAS,PWRWAT,2030,0.0
RE1,S12,PWRGAS,PWRWAT,2031,0.0
RE1,S12,PWRGAS,PWRWAT,2032,0.0
RE1,S12,PWRGAS,PWRWAT,2033,0.0
RE1,S12,PWRGAS,PWRWAT,2034,0.0
RE1,S12,PWRGAS,PWRWAT,2035,0.0
RE1,S12,PWRHYD,HYD,2020,2.0814
RE1,S12,PWRHYD,HYD,2021,2.0814
RE1,S12,PWRHYD,HYD,2022,2.0814
RE1,S12,PWRHYD,HYD,2023,2.0814
RE1,S12,PWRHYD,HYD,2024,2.0814
RE1,S12,PWRHYD,HYD,2025,3.1221
RE1,S12,PWRHYD,HYD,2026,3.1221
RE1,S12,PWRHYD,HYD,2027,3.1221
RE1,S12,PWRHYD,HYD,2028,3.1221
RE1,S12,PWRHYD,HYD,2029,3.1221
RE1,S12,PWRHYD,HYD,2030,0.0
RE1,S12,PWRHYD,HYD,2031,3.1221
RE1,S12,PWRHYD,HYD,2032,3.1221
RE1,S12,PWRHYD,HYD,2033,3.1221
RE1,S12,PWRHYD,HYD,2034,3.1221
RE1,S12,PWRHYD,HYD,2035,3.1221
RE1,S12,PWRSOL,SOL,2020,0.0
RE1,S12,PWRSOL,SOL,2021,0.0
RE1,S12,PWRSOL,SOL,2022,0.0
RE1,S12,PWRSOL,SOL,2023,0.0
RE1,S12,PWRSOL,SOL,2024,0.0
RE1,S12,PWRSOL,SOL,2025,0.0
RE1,S12,PWRSOL,SOL,2026,0.0
RE1,S12,PWRSOL,SOL,2027,0.0
RE1,S12,PWRSOL,SOL,2028,0.0
RE1,S12,PWRSOL,SOL,2029,0.0
RE1,S12,PWRSOL,SOL,2030,0.0
RE1,S12,PWRSOL,SOL,2031,0.0
RE1,S12,PWRSOL,SOL,2032,0.0
RE1,S12,PWRSOL,SOL,2033,0.0
RE1,S12,PWRSOL,SOL,2034,0.0
RE1,S12,PWRSOL,SOL,2035,0.0
RE1,S12,PWRTRN,ELC001,2020,8.8
RE1,S12,PWRTRN,ELC001,2021,9.064
RE1,S12,PWRTRN,ELC001,2022,9.24
RE1,S12,PWRTRN,ELC001,2023,9.504
RE1,S12,PWRTRN,ELC001,2024,9.68
RE1,S12,PWRTRN,ELC001,2025,9.944
RE1,S12,PWRTRN,ELC001,2026,10.208
RE1,S12,PWRTRN,ELC001,2027,10.472
RE1,S12,PWRTRN,ELC001,2028,10.736
RE1,S12,PWRTRN,ELC001,2029,11.0
RE1,S12,PWRTRN,ELC001,2030,11.264
RE1,S12,PWRTRN,ELC001,2031,11.528
RE1,S12,PWRTRN,ELC001,2032,11.792
RE1,S12,PWRTRN,ELC001,2033,12.144
RE1,S12,PWRTRN,ELC001,2034,12.408
RE1,S12,PWRTRN,ELC001,2035,12.76
RE1,S12,PWRWND,WND,2020,1.3876
RE1,S12,PWRWND,WND,2021,1.3876
RE1,S12,PWRWND,WND,2022,1.3876
RE1,S12,PWRWND,WND,2023,1.3876
RE1,S12,PWRWND,WND,2024,1.3876
RE1,S12,PWRWND,WND,2025,1.3876
RE1,S12,PWRWND,WND,2026,1.3876
RE1,S12,PWRWND,WND,2027,2.3355
RE1,S12,PWRWND,WND,2028,3.5313
RE1,S12,PWRWND,WND,2029,4.727
RE1,S12,PWRWND,WND,2030,11.264
RE1,S12,PWRWND,WND,2031,8.4059
RE1,S12,PWRWND,WND,2032,8.6699
RE1,S12,PWRWND,WND,2033,9.0219
RE1,S12,PWRWND,WND,2034,9.2859
RE1,S12,PWRWND,WND,2035,9.6379
RE1,S21,DEMPWRSURWAT,WTRSUR,2020,0.0
RE1,S21,DEMPWRSURWAT,WTRSUR,2021,0.0
RE1,S21,DEMPWRSURWAT,WTRSUR,2022,0.0
RE1,S21,DEMPWRSURWAT,WTRSUR,2023,0.0
RE1,S21,DEMPWRSURWAT,WTRSUR,2024,0.0
RE1,S21,DEMPWRSURWAT,WTRSUR,2025,0.0
RE1,S21,DEMPWRSURWAT,WTRSUR,2026,0.0
RE1,S21,DEMPWRSURWAT,WTRSUR,2027,0.0
RE1,S21,DEMPWRSURWAT,WTRSUR,2028,0.0
RE1,S21,DEMPWRSURWAT,WTRSUR,2029,0.0
RE1,S21,DEMPWRSURWAT,WTRSUR,2030,0.0
RE1,S21,DEMPWRSURWAT,WTRSUR,2031,0.0
RE1,S21,DEMPWRSURWAT,WTRSUR,2032,0.0
RE1,S21,DEMPWRSURWAT,WTRSUR,2033,0.0
RE1,S21,DEMPWRSURWAT,WTRSUR,2034,0.0
RE1,S21,DEMPWRSURWAT,WTRSUR,2035,0.0
RE1,S21,LNDBLT,LND,2020,1.6832
RE1,S21,LNDBLT,LND,2021,1.7337
RE1,S21,LNDBLT,LND,2022,1.7842
RE1,S21,LNDBLT,LND,2023,1.8347
RE1,S21,LNDBLT,LND,2024,1.902
RE1,S21,LNDBLT,LND,2025,1.9525
RE1,S21,LNDBLT,LND,2026,2.003
RE1,S21,LNDBLT,LND,2027,2.0703
RE1,S21,LNDBLT,LND,2028,2.1376
RE1,S21,LNDBLT,LND,2029,2.1881
RE1,S21,LNDBLT,LND,2030,2.2554
RE1,S21,LNDBLT,LND,2031,2.3228
RE1,S21,LNDBLT,LND,2032,2.4069
RE1,S21,LNDBLT,LND,2033,2.4743
RE1,S21,LNDBLT,LND,2034,2.5416
RE1,S21,LNDBLT,LND,2035,2.6257
RE1,S21,LNDBLT,WTRPRC,2020,2.0198
RE1,S21,LNDBLT,WTRPRC,2021,2.0804
RE1,S21,LNDBLT,WTRPRC,2022,2.141
RE1,S21,LNDBLT,WTRPRC,2023,2.2016
RE1,S21,LNDBLT,WTRPRC,2024,2.2824
RE1,S21,LNDBLT,WTRPRC,2025,2.343
RE1,S21,LNDBLT,WTRPRC,2026,2.4036
RE1,S21,LNDBLT,WTRPRC,2027,2.4844
RE1,S21,LNDBLT,WTRPRC,2028,2.5651
RE1,S21,LNDBLT,WTRPRC,2029,2.6257
RE1,S21,LNDBLT,WTRPRC,2030,2.7065
RE1,S21,LNDBLT,WTRPRC,2031,2.7873
RE1,S21,LNDBLT,WTRPRC,2032,2.8883
RE1,S21,LNDBLT,WTRPRC,2033,2.9691
RE1,S21,LNDBLT,WTRPRC,2034,3.0499
RE1,S21,LNDBLT,WTRPRC,2035,3.1509
RE1,S21,LNDFOR,LND,2020,29.4554
RE1,S21,LNDFOR,LND,2021,29.0599
RE1,S21,LNDFOR,LND,2022,28.6812
RE1,S21,LNDFOR,LND,2023,28.2646
RE1,S21,LNDFOR,LND,2024,27.8312
RE1,S21,LNDFOR,LND,2025,26.573
RE1,S21,LNDFOR,LND,2026,26.1396
RE1,S21,LNDFOR,LND,2027,25.6894
RE1,S21,LNDFOR,LND,2028,25.2181
RE1,S21,LNDFOR,LND,2029,24.7426
RE1,S21,LNDFOR,LND,2030,24.2713
RE1,S21,LNDFOR,LND,2031,23.7621
RE1,S21,LNDFOR,LND,2032,23.253
RE1,S21,LNDFOR,LND,2033,22.727
RE1,S21,LNDFOR,LND,2034,22.1968
RE1,S21,LNDFOR,LND,2035,21.6498
RE1,S21,LNDFOR,WTRPRC,2020,35.3465
RE1,S21,LNDFOR,WTRPRC,2021,34.8719
RE1,S21,LNDFOR,WTRPRC,2022,34.4174
RE1,S21,LNDFOR,WTRPRC,2023,33.9175
RE1,S21,LNDFOR,WTRPRC,2024,33.3974
RE1,S21,LNDFOR,WTRPRC,2025,31.8876
RE1,S21,LNDFOR,WTRPRC,2026,31.3675
RE1,S21,LNDFOR,WTRPRC,2027,30.8272
RE1,S21,LNDFOR,WTRPRC,2028,30.2617
RE1,S21,LNDFOR,WTRPRC,2029,29.6911
RE1,S21,LNDFOR,WTRPRC,2030,29.1255
RE1,S21,LNDFOR,WTRPRC,2031,28.5146
RE1,S21,LNDFOR,WTRPRC,2032,27.9036
RE1,S21,LNDFOR,WTRPRC,2033,27.2724
RE1,S21,LNDFOR,WTRPRC,2034,26.6361
RE1,S21,LNDFOR,WTRPRC,2035,25.9797
RE1,S21,LNDMAIHI,AGRDSL,2020,0.0
RE1,S21,LNDMAIHI,AGRDSL,2021,0.0
RE1,S21,LNDMAIHI,AGRDSL,2022,0.0
RE1,S21,LNDMAIHI,AGRDSL,2023,0.0
RE1,S21,LNDMAIHI,AGRDSL,2024,0.0
RE1,S21,LNDMAIHI,AGRDSL,2025,0.0
RE1,S21,LNDMAIHI,AGRDSL,2026,0.0
RE1,S21,LNDMAIHI,AGRDSL,2027,0.0
RE1,S21,LNDMAIHI,AGRDSL,2028,0.0
RE1,S21,LNDMAIHI,AGRDSL,2029,0.0
RE1,S21,LNDMAIHI,AGRDSL,2030,0.0
RE1,S21,LNDMAIHI,AGRDSL,2031,0.0
RE1,S21,LNDMAIHI,AGRDSL,2032,0.0
RE1,S21,LNDMAIHI,AGRDSL,2033,0.0
RE1,S21,LNDMAIHI,AGRDSL,2034,0.0
RE1,S21,LNDMAIHI,AGRDSL,2035,0.0
RE1,S21,LNDMAIHI,ELC002,2020,0.0
RE1,S21,LNDMAIHI,ELC002,2021,0.0
RE1,S21,LNDMAIHI,ELC002,2022,0.0
RE1,S21,LNDMAIHI,ELC002,2023,0.0
RE1,S21,LNDMAIHI,ELC002,2024,0.0
RE1,S21,LNDMAIHI,ELC002,2025,0.0
RE1,S21,LNDMAIHI,ELC002,2026,0.0
RE1,S21,LNDMAIHI,ELC002,2027,0.0
RE1,S21,LNDMAIHI,ELC002,2028,0.0
RE1,S21,LNDMAIHI,ELC002,2029,0.0
RE1,S21,LNDMAIHI,ELC002,2030,0.0
RE1,S21,LNDMAIHI,ELC002,2031,0.0
RE1,S21,LNDMAIHI,ELC002,2032,0.0
RE1,S21,LNDMAIHI,ELC002,2033,0.0
RE1,S21,LNDMAIHI,ELC002,2034,0.0
RE1,S21,LNDMAIHI,ELC002,2035,0.0
RE1,S21,LNDMAIHI,LND,2020,0.0
RE1,S21,LNDMAIHI,LND,2021,0.0
RE1,S21,LNDMAIHI,LND,2022,0.0
RE1,S21,LNDMAIHI,LND,2023,0.0
RE1,S21,LNDMAIHI,LND,2024,0.0
RE1,S21,LNDMAIHI,LND,2025,0.0
RE1,S21,LNDMAIHI,LND,2026,0.0
RE1,S21,LNDMAIHI,LND,2027,0.0
RE1,S21,LNDMAIHI,LND,2028,0.0
RE1,S21,LNDMAIHI,LND,2029,0.0
RE1,S21,LNDMAIHI,LND,2030,0.0
RE1,S21,LNDMAIHI,LND,2031,0.0
RE1,S21,LNDMAIHI,LND,2032,0.0
RE1,S21,LNDMAIHI,LND,2033,0.0
RE1,S21,LNDMAIHI,LND,2034,0.0
RE1,S21,LNDMAIHI,LND,2035,0.0
RE1,S21,LNDMAIHI,WTRPRC,2020,0.0
RE1,S21,LNDMAIHI,WTRPRC,2021,0.0
RE1,S21,LNDMAIHI,WTRPRC,2022,0.0
RE1,S21,LNDMAIHI,WTRPRC,2023,0.0
RE1,S21,LNDMAIHI,WTRPRC,2024,0.0
RE1,S21,LNDMAIHI,WTRPRC,2025,0.0
RE1,S21,LNDMAIHI,WTRPRC,2026,0.0
RE1,S21,LNDMAIHI,WTRPRC,2027,0.0
RE1,S21,LNDMAIHI,WTRPRC,2028,0.0
RE1,S21,LNDMAIHI,WTRPRC,2029,0.0
RE1,S21,LNDMAIHI,WTRPRC,2030,0.0
RE1,S21,LNDMAIHI,WTRPRC,2031,0.0
RE1,S21,LNDMAIHI,WTRPRC,2032,0.0
RE1,S21,LNDMAIHI,WTRPRC,2033,0.0
RE1,S21,LNDMAIHI,WTRPRC,2034,0.0
RE1,S21,LNDMAIHI,WTRPRC,2035,0.0
RE1,S21,LNDMAIHR,AGRDSL,2020,0.0
RE1,S21,LNDMAIHR,AGRDSL,2021,0.0
RE1,S21,LNDMAIHR,AGRDSL,2022,0.0
RE1,S21,LNDMAIHR,AGRDSL,2023,0.0
RE1,S21,LNDMAIHR,AGRDSL,2024,0.0
RE1,S21,LNDMAIHR,AGRDSL,2025,0.0
RE1,S21,LNDMAIHR,AGRDSL,2026,0.0
RE1,S21,LNDMAIHR,AGRDSL,2027,0.0
RE1,S21,LNDMAIHR,AGRDSL,2028,0.0
RE1,S21,LNDMAIHR,AGRDSL,2029,0.0
RE1,S21,LNDMAIHR,AGRDSL,2030,0.0
RE1,S21,LNDMAIHR,AGRDSL,2031,0.0
RE1,S21,LNDMAIHR,AGRDSL,2032,0.0
RE1,S21,LNDMAIHR,AGRDSL,2033,0.0
RE1,S21,LNDMAIHR,AGRDSL,2034,0.0
RE1,S21,LNDMAIHR,AGRDSL,2035,0.0
RE1,S21,LNDMAIHR,LND,2020,8.4158
RE1,S21,LNDMAIHR,LND,2021,8.6262
RE1,S21,LNDMAIHR,LND,2022,8.8366
RE1,S21,LNDMAIHR,LND,2023,9.0681
RE1,S21,LNDMAIHR,LND,2024,9.2995
RE1,S21,LNDMAIHR,LND,2025,9.5309
RE1,S21,LNDMAIHR,LND,2026,9.7624
RE1,S21,LNDMAIHR,LND,2027,9.9938
RE1,S21,LNDMAIHR,LND,2028,10.2463
RE1,S21,LNDMAIHR,LND,2029,10.5198
RE1,S21,LNDMAIHR,LND,2030,10.7723
RE1,S21,LNDMAIHR,LND,2031,11.0458
RE1,S21,LNDMAIHR,LND,2032,11.3193
RE1,S21,LNDMAIHR,LND,2033,11.5928
RE1,S21,LNDMAIHR,LND,2034,11.8874
RE1,S21,LNDMAIHR,LND,2035,12.1819
RE1,S21,LNDMAIHR,WTRPRC,2020,10.099
RE1,S21,LNDMAIHR,WTRPRC,2021,10.3515
RE1,S21,LNDMAIHR,WTRPRC,2022,10.604
RE1,S21,LNDMAIHR,WTRPRC,2023,10.8817
RE1,S21,LNDMAIHR,WTRPRC,2024,11.1594
RE1,S21,LNDMAIHR,WTRPRC,2025,11.4371
RE1,S21,LNDMAIHR,WTRPRC,2026,11.7149
RE1,S21,LNDMAIHR,WTRPRC,2027,11.9926
RE1,S21,LNDMAIHR,WTRPRC,2028,12.2955
RE1,S21,LNDMAIHR,WTRPRC,2029,12.6238
RE1,S21,LNDMAIHR,WTRPRC,2030,12.9267
RE1,S21,LNDMAIHR,WTRPRC,2031,13.255
RE1,S21,LNDMAIHR,WTRPRC,2032,13.5832
RE1,S21,LNDMAIHR,WTRPRC,2033,13.9114
RE1,S21,LNDMAIHR,WTRPRC,2034,14.2649
RE1,S21,LNDMAIHR,WTRPRC,2035,14.6183
RE1,S21,LNDRICHI,AGRDSL,2020,0.0
RE1,S21,LNDRICHI,AGRDSL,2021,0.0
RE1,S21,LNDRICHI,AGRDSL,2022,0.0
RE1,S21,LNDRICHI,AGRDSL,2023,0.0
RE1,S21,LNDRICHI,AGRDSL,2024,0.0
RE1,S21,LNDRICHI,AGRDSL,2025,0.0
RE1,S21,LNDRICHI,AGRDSL,2026,0.0
RE1,S21,LNDRICHI,AGRDSL,2027,0.0
RE1,S21,LNDRICHI,AGRDSL,2028,0.0
RE1,S21,LNDRICHI,AGRDSL,2029,0.0
RE1,S21,LNDRICHI,AGRDSL,2030,0.0
RE1,S21,LNDRICHI,AGRDSL,2031,0.0
RE1,S21,LNDRICHI,AGRDSL,2032,0.0
RE1,S21,LNDRICHI,AGRDSL,2033,0.0
RE1,S21,LNDRICHI,AGRDSL,2034,0.0
RE1,S21,LNDRICHI,AGRDSL,2035,0.0
RE1,S21,LNDRICHI,ELC002,2020,0.0
RE1,S21,LNDRICHI,ELC002,2021,0.0
RE1,S21,LNDRICHI,ELC002,2022,0.0
RE1,S21,LNDRICHI,ELC002,2023,0.0
RE1,S21,LNDRICHI,ELC002,2024,0.0
RE1,S21,LNDRICHI,ELC002,2025,0.0
RE1,S21,LNDRICHI,ELC002,2026,0.0
RE1,S21,LNDRICHI,ELC002,2027,0.0
RE1,S21,LNDRICHI,ELC002,2028,0.0
RE1,S21,LNDRICHI,ELC002,2029,0.0
RE1,S21,LNDRICHI,ELC002,2030,0.0
RE1,S21,LNDRICHI,ELC002,2031,0.0
RE1,S21,LNDRICHI,ELC002,2032,0.0
RE1,S21,LNDRICHI,ELC002,2033,0.0
RE1,S21,LNDRICHI,ELC002,2034,0.0
RE1,S21,LNDRICHI,ELC002,2035,0.0
RE1,S21,LNDRICHI,LND,2020,0.0
RE1,S21,LNDRICHI,LND,2021,0.0
RE1,S21,LNDRICHI,LND,2022,0.0
RE1,S21,LNDRICHI,LND,2023,0.0
RE1,S21,LNDRICHI,LND,2024,0.0
RE1,S21,LNDRICHI,LND,2025,0.0
RE1,S21,LNDRICHI,LND,2026,0.0
RE1,S21,LNDRICHI,LND,2027,0.0
RE1,S21,LNDRICHI,LND,2028,0.0
RE1,S21,LNDRICHI,LND,2029,0.0
RE1,S21,LNDRICHI,LND,2030,0.0
RE1,S21,LNDRICHI,LND,2031,0.0
RE1,S21,LNDRICHI,LND,2032,0.0
RE1,S21,LNDRICHI,LND,2033,0.0
RE1,S21,LNDRICHI,LND,2034,0.0
RE1,S21,LNDRICHI,LND,2035,0.0
RE1,S21,LNDRICHI,WTRPRC,2020,0.0
RE1,S21,LNDRICHI,WTRPRC,2021,0.0
RE1,S21,LNDRICHI,WTRPRC,2022,0.0
RE1,S21,LNDRICHI,WTRPRC,2023,0.0
RE1,S21,LNDRICHI,WTRPRC,2024,0.0
RE1,S21,LNDRICHI,WTRPRC,2025,0.0
RE1,S21,LNDRICHI,WTRPRC,2026,0.0
RE1,S21,LNDRICHI,WTRPRC,2027,0.0
RE1,S21,LNDRICHI,WTRPRC,2028,0.0
RE1,S21,LNDRICHI,WTRPRC,2029,0.0
RE1,S21,LNDRICHI,WTRPRC,2030,0.0
RE1,S21,LNDRICHI,WTRPRC,2031,0.0
RE1,S21,LNDRICHI,WTRPRC,2032,0.0
RE1,S21,LNDRICHI,WTRPRC,2033,0.0
RE1,S21,LNDRICHI,WTRPRC,2034,0.0
RE1,S21,LNDRICHI,WTRPRC,2035,0.0
RE1,S21,LNDRICHR,AGRDSL,2020,0.0
RE1,S21,LNDRICHR,AGRDSL,2021,0.0
RE1,S21,LNDRICHR,AGRDSL,2022,0.0
RE1,S21,LNDRICHR,AGRDSL,2023,0.0
RE1,S21,LNDRICHR,AGRDSL,2024,0.0
RE1,S21,LNDRICHR,AGRDSL,2025,0.0
RE1,S21,LNDRICHR,AGRDSL,2026,0.0
RE1,S21,LNDRICHR,AGRDSL,2027,0.0
RE1,S21,LNDRICHR,AGRDSL,2028,0.0
RE1,S21,LNDRICHR,AGRDSL,2029,0.0
RE1,S21,LNDRICHR,AGRDSL,2030,0.0
RE1,S21,LNDRICHR,AGRDSL,2031,0.0
RE1,S21,LNDRICHR,AGRDSL,2032,0.0
RE1,S21,LNDRICHR,AGRDSL,2033,0.0
RE1,S21,LNDRICHR,AGRDSL,2034,0.0
RE1,S21,LNDRICHR,AGRDSL,2035,0.0
RE1,S21,LNDRICHR,LND,2020,5.0495
RE1,S21,LNDRICHR,LND,2021,5.1842
RE1,S21,LNDRICHR,LND,2022,5.302
RE1,S21,LNDRICHR,LND,2023,5.4366
RE1,S21,LNDRICHR,LND,2024,5.5713
RE1,S21,LNDRICHR,LND,2025,5.7059
RE1,S21,LNDRICHR,LND,2026,5.8574
RE1,S21,LNDRICHR,LND,2027,6.0089
RE1,S21,LNDRICHR,LND,2028,6.1604
RE1,S21,LNDRICHR,LND,2029,6.3119
RE1,S21,LNDRICHR,LND,2030,6.4634
RE1,S21,LNDRICHR,LND,2031,6.6317
RE1,S21,LNDRICHR,LND,2032,6.7832
RE1,S21,LNDRICHR,LND,2033,6.9683
RE1,S21,LNDRICHR,LND,2034,7.1366
RE1,S21,LNDRICHR,LND,2035,7.305
RE1,S21,LNDRICHR,WTRPRC,2020,6.0594
RE1,S21,LNDRICHR,WTRPRC,2021,6.221
RE1,S21,LNDRICHR,WTRPRC,2022,6.3624
RE1,S21,LNDRICHR,WTRPRC,2023,6.524
RE1,S21,LNDRICHR,WTRPRC,2024,6.6855
RE1,S21,LNDRICHR,WTRPRC,2025,6.8471
RE1,S21,LNDRICHR,WTRPRC,2026,7.0289
RE1,S21,LNDRICHR,WTRPRC,2027,7.2107
RE1,S21,LNDRICHR,WTRPRC,2028,7.3925
RE1,S21,LNDRICHR,WTRPRC,2029,7.5743
RE1,S21,LNDRICHR,WTRPRC,2030,7.756
RE1,S21,LNDRICHR,WTRPRC,2031,7.958
RE1,S21,LNDRICHR,WTRPRC,2032,8.1398
RE1,S21,LNDRICHR,WTRPRC,2033,8.362
RE1,S21,LNDRICHR,WTRPRC,2034,8.564
RE1,S21,LNDRICHR,WTRPRC,2035,8.7659
RE1,S21,LNDWAT,LND,2020,5.8911
RE1,S21,LNDWAT,LND,2021,5.8911
RE1,S21,LNDWAT,LND,2022,5.8911
RE1,S21,LNDWAT,LND,2023,5.8911
RE1,S21,LNDWAT,LND,2024,5.8911
RE1,S21,LNDWAT,LND,2025,6.7327
RE1,S21,LNDWAT,LND,2026,6.7327
RE1,S21,LNDWAT,LND,2027,6.7327
RE1,S21,LNDWAT,LND,2028,6.7327
RE1,S21,LNDWAT,LND,2029,6.7327
RE1,S21,LNDWAT,LND,2030,6.7327
RE1,S21,LNDWAT,LND,2031,6.7327
RE1,S21,LNDWAT,LND,2032,6.7327
RE1,S21,LNDWAT,LND,2033,6.7327
RE1,S21,LNDWAT,LND,2034,6.7327
RE1,S21,LNDWAT,LND,2035,6.7327
RE1,S21,LNDWAT,WTRPRC,2020,7.0693
RE1,S21,LNDWAT,WTRPRC,2021,7.0693
RE1,S21,LNDWAT,WTRPRC,2022,7.0693
RE1,S21,LNDWAT,WTRPRC,2023,7.0693
RE1,S21,LNDWAT,WTRPRC,2024,7.0693
RE1,S21,LNDWAT,WTRPRC,2025,8.0792
RE1,S21,LNDWAT,WTRPRC,2026,8.0792
RE1,S21,LNDWAT,WTRPRC,2027,8.0792
RE1,S21,LNDWAT,WTRPRC,2028,8.0792
RE1,S21,LNDWAT,WTRPRC,2029,8.0792
RE1,S21,LNDWAT,WTRPRC,2030,8.0792
RE1,S21,LNDWAT,WTRPRC,2031,8.0792
RE1,S21,LNDWAT,WTRPRC,2032,8.0792
RE1,S21,LNDWAT,WTRPRC,2033,8.0792
RE1,S21,LNDWAT,WTRPRC,2034,8.0792
RE1,S21,LNDWAT,WTRPRC,2035,8.0792
RE1,S21,PWRCOA,COA,2020,44.5229
RE1,S21,PWRCOA,COA,2021,46.3049
RE1,S21,PWRCOA,COA,2022,47.4929
RE1,S21,PWRCOA,COA,2023,49.2749
RE1,S21,PWRCOA,COA,2024,50.4629
RE1,S21,PWRCOA,COA,2025,48.2241
RE1,S21,PWRCOA,COA,2026,50.0061
RE1,S21,PWRCOA,COA,2027,49.0412
RE1,S21,PWRCOA,COA,2028,47.3582
RE1,S21,PWRCOA,COA,2029,45.6752
RE1,S21,PWRCOA,COA,2030,27.6489
RE1,S21,PWRCOA,COA,2031,28.4336
RE1,S21,PWRCOA,COA,2032,29.2182
RE1,S21,PWRCOA,COA,2033,30.2644
RE1,S21,PWRCOA,COA,2034,31.0491
RE1,S21,PWRCOA,COA,2035,32.0953
RE1,S21,PWRCOA,PWRWAT,2020,0.0
RE1,S21,PWRCOA,PWRWAT,2021,0.0
RE1,S21,PWRCOA,PWRWAT,2022,0.0
RE1,S21,PWRCOA,PWRWAT,2023,0.0
RE1,S21,PWRCOA,PWRWAT,2024,0.0
RE1,S21,PWRCOA,PWRWAT,2025,0.0
RE1,S21,PWRCOA,PWRWAT,2026,0.0
RE1,S21,PWRCOA,PWRWAT,2027,0.0
RE1,S21,PWRCOA,PWRWAT,2028,0.0
RE1,S21,PWRCOA,PWRWAT,2029,0.0
RE1,S21,PWRCOA,PWRWAT,2030,0.0
RE1,S21,PWRCOA,PWRWAT,2031,0.0
RE1,S21,PWRCOA,PWRWAT,2032,0.0
RE1,S21,PWRCOA,PWRWAT,2033,0.0
RE1,S21,PWRCOA,PWRWAT,2034,0.0
RE1,S21,PWRCOA,PWRWAT,2035,0.0
RE1,S21,PWRGAS,GAS,2020,0.0
RE1,S21,PWRGAS,GAS,2021,0.0
RE1,S21,PWRGAS,GAS,2022,0.0
RE1,S21,PWRGAS,GAS,2023,0.0
RE1,S21,PWRGAS,GAS,2024,0.0
RE1,S21,PWRGAS,GAS,2025,0.0
RE1,S21,PWRGAS,GAS,2026,0.0
RE1,S21,PWRGAS,GAS,2027,0.0
RE1,S21,PWRGAS,GAS,2028,0.0
RE1,S21,PWRGAS,GAS,2029,0.0
RE1,S21,PWRGAS,GAS,2030,0.0
RE1,S21,PWRGAS,GAS,2031,0.0
RE1,S21,PWRGAS,GAS,2032,0.0
RE1,S21,PWRGAS,GAS,2033,0.0
RE1,S21,PWRGAS,GAS,2034,0.0
RE1,S21,PWRGAS,GAS,2035,0.0
RE1,S21,PWRGAS,PWRWAT,2020,0.0
RE1,S21,PWRGAS,PWRWAT,2021,0.0
RE1,S21,PWRGAS,PWRWAT,2022,0.0
RE1,S21,PWRGAS,PWRWAT,2023,0.0
RE1,S21,PWRGAS,PWRWAT,2024,0.0
RE1,S21,PWRGAS,PWRWAT,2025,0.0
RE1,S21,PWRGAS,PWRWAT,2026,0.0
RE1,S21,PWRGAS,PWRWAT,2027,0.0
RE1,S21,PWRGAS,PWRWAT,2028,0.0
RE1,S21,PWRGAS,PWRWAT,2029,0.0
RE1,S21,PWRGAS,PWRWAT,2030,0.0
RE1,S21,PWRGAS,PWRWAT,2031,0.0
RE1,S21,PWRGAS,PWRWAT,2032,0.0
RE1,S21,PWRGAS,PWRWAT,2033,0.0
RE1,S21,PWRGAS,PWRWAT,2034,0.0
RE1,S21,PWRGAS,PWRWAT,2035,0.0
RE1,S21,PWRHYD,HYD,2020,2.6806
RE1,S21,PWRHYD,HYD,2021,2.6806
RE1,S21,PWRHYD,HYD,2022,2.6806
RE1,S21,PWRHYD,HYD,2023,2.6806
RE1,S21,PWRHYD,HYD,2024,2.6806
RE1,S21,PWRHYD,HYD,2025,4.0208
RE1,S21,PWRHYD,HYD,2026,4.0208
RE1,S21,PWRHYD,HYD,2027,4.0208
RE1,S21,PWRHYD,HYD,2028,4.0208
RE1,S21,PWRHYD,HYD,2029,4.0208
RE1,S21,PWRHYD,HYD,2030,4.0208
RE1,S21,PWRHYD,HYD,2031,4.0208
RE1,S21,PWRHYD,HYD,2032,4.0208
RE1,S21,PWRHYD,HYD,2033,4.0208
RE1,S21,PWRHYD,HYD,2034,4.0208
RE1,S21,PWRHYD,HYD,2035,4.0208
RE1,S21,PWRSOL,SOL,2020,0.9382
RE1,S21,PWRSOL,SOL,2021,0.9382
RE1,S21,PWRSOL,SOL,2022,0.9382
RE1,S21,PWRSOL,SOL,2023,0.9382
RE1,S21,PWRSOL,SOL,2024,0.9382
RE1,S21,PWRSOL,SOL,2025,0.9382
RE1,S21,PWRSOL,SOL,2026,0.9382
RE1,S21,PWRSOL,SOL,2027,0.9382
RE1,S21,PWRSOL,SOL,2028,0.9382
RE1,S21,PWRSOL,SOL,2029,0.9382
RE1,S21,PWRSOL,SOL,2030,0.9382
RE1,S21,PWRSOL,SOL,2031,0.9382
RE1,S21,PWRSOL,SOL,2032,0.9382
RE1,S21,PWRSOL,SOL,2033,0.9382
RE1,S21,PWRSOL,SOL,2034,0.9382
RE1,S21,PWRSOL,SOL,2035,0.9382
RE1,S21,PWRTRN,ELC001,2020,19.8
RE1,S21,PWRTRN,ELC001,2021,20.394
RE1,S21,PWRTRN,ELC001,2022,20.79
RE1,S21,PWRTRN,ELC001,2023,21.384
RE1,S21,PWRTRN,ELC001,2024,21.78
RE1,S21,PWRTRN,ELC001,2025,22.374
RE1,S21,PWRTRN,ELC001,2026,22.968
RE1,S21,PWRTRN,ELC001,2027,23.562
RE1,S21,PWRTRN,ELC001,2028,24.156
RE1,S21,PWRTRN,ELC001,2029,24.75
RE1,S21,PWRTRN,ELC001,2030,25.344
RE1,S21,PWRTRN,ELC001,2031,25.938
RE1,S21,PWRTRN,ELC001,2032,26.532
RE1,S21,PWRTRN,ELC001,2033,27.324
RE1,S21,PWRTRN,ELC001,2034,27.918
RE1,S21,PWRTRN,ELC001,2035,28.71
RE1,S21,PWRWND,WND,2020,1.3403
RE1,S21,PWRWND,WND,2021,1.3403
RE1,S21,PWRWND,WND,2022,1.3403
RE1,S21,PWRWND,WND,2023,1.3403
RE1,S21,PWRWND,WND,2024,1.3403
RE1,S21,PWRWND,WND,2025,1.3403
RE1,S21,PWRWND,WND,2026,1.3403
RE1,S21,PWRWND,WND,2027,2.2559
RE1,S21,PWRWND,WND,2028,3.4109
RE1,S21,PWRWND,WND,2029,4.5659
RE1,S21,PWRWND,WND,2030,11.1687
RE1,S21,PWRWND,WND,2031,11.5011
RE1,S21,PWRWND,WND,2032,11.8336
RE1,S21,PWRWND,WND,2033,12.2768
RE1,S21,PWRWND,WND,2034,12.6093
RE1,S21,PWRWND,WND,2035,13.0525
RE1,S22,DEMPWRSURWAT,WTRSUR,2020,0.0
RE1,S22,DEMPWRSURWAT,WTRSUR,2021,0.0
RE1,S22,DEMPWRSURWAT,WTRSUR,2022,0.0
RE1,S22,DEMPWRSURWAT,WTRSUR,2023,0.0
RE1,S22,DEMPWRSURWAT,WTRSUR,2024,0.0
RE1,S22,DEMPWRSURWAT,WTRSUR,2025,0.0
RE1,S22,DEMPWRSURWAT,WTRSUR,2026,0.0
RE1,S22,DEMPWRSURWAT,WTRSUR,2027,0.0
RE1,S22,DEMPWRSURWAT,WTRSUR,2028,0.0
RE1,S22,DEMPWRSURWAT,WTRSUR,2029,0.0
RE1,S22,DEMPWRSURWAT,WTRSUR,2030,0.0
RE1,S22,DEMPWRSURWAT,WTRSUR,2031,0.0
RE1,S22,DEMPWRSURWAT,WTRSUR,2032,0.0
RE1,S22,DEMPWRSURWAT,WTRSUR,2033,0.0
RE1,S22,DEMPWRSURWAT,WTRSUR,2034,0.0
RE1,S22,DEMPWRSURWAT,WTRSUR,2035,0.0
RE1,S22,LNDBLT,LND,2020,1.6832
RE1,S22,LNDBLT,LND,2021,1.7337
RE1,S22,LNDBLT,LND,2022,1.7842
RE1,S22,LNDBLT,LND,2023,1.8347
RE1,S22,LNDBLT,LND,2024,1.902
RE1,S22,LNDBLT,LND,2025,1.9525
RE1,S22,LNDBLT,LND,2026,2.003
RE1,S22,LNDBLT,LND,2027,2.0703
RE1,S22,LNDBLT,LND,2028,2.1376
RE1,S22,LNDBLT,LND,2029,2.1881
RE1,S22,LNDBLT,LND,2030,2.2554
RE1,S22,LNDBLT,LND,2031,2.3228
RE1,S22,LNDBLT,LND,2032,2.4069
RE1,S22,LNDBLT,LND,2033,2.4743
RE1,S22,LNDBLT,LND,2034,2.5416
RE1,S22,LNDBLT,LND,2035,2.6257
RE1,S22,LNDBLT,WTRPRC,2020,2.0198
RE1,S22,LNDBLT,WTRPRC,2021,2.0804
RE1,S22,LNDBLT,WTRPRC,2022,2.141
RE1,S22,LNDBLT,WTRPRC,2023,2.2016
RE1,S22,LNDBLT,WTRPRC,2024,2.2824
RE1,S22,LNDBLT,WTRPRC,2025,2.343
RE1,S22,LNDBLT,WTRPRC,2026,2.4036
RE1,S22,LNDBLT,WTRPRC,2027,2.4844
RE1,S22,LNDBLT,WTRPRC,2028,2.5651
RE1,S22,LNDBLT,WTRPRC,2029,2.6257
RE1,S22,LNDBLT,WTRPRC,2030,2.7065
RE1,S22,LNDBLT,WTRPRC,2031,2.7873
RE1,S22,LNDBLT,WTRPRC,2032,2.8883
RE1,S22,LNDBLT,WTRPRC,2033,2.9691
RE1,S22,LNDBLT,WTRPRC,2034,3.0499
RE1,S22,LNDBLT,WTRPRC,2035,3.1509
RE1,S22,LNDFOR,LND,2020,29.4554
RE1,S22,LNDFOR,LND,2021,29.0599
RE1,S22,LNDFOR,LND,2022,28.6812
RE1,S22,LNDFOR,LND,2023,28.2646
RE1,S22,LNDFOR,LND,2024,27.8312
RE1,S22,LNDFOR,LND,2025,26.573
RE1,S22,LNDFOR,LND,2026,26.1396
RE1,S22,LNDFOR,LND,2027,25.6894
RE1,S22,LNDFOR,LND,2028,25.2181
RE1,S22,LNDFOR,LND,2029,24.7426
RE1,S22,LNDFOR,LND,2030,24.2713
RE1,S22,LNDFOR,LND,2031,23.7621
RE1,S22,LNDFOR,LND,2032,23.253
RE1,S22,LNDFOR,LND,2033,22.727
RE1,S22,LNDFOR,LND,2034,22.1968
RE1,S22,LNDFOR,LND,2035,21.6498
RE1,S22,LNDFOR,WTRPRC,2020,35.3465
RE1,S22,LNDFOR,WTRPRC,2021,34.8719
RE1,S22,LNDFOR,WTRPRC,2022,34.4174
RE1,S22,LNDFOR,WTRPRC,2023,33.9175
RE1,S22,LNDFOR,WTRPRC,2024,33.3974
RE1,S22,LNDFOR,WTRPRC,2025,31.8876
RE1,S22,LNDFOR,WTRPRC,2026,31.3675
RE1,S22,LNDFOR,WTRPRC,2027,30.8272
RE1,S22,LNDFOR,WTRPRC,2028,30.2617
RE1,S22,LNDFOR,WTRPRC,2029,29.6911
RE1,S22,LNDFOR,WTRPRC,2030,29.1255
RE1,S22,LNDFOR,WTRPRC,2031,28.5146
RE1,S22,LNDFOR,WTRPRC,2032,27.9036
RE1,S22,LNDFOR,WTRPRC,2033,27.2724
RE1,S22,LNDFOR,WTRPRC,2034,26.6361
RE1,S22,LNDFOR,WTRPRC,2035,25.9797
RE1,S22,LNDMAIHI,AGRDSL,2020,0.0
RE1,S22,LNDMAIHI,AGRDSL,2021,0.0
RE1,S22,LNDMAIHI,AGRDSL,2022,0.0
RE1,S22,LNDMAIHI,AGRDSL,2023,0.0
RE1,S22,LNDMAIHI,AGRDSL,2024,0.0
RE1,S22,LNDMAIHI,AGRDSL,2025,0.0
RE1,S22,LNDMAIHI,AGRDSL,2026,0.0
RE1,S22,LNDMAIHI,AGRDSL,2027,0.0
RE1,S22,LNDMAIHI,AGRDSL,2028,0.0
RE1,S22,LNDMAIHI,AGRDSL,2029,0.0
RE1,S22,LNDMAIHI,AGRDSL,2030,0.0
RE1,S22,LNDMAIHI,AGRDSL,2031,0.0
RE1,S22,LNDMAIHI,AGRDSL,2032,0.0
RE1,S22,LNDMAIHI,AGRDSL,2033,0.0
RE1,S22,LNDMAIHI,AGRDSL,2034,0.0
RE1,S22,LNDMAIHI,AGRDSL,2035,0.0
RE1,S22,LNDMAIHI,ELC002,2020,0.0
RE1,S22,LNDMAIHI,ELC002,2021,0.0
RE1,S22,LNDMAIHI,ELC002,2022,0.0
RE1,S22,LNDMAIHI,ELC002,2023,0.0
RE1,S22,LNDMAIHI,ELC002,2024,0.0
RE1,S22,LNDMAIHI,ELC002,2025,0.0
RE1,S22,LNDMAIHI,ELC002,2026,0.0
RE1,S22,LNDMAIHI,ELC002,2027,0.0
RE1,S22,LNDMAIHI,ELC002,2028,0.0
RE1,S22,LNDMAIHI,ELC002,2029,0.0
RE1,S22,LNDMAIHI,ELC002,2030,0.0
RE1,S22,LNDMAIHI,ELC002,2031,0.0
RE1,S22,LNDMAIHI,ELC002,2032,0.0
RE1,S22,LNDMAIHI,ELC002,2033,0.0
RE1,S22,LNDMAIHI,ELC002,2034,0.0
RE1,S22,LNDMAIHI,ELC002,2035,0.0
RE1,S22,LNDMAIHI,LND,2020,0.0
RE1,S22,LNDMAIHI,LND,2021,0.0
RE1,S22,LNDMAIHI,LND,2022,0.0
RE1,S22,LNDMAIHI,LND,2023,0.0
RE1,S22,LNDMAIHI,LND,2024,0.0
RE1,S22,LNDMAIHI,LND,2025,0.0
RE1,S22,LNDMAIHI,LND,2026,0.0
RE1,S22,LNDMAIHI,LND,2027,0.0
RE1,S22,LNDMAIHI,LND,2028,0.0
RE1,S22,LNDMAIHI,LND,2029,0.0
RE1,S22,LNDMAIHI,LND,2030,0.0
RE1,S22,LNDMAIHI,LND,2031,0.0
RE1,S22,LNDMAIHI,LND,2032,0.0
RE1,S22,LNDMAIHI,LND,2033,0.0
RE1,S22,LNDMAIHI,LND,2034,0.0
RE1,S22,LNDMAIHI,LND,2035,0.0
RE1,S22,LNDMAIHI,WTRPRC,2020,0.0
RE1,S22,LNDMAIHI,WTRPRC,2021,0.0
RE1,S22,LNDMAIHI,WTRPRC,2022,0.0
RE1,S22,LNDMAIHI,WTRPRC,2023,0.0
RE1,S22,LNDMAIHI,WTRPRC,2024,0.0
RE1,S22,LNDMAIHI,WTRPRC,2025,0.0
RE1,S22,LNDMAIHI,WTRPRC,2026,0.0
RE1,S22,LNDMAIHI,WTRPRC,2027,0.0
RE1,S22,LNDMAIHI,WTRPRC,2028,0.0
RE1,S22,LNDMAIHI,WTRPRC,2029,0.0
RE1,S22,LNDMAIHI,WTRPRC,2030,0.0
RE1,S22,LNDMAIHI,WTRPRC,2031,0.0
RE1,S22,LNDMAIHI,WTRPRC,2032,0.0
RE1,S22,LNDMAIHI,WTRPRC,2033,0.0
RE1,S22,LNDMAIHI,WTRPRC,2034,0.0
RE1,S22,LNDMAIHI,WTRPRC,2035,0.0
RE1,S22,LNDMAIHR,AGRDSL,2020,0.0
RE1,S22,LNDMAIHR,AGRDSL,2021,0.0
RE1,S22,LNDMAIHR,AGRDSL,2022,0.0
RE1,S22,LNDMAIHR,AGRDSL,2023,0.0
RE1,S22,LNDMAIHR,AGRDSL,2024,0.0
RE1,S22,LNDMAIHR,AGRDSL,2025,0.0
RE1,S22,LNDMAIHR,AGRDSL,2026,0.0
RE1,S22,LNDMAIHR,AGRDSL,2027,0.0
RE1,S22,LNDMAIHR,AGRDSL,2028,0.0
RE1,S22,LNDMAIHR,AGRDSL,2029,0.0
RE1,S22,LNDMAIHR,AGRDSL,2030,0.0
RE1,S22,LNDMAIHR,AGRDSL,2031,0.0
RE1,S22,LNDMAIHR,AGRDSL,2032,0.0
RE1,S22,LNDMAIHR,AGRDSL,2033,0.0
RE1,S22,LNDMAIHR,AGRDSL,2034,0.0
RE1,S22,LNDMAIHR,AGRDSL,2035,0.0
RE1,S22,LNDMAIHR,LND,2020,8.4158
RE1,S22,LNDMAIHR,LND,2021,8.6262
RE1,S22,LNDMAIHR,LND,2022,8.8366
RE1,S22,LNDMAIHR,LND,2023,9.0681
RE1,S22,LNDMAIHR,LND,2024,9.2995
RE1,S22,LNDMAIHR,LND,2025,9.5309
RE1,S22,LNDMAIHR,LND,2026,9.7624
RE1,S22,LNDMAIHR,LND,2027,9.9938
RE1,S22,LNDMAIHR,LND,2028,10.2463
RE1,S22,LNDMAIHR,LND,2029,10.5198
RE1,S22,LNDMAIHR,LND,2030,10.7723
RE1,S22,LNDMAIHR,LND,2031,11.0458
RE1,S22,LNDMAIHR,LND,2032,11.3193
RE1,S22,LNDMAIHR,LND,2033,11.5928
RE1,S22,LNDMAIHR,LND,2034,11.8874
RE1,S22,LNDMAIHR,LND,2035,12.1819
RE1,S22,LNDMAIHR,WTRPRC,2020,10.099
RE1,S22,LNDMAIHR,WTRPRC,2021,10.3515
RE1,S22,LNDMAIHR,WTRPRC,2022,10.604
RE1,S22,LNDMAIHR,WTRPRC,2023,10.8817
RE1,S22,LNDMAIHR,WTRPRC,2024,11.1594
RE1,S22,LNDMAIHR,WTRPRC,2025,11.4371
RE1,S22,LNDMAIHR,WTRPRC,2026,11.7149
RE1,S22,LNDMAIHR,WTRPRC,2027,11.9926
RE1,S22,LNDMAIHR,WTRPRC,2028,12.2955
RE1,S22,LNDMAIHR,WTRPRC,2029,12.6238
RE1,S22,LNDMAIHR,WTRPRC,2030,12.9267
RE1,S22,LNDMAIHR,WTRPRC,2031,13.255
RE1,S22,LNDMAIHR,WTRPRC,2032,13.5832
RE1,S22,LNDMAIHR,WTRPRC,2033,13.9114
RE1,S22,LNDMAIHR,WTRPRC,2034,14.2649
RE1,S22,LNDMAIHR,WTRPRC,2035,14.6183
RE1,S22,LNDRICHI,AGRDSL,2020,0.0
RE1,S22,LNDRICHI,AGRDSL,2021,0.0
RE1,S22,LNDRICHI,AGRDSL,2022,0.0
RE1,S22,LNDRICHI,AGRDSL,2023,0.0
RE1,S22,LNDRICHI,AGRDSL,2024,0.0
RE1,S22,LNDRICHI,AGRDSL,2025,0.0
RE1,S22,LNDRICHI,AGRDSL,2026,0.0
RE1,S22,LNDRICHI,AGRDSL,2027,0.0
RE1,S22,LNDRICHI,AGRDSL,2028,0.0
RE1,S22,LNDRICHI,AGRDSL,2029,0.0
RE1,S22,LNDRICHI,AGRDSL,2030,0.0
RE1,S22,LNDRICHI,AGRDSL,2031,0.0
RE1,S22,LNDRICHI,AGRDSL,2032,0.0
RE1,S22,LNDRICHI,AGRDSL,2033,0.0
RE1,S22,LNDRICHI,AGRDSL,2034,0.0
RE1,S22,LNDRICHI,AGRDSL,2035,0.0
RE1,S22,LNDRICHI,ELC002,2020,0.0
RE1,S22,LNDRICHI,ELC002,2021,0.0
RE1,S22,LNDRICHI,ELC002,2022,0.0
RE1,S22,LNDRICHI,ELC002,2023,0.0
RE1,S22,LNDRICHI,ELC002,2024,0.0
RE1,S22,LNDRICHI,ELC002,2025,0.0
RE1,S22,LNDRICHI,ELC002,2026,0.0
RE1,S22,LNDRICHI,ELC002,2027,0.0
RE1,S22,LNDRICHI,ELC002,2028,0.0
RE1,S22,LNDRICHI,ELC002,2029,0.0
RE1,S22,LNDRICHI,ELC002,2030,0.0
RE1,S22,LNDRICHI,ELC002,2031,0.0
RE1,S22,LNDRICHI,ELC002,2032,0.0
RE1,S22,LNDRICHI,ELC002,2033,0.0
RE1,S22,LNDRICHI,ELC002,2034,0.0
RE1,S22,LNDRICHI,ELC002,2035,0.0
RE1,S22,LNDRICHI,LND,2020,0.0
RE1,S22,LNDRICHI,LND,2021,0.0
RE1,S22,LNDRICHI,LND,2022,0.0
RE1,S22,LNDRICHI,LND,2023,0.0
RE1,S22,LNDRICHI,LND,2024,0.0
RE1,S22,LNDRICHI,LND,2025,0.0
RE1,S22,LNDRICHI,LND,2026,0.0
RE1,S22,LNDRICHI,LND,2027,0.0
RE1,S22,LNDRICHI,LND,2028,0.0
RE1,S22,LNDRICHI,LND,2029,0.0
RE1,S22,LNDRICHI,LND,2030,0.0
RE1,S22,LNDRICHI,LND,2031,0.0
RE1,S22,LNDRICHI,LND,2032,0.0
RE1,S22,LNDRICHI,LND,2033,0.0
RE1,S22,LNDRICHI,LND,2034,0.0
RE1,S22,LNDRICHI,LND,2035,0.0
RE1,S22,LNDRICHI,WTRPRC,2020,0.0
RE1,S22,LNDRICHI,WTRPRC,2021,0.0
RE1,S22,LNDRICHI,WTRPRC,2022,0.0
RE1,S22,LNDRICHI,WTRPRC,2023,0.0
RE1,S22,LNDRICHI,WTRPRC,2024,0.0
RE1,S22,LNDRICHI,WTRPRC,2025,0.0
RE1,S22,LNDRICHI,WTRPRC,2026,0.0
RE1,S22,LNDRICHI,WTRPRC,2027,0.0
RE1,S22,LNDRICHI,WTRPRC,2028,0.0
RE1,S22,LNDRICHI,WTRPRC,2029,0.0
RE1,S22,LNDRICHI,WTRPRC,2030,0.0
RE1,S22,LNDRICHI,WTRPRC,2031,0.0
RE1,S22,LNDRICHI,WTRPRC,2032,0.0
RE1,S22,LNDRICHI,WTRPRC,2033,0.0
RE1,S22,LNDRICHI,WTRPRC,2034,0.0
RE1,S22,LNDRICHI,WTRPRC,2035,0.0
RE1,S22,LNDRICHR,AGRDSL,2020,0.0
RE1,S22,LNDRICHR,AGRDSL,2021,0.0
RE1,S22,LNDRICHR,AGRDSL,2022,0.0
RE1,S22,LNDRICHR,AGRDSL,2023,0.0
RE1,S22,LNDRICHR,AGRDSL,2024,0.0
RE1,S22,LNDRICHR,AGRDSL,2025,0.0
RE1,S22,LNDRICHR,AGRDSL,2026,0.0
RE1,S22,LNDRICHR,AGRDSL,2027,0.0
RE1,S22,LNDRICHR,AGRDSL,2028,0.0
RE1,S22,LNDRICHR,AGRDSL,2029,0.0
RE1,S22,LNDRICHR,AGRDSL,2030,0.0
RE1,S22,LNDRICHR,AGRDSL,2031,0.0
RE1,S22,LNDRICHR,AGRDSL,2032,0.0
RE1,S22,LNDRICHR,AGRDSL,2033,0.0
RE1,S22,LNDRICHR,AGRDSL,2034,0.0
RE1,S22,LNDRICHR,AGRDSL,2035,0.0
RE1,S22,LNDRICHR,LND,2020,5.0495
RE1,S22,LNDRICHR,LND,2021,5.1842
RE1,S22,LNDRICHR,LND,2022,5.302
RE1,S22,LNDRICHR,LND,2023,5.4366
RE1,S22,LNDRICHR,LND,2024,5.5713
RE1,S22,LNDRICHR,LND,2025,5.7059
RE1,S22,LNDRICHR,LND,2026,5.8574
RE1,S22,LNDRICHR,LND,2027,6.0089
RE1,S22,LNDRICHR,LND,2028,6.1604
RE1,S22,LNDRICHR,LND,2029,6.3119
RE1,S22,LNDRICHR,LND,2030,6.4634
RE1,S22,LNDRICHR,LND,2031,6.6317
RE1,S22,LNDRICHR,LND,2032,6.7832
RE1,S22,LNDRICHR,LND,2033,6.9683
RE1,S22,LNDRICHR,LND,2034,7.1366
RE1,S22,LNDRICHR,LND,2035,7.305
RE1,S22,LNDRICHR,WTRPRC,2020,6.0594
RE1,S22,LNDRICHR,WTRPRC,2021,6.221
RE1,S22,LNDRICHR,WTRPRC,2022,6.3624
RE1,S22,LNDRICHR,WTRPRC,2023,6.524
RE1,S22,LNDRICHR,WTRPRC,2024,6.6855
RE1,S22,LNDRICHR,WTRPRC,2025,6.8471
RE1,S22,LNDRICHR,WTRPRC,2026,7.0289
RE1,S22,LNDRICHR,WTRPRC,2027,7.2107
RE1,S22,LNDRICHR,WTRPRC,2028,7.3925
RE1,S22,LNDRICHR,WTRPRC,2029,7.5743
RE1,S22,LNDRICHR,WTRPRC,2030,7.756
RE1,S22,LNDRICHR,WTRPRC,2031,7.958
RE1,S22,LNDRICHR,WTRPRC,2032,8.1398
RE1,S22,LNDRICHR,WTRPRC,2033,8.362
RE1,S22,LNDRICHR,WTRPRC,2034,8.564
RE1,S22,LNDRICHR,WTRPRC,2035,8.7659
RE1,S22,LNDWAT,LND,2020,5.8911
RE1,S22,LNDWAT,LND,2021,5.8911
RE1,S22,LNDWAT,LND,2022,5.8911
RE1,S22,LNDWAT,LND,2023,5.8911
RE1,S22,LNDWAT,LND,2024,5.8911
RE1,S22,LNDWAT,LND,2025,6.7327
RE1,S22,LNDWAT,LND,2026,6.7327
RE1,S22,LNDWAT,LND,2027,6.7327
RE1,S22,LNDWAT,LND,2028,6.7327
RE1,S22,LNDWAT,LND,2029,6.7327
RE1,S22,LNDWAT,LND,2030,6.7327
RE1,S22,LNDWAT,LND,2031,6.7327
RE1,S22,LNDWAT,LND,2032,6.7327
RE1,S22,LNDWAT,LND,2033,6.7327
RE1,S22,LNDWAT,LND,2034,6.7327
RE1,S22,LNDWAT,LND,2035,6.7327
RE1,S22,LNDWAT,WTRPRC,2020,7.0693
RE1,S22,LNDWAT,WTRPRC,2021,7.0693
RE1,S22,LNDWAT,WTRPRC,2022,7.0693
RE1,S22,LNDWAT,WTRPRC,2023,7.0693
RE1,S22,LNDWAT,WTRPRC,2024,7.0693
RE1,S22,LNDWAT,WTRPRC,2025,8.0792
RE1,S22,LNDWAT,WTRPRC,2026,8.0792
RE1,S22,LNDWAT,WTRPRC,2027,8.0792
RE1,S22,LNDWAT,WTRPRC,2028,8.0792
RE1,S22,LNDWAT,WTRPRC,2029,8.0792
RE1,S22,LNDWAT,WTRPRC,2030,8.0792
RE1,S22,LNDWAT,WTRPRC,2031,8.0792
RE1,S22,LNDWAT,WTRPRC,2032,8.0792
RE1,S22,LNDWAT,WTRPRC,2033,8.0792
RE1,S22,LNDWAT,WTRPRC,2034,8.0792
RE1,S22,LNDWAT,WTRPRC,2035,8.0792
RE1,S22,PWRCOA,COA,2020,64.3334
RE1,S22,PWRCOA,COA,2021,64.3334
RE1,S22,PWRCOA,COA,2022,64.3334
RE1,S22,PWRCOA,COA,2023,64.3334
RE1,S22,PWRCOA,COA,2024,64.3334
RE1,S22,PWRCOA,COA,2025,64.3334
RE1,S22,PWRCOA,COA,2026,64.3334
RE1,S22,PWRCOA,COA,2027,64.3334
RE1,S22,PWRCOA,COA,2028,64.3334
RE1,S22,PWRCOA,COA,2029,64.3334
RE1,S22,PWRCOA,COA,2030,32.1667
RE1,S22,PWRCOA,COA,2031,32.1667
RE1,S22,PWRCOA,COA,2032,32.1667
RE1,S22,PWRCOA,COA,2033,32.1667
RE1,S22,PWRCOA,COA,2034,32.1667
RE1,S22,PWRCOA,COA,2035,32.1667
RE1,S22,PWRCOA,PWRWAT,2020,0.0
RE1,S22,PWRCOA,PWRWAT,2021,0.0
RE1,S22,PWRCOA,PWRWAT,2022,0.0
RE1,S22,PWRCOA,PWRWAT,2023,0.0
RE1,S22,PWRCOA,PWRWAT,2024,0.0
RE1,S22,PWRCOA,PWRWAT,2025,0.0
RE1,S22,PWRCOA,PWRWAT,2026,0.0
RE1,S22,PWRCOA,PWRWAT,2027,0.0
RE1,S22,PWRCOA,PWRWAT,2028,0.0
RE1,S22,PWRCOA,PWRWAT,2029,0.0
RE1,S22,PWRCOA,PWRWAT,2030,0.0
RE1,S22,PWRCOA,PWRWAT,2031,0.0
RE1,S22,PWRCOA,PWRWAT,2032,0.0
RE1,S22,PWRCOA,PWRWAT,2033,0.0
RE1,S22,PWRCOA,PWRWAT,2034,0.0
RE1,S22,PWRCOA,PWRWAT,2035,0.0
RE1,S22,PWRGAS,GAS,2020,40.9332
RE1,S22,PWRGAS,GAS,2021,43.7052
RE1,S22,PWRGAS,GAS,2022,45.5532
RE1,S22,PWRGAS,GAS,2023,48.3252
RE1,S22,PWRGAS,GAS,2024,50.1732
RE1,S22,PWRGAS,GAS,2025,50.2647
RE1,S22,PWRGAS,GAS,2026,53.0367
RE1,S22,PWRGAS,GAS,2027,53.6112
RE1,S22,PWRGAS,GAS,2028,53.6112
RE1,S22,PWRGAS,GAS,2029,53.6112
RE1,S22,PWRGAS,GAS,2030,61.981
RE1,S22,PWRGAS,GAS,2031,63.9552
RE1,S22,PWRGAS,GAS,2032,65.9293
RE1,S22,PWRGAS,GAS,2033,68.5615
RE1,S22,PWRGAS,GAS,2034,70.5356
RE1,S22,PWRGAS,GAS,2035,73.1678
RE1,S22,PWRGAS,PWRWAT,2020,0.0
RE1,S22,PWRGAS,PWRWAT,2021,0.0
RE1,S22,PWRGAS,PWRWAT,2022,0.0
RE1,S22,PWRGAS,PWRWAT,2023,0.0
RE1,S22,PWRGAS,PWRWAT,2024,0.0
RE1,S22,PWRGAS,PWRWAT,2025,0.0
RE1,S22,PWRGAS,PWRWAT,2026,0.0
RE1,S22,PWRGAS,PWRWAT,2027,0.0
RE1,S22,PWRGAS,PWRWAT,2028,0.0
RE1,S22,PWRGAS,PWRWAT,2029,0.0
RE1,S22,PWRGAS,PWRWAT,2030,0.0
RE1,S22,PWRGAS,PWRWAT,2031,0.0
RE1,S22,PWRGAS,PWRWAT,2032,0.0
RE1,S22,PWRGAS,PWRWAT,2033,0.0
RE1,S22,PWRGAS,PWRWAT,2034,0.0
RE1,S22,PWRGAS,PWRWAT,2035,0.0
RE1,S22,PWRHYD,HYD,2020,2.6806
RE1,S22,PWRHYD,HYD,2021,2.6806
RE1,S22,PWRHYD,HYD,2022,2.6806
RE1,S22,PWRHYD,HYD,2023,2.6806
RE1,S22,PWRHYD,HYD,2024,2.6806
RE1,S22,PWRHYD,HYD,2025,4.0208
RE1,S22,PWRHYD,HYD,2026,4.0208
RE1,S22,PWRHYD,HYD,2027,4.0208
RE1,S22,PWRHYD,HYD,2028,4.0208
RE1,S22,PWRHYD,HYD,2029,4.0208
RE1,S22,PWRHYD,HYD,2030,4.0208
RE1,S22,PWRHYD,HYD,2031,4.0208
RE1,S22,PWRHYD,HYD,2032,4.0208
RE1,S22,PWRHYD,HYD,2033,4.0208
RE1,S22,PWRHYD,HYD,2034,4.0208
RE1,S22,PWRHYD,HYD,2035,4.0208
RE1,S22,PWRSOL,SOL,2020,0.0
RE1,S22,PWRSOL,SOL,2021,0.0
RE1,S22,PWRSOL,SOL,2022,0.0
RE1,S22,PWRSOL,SOL,2023,0.0
RE1,S22,PWRSOL,SOL,2024,0.0
RE1,S22,PWRSOL,SOL,2025,0.0
RE1,S22,PWRSOL,SOL,2026,0.0
RE1,S22,PWRSOL,SOL,2027,0.0
RE1,S22,PWRSOL,SOL,2028,0.0
RE1,S22,PWRSOL,SOL,2029,0.0
RE1,S22,PWRSOL,SOL,2030,0.0
RE1,S22,PWRSOL,SOL,2031,0.0
RE1,S22,PWRSOL,SOL,2032,0.0
RE1,S22,PWRSOL,SOL,2033,0.0
RE1,S22,PWRSOL,SOL,2034,0.0
RE1,S22,PWRSOL,SOL,2035,0.0
RE1,S22,PWRTRN,ELC001,2020,46.2
RE1,S22,PWRTRN,ELC001,2021,47.586
RE1,S22,PWRTRN,ELC001,2022,48.51
RE1,S22,PWRTRN,ELC001,2023,49.896
RE1,S22,PWRTRN,ELC001,2024,50.82
RE1,S22,PWRTRN,ELC001,2025,52.206
RE1,S22,PWRTRN,ELC001,2026,53.592
RE1,S22,PWRTRN,ELC001,2027,54.978
RE1,S22,PWRTRN,ELC001,2028,56.364
RE1,S22,PWRTRN,ELC001,2029,57.75
RE1,S22,PWRTRN,ELC001,2030,59.136
RE1,S22,PWRTRN,ELC001,2031,60.522
RE1,S22,PWRTRN,ELC001,2032,61.908
RE1,S22,PWRTRN,ELC001,2033,63.756
RE1,S22,PWRTRN,ELC001,2034,65.142
RE1,S22,PWRTRN,ELC001,2035,66.99
RE1,S22,PWRWND,WND,2020,1.6083
RE1,S22,PWRWND,WND,2021,1.6083
RE1,S22,PWRWND,WND,2022,1.6083
RE1,S22,PWRWND,WND,2023,1.6083
RE1,S22,PWRWND,WND,2024,1.6083
RE1,S22,PWRWND,WND,2025,1.6083
RE1,S22,PWRWND,WND,2026,1.6083
RE1,S22,PWRWND,WND,2027,2.7071
RE1,S22,PWRWND,WND,2028,4.0931
RE1,S22,PWRWND,WND,2029,5.4791
RE1,S22,PWRWND,WND,2030,13.4024
RE1,S22,PWRWND,WND,2031,13.8013
RE1,S22,PWRWND,WND,2032,14.2003
RE1,S22,PWRWND,WND,2033,14.7322
RE1,S22,PWRWND,WND,2034,15.1311
RE1,S22,PWRWND,WND,2035,15.663
