r,l,t,m,f,y,RateOfProductionByTechnologyByMode
RE1,S11,MINCOA,1,COA,2020,0.0
RE1,S11,MINCOA,1,COA,2021,0.0
RE1,S11,MINCOA,1,COA,2022,0.0
RE1,S11,MINCOA,1,COA,2023,0.0
RE1,S11,MINCOA,1,COA,2024,0.0
RE1,S11,MINCOA,1,COA,2025,0.0
RE1,S11,MINCOA,1,COA,2026,0.0
RE1,S11,MINCOA,1,COA,2027,0.0
RE1,S11,MINCOA,1,COA,2028,0.0
RE1,S11,MINCOA,1,COA,2029,0.0
RE1,S11,MINCOA,1,COA,2030,0.0
RE1,S11,MINCOA,1,COA,2031,0.0
RE1,S11,MINCOA,1,COA,2032,0.0
RE1,S11,MINCOA,1,COA,2033,0.0
RE1,S11,MINCOA,1,COA,2034,0.0
RE1,S11,MINCOA,1,COA,2035,0.0
RE1,S11,MINCOA,1,COA,2036,0.0
RE1,S11,MINCOA,1,COA,2037,0.0
RE1,S11,MINCOA,1,COA,2038,0.0
RE1,S11,MINCOA,1,COA,2039,0.0
RE1,S11,MINCOA,1,COA,2040,0.0
RE1,S11,MINGAS,1,GAS,2020,0.0
RE1,S11,MINGAS,1,GAS,2021,0.0
RE1,S11,MINGAS,1,GAS,2022,0.0
RE1,S11,MINGAS,1,GAS,2023,0.0
RE1,S11,MINGAS,1,GAS,2024,0.0
RE1,S11,MINGAS,1,GAS,2025,0.0
RE1,S11,MINGAS,1,GAS,2026,0.0
RE1,S11,MINGAS,1,GAS,2027,0.0
RE1,S11,MINGAS,1,GAS,2028,0.0
RE1,S11,MINGAS,1,GAS,2029,0.0
RE1,S11,MINGAS,1,GAS,2030,0.0
RE1,S11,MINGAS,1,GAS,2031,0.0
RE1,S11,MINGAS,1,GAS,2032,0.0
RE1,S11,MINGAS,1,GAS,2033,0.0
RE1,S11,MINGAS,1,GAS,2034,0.0
RE1,S11,MINGAS,1,GAS,2035,0.0
RE1,S11,MINGAS,1,GAS,2036,0.0
RE1,S11,MINGAS,1,GAS,2037,0.0
RE1,S11,MINGAS,1,GAS,2038,0.0
RE1,S11,MINGAS,1,GAS,2039,0.0
RE1,S11,MINGAS,1,GAS,2040,0.0
RE1,S11,MINHYD,1,HYD,2020,61.0294
RE1,S11,MINHYD,1,HYD,2021,62.8603
RE1,S11,MINHYD,1,HYD,2022,64.7461
RE1,S11,MINHYD,1,HYD,2023,66.6885
RE1,S11,MINHYD,1,HYD,2024,68.6891
RE1,S11,MINHYD,1,HYD,2025,70.7498
RE1,S11,MINHYD,1,HYD,2026,72.8723
RE1,S11,MINHYD,1,HYD,2027,75.0585
RE1,S11,MINHYD,1,HYD,2028,77.3102
RE1,S11,MINHYD,1,HYD,2029,79.6295
RE1,S11,MINHYD,1,HYD,2030,82.0184
RE1,S11,MINHYD,1,HYD,2031,84.479
RE1,S11,MINHYD,1,HYD,2032,87.0133
RE1,S11,MINHYD,1,HYD,2033,89.6237
RE1,S11,MINHYD,1,HYD,2034,92.3125
RE1,S11,MINHYD,1,HYD,2035,95.0818
RE1,S11,MINHYD,1,HYD,2036,97.9343
RE1,S11,MINHYD,1,HYD,2037,100.8723
RE1,S11,MINHYD,1,HYD,2038,103.8985
RE1,S11,MINHYD,1,HYD,2039,107.0154
RE1,S11,MINHYD,1,HYD,2040,110.2259
RE1,S11,MINSOL,1,SOL,2020,17.246
RE1,S11,MINSOL,1,SOL,2021,17.7634
RE1,S11,MINSOL,1,SOL,2022,18.2963
RE1,S11,MINSOL,1,SOL,2023,18.8452
RE1,S11,MINSOL,1,SOL,2024,19.4105
RE1,S11,MINSOL,1,SOL,2025,19.9928
RE1,S11,MINSOL,1,SOL,2026,20.5926
RE1,S11,MINSOL,1,SOL,2027,21.2104
RE1,S11,MINSOL,1,SOL,2028,21.8467
RE1,S11,MINSOL,1,SOL,2029,22.5021
RE1,S11,MINSOL,1,SOL,2030,23.1772
RE1,S11,MINSOL,1,SOL,2031,23.8725
RE1,S11,MINSOL,1,SOL,2032,24.5887
RE1,S11,MINSOL,1,SOL,2033,25.3263
RE1,S11,MINSOL,1,SOL,2034,26.0861
RE1,S11,MINSOL,1,SOL,2035,26.8687
RE1,S11,MINSOL,1,SOL,2036,27.6748
RE1,S11,MINSOL,1,SOL,2037,28.505
RE1,S11,MINSOL,1,SOL,2038,29.3601
RE1,S11,MINSOL,1,SOL,2039,30.2409
RE1,S11,MINSOL,1,SOL,2040,31.1482
RE1,S11,MINWND,1,WND,2020,0.0
RE1,S11,MINWND,1,WND,2021,0.0
RE1,S11,MINWND,1,WND,2022,0.0
RE1,S11,MINWND,1,WND,2023,0.0
RE1,S11,MINWND,1,WND,2024,0.0
RE1,S11,MINWND,1,WND,2025,0.0
RE1,S11,MINWND,1,WND,2026,0.0
RE1,S11,MINWND,1,WND,2027,0.0
RE1,S11,MINWND,1,WND,2028,0.0
RE1,S11,MINWND,1,WND,2029,0.0
RE1,S11,MINWND,1,WND,2030,0.0
RE1,S11,MINWND,1,WND,2031,0.0
RE1,S11,MINWND,1,WND,2032,0.0
RE1,S11,MINWND,1,WND,2033,0.0
RE1,S11,MINWND,1,WND,2034,0.0
RE1,S11,MINWND,1,WND,2035,0.0
RE1,S11,MINWND,1,WND,2036,0.0
RE1,S11,MINWND,1,WND,2037,0.0
RE1,S11,MINWND,1,WND,2038,0.0
RE1,S11,MINWND,1,WND,2039,0.0
RE1,S11,MINWND,1,WND,2040,0.0
RE1,S11,PWRCOA,1,ELC001,2020,0.0
RE1,S11,PWRCOA,1,ELC001,2021,0.0
RE1,S11,PWRCOA,1,ELC001,2022,0.0
RE1,S11,PWRCOA,1,ELC001,2023,0.0
RE1,S11,PWRCOA,1,ELC001,2024,0.0
RE1,S11,PWRCOA,1,ELC001,2025,0.0
RE1,S11,PWRCOA,1,ELC001,2026,0.0
RE1,S11,PWRCOA,1,ELC001,2027,0.0
RE1,S11,PWRCOA,1,ELC001,2028,0.0
RE1,S11,PWRCOA,1,ELC001,2029,0.0
RE1,S11,PWRCOA,1,ELC001,2030,0.0
RE1,S11,PWRCOA,1,ELC001,2031,0.0
RE1,S11,PWRCOA,1,ELC001,2032,0.0
RE1,S11,PWRCOA,1,ELC001,2033,0.0
RE1,S11,PWRCOA,1,ELC001,2034,0.0
RE1,S11,PWRCOA,1,ELC001,2035,0.0
RE1,S11,PWRCOA,1,ELC001,2036,0.0
RE1,S11,PWRCOA,1,ELC001,2037,0.0
RE1,S11,PWRCOA,1,ELC001,2038,0.0
RE1,S11,PWRCOA,1,ELC001,2039,0.0
RE1,S11,PWRCOA,1,ELC001,2040,0.0
RE1,S11,PWRGAS,1,ELC001,2020,0.0
RE1,S11,PWRGAS,1,ELC001,2021,0.0
RE1,S11,PWRGAS,1,ELC001,2022,0.0
RE1,S11,PWRGAS,1,ELC001,2023,0.0
RE1,S11,PWRGAS,1,ELC001,2024,0.0
RE1,S11,PWRGAS,1,ELC001,2025,0.0
RE1,S11,PWRGAS,1,ELC001,2026,0.0
RE1,S11,PWRGAS,1,ELC001,2027,0.0
RE1,S11,PWRGAS,1,ELC001,2028,0.0
RE1,S11,PWRGAS,1,ELC001,2029,0.0
RE1,S11,PWRGAS,1,ELC001,2030,0.0
RE1,S11,PWRGAS,1,ELC001,2031,0.0
RE1,S11,PWRGAS,1,ELC001,2032,0.0
RE1,S11,PWRGAS,1,ELC001,2033,0.0
RE1,S11,PWRGAS,1,ELC001,2034,0.0
RE1,S11,PWRGAS,1,ELC001,2035,0.0
RE1,S11,PWRGAS,1,ELC001,2036,0.0
RE1,S11,PWRGAS,1,ELC001,2037,0.0
RE1,S11,PWRGAS,1,ELC001,2038,0.0
RE1,S11,PWRGAS,1,ELC001,2039,0.0
RE1,S11,PWRGAS,1,ELC001,2040,0.0
RE1,S11,PWRHYD,1,ELC001,2020,61.0294
RE1,S11,PWRHYD,1,ELC001,2021,62.8603
RE1,S11,PWRHYD,1,ELC001,2022,64.7461
RE1,S11,PWRHYD,1,ELC001,2023,66.6885
RE1,S11,PWRHYD,1,ELC001,2024,68.6891
RE1,S11,PWRHYD,1,ELC001,2025,70.7498
RE1,S11,PWRHYD,1,ELC001,2026,72.8723
RE1,S11,PWRHYD,1,ELC001,2027,75.0585
RE1,S11,PWRHYD,1,ELC001,2028,77.3102
RE1,S11,PWRHYD,1,ELC001,2029,79.6295
RE1,S11,PWRHYD,1,ELC001,2030,82.0184
RE1,S11,PWRHYD,1,ELC001,2031,84.479
RE1,S11,PWRHYD,1,ELC001,2032,87.0133
RE1,S11,PWRHYD,1,ELC001,2033,89.6237
RE1,S11,PWRHYD,1,ELC001,2034,92.3125
RE1,S11,PWRHYD,1,ELC001,2035,95.0818
RE1,S11,PWRHYD,1,ELC001,2036,97.9343
RE1,S11,PWRHYD,1,ELC001,2037,100.8723
RE1,S11,PWRHYD,1,ELC001,2038,103.8985
RE1,S11,PWRHYD,1,ELC001,2039,107.0154
RE1,S11,PWRHYD,1,ELC001,2040,110.2259
RE1,S11,PWRSOL,1,ELC002,2020,17.246
RE1,S11,PWRSOL,1,ELC002,2021,17.7634
RE1,S11,PWRSOL,1,ELC002,2022,18.2963
RE1,S11,PWRSOL,1,ELC002,2023,18.8452
RE1,S11,PWRSOL,1,ELC002,2024,19.4105
RE1,S11,PWRSOL,1,ELC002,2025,19.9928
RE1,S11,PWRSOL,1,ELC002,2026,20.5926
RE1,S11,PWRSOL,1,ELC002,2027,21.2104
RE1,S11,PWRSOL,1,ELC002,2028,21.8467
RE1,S11,PWRSOL,1,ELC002,2029,22.5021
RE1,S11,PWRSOL,1,ELC002,2030,23.1772
RE1,S11,PWRSOL,1,ELC002,2031,23.8725
RE1,S11,PWRSOL,1,ELC002,2032,24.5887
RE1,S11,PWRSOL,1,ELC002,2033,25.3263
RE1,S11,PWRSOL,1,ELC002,2034,26.0861
RE1,S11,PWRSOL,1,ELC002,2035,26.8687
RE1,S11,PWRSOL,1,ELC002,2036,27.6748
RE1,S11,PWRSOL,1,ELC002,2037,28.505
RE1,S11,PWRSOL,1,ELC002,2038,29.3601
RE1,S11,PWRSOL,1,ELC002,2039,30.2409
RE1,S11,PWRSOL,1,ELC002,2040,31.1482
RE1,S11,PWRTRN,1,ELC002,2020,55.4813
RE1,S11,PWRTRN,1,ELC002,2021,57.1457
RE1,S11,PWRTRN,1,ELC002,2022,58.8601
RE1,S11,PWRTRN,1,ELC002,2023,60.6259
RE1,S11,PWRTRN,1,ELC002,2024,62.4447
RE1,S11,PWRTRN,1,ELC002,2025,64.318
RE1,S11,PWRTRN,1,ELC002,2026,66.2476
RE1,S11,PWRTRN,1,ELC002,2027,68.235
RE1,S11,PWRTRN,1,ELC002,2028,70.282
RE1,S11,PWRTRN,1,ELC002,2029,72.3905
RE1,S11,PWRTRN,1,ELC002,2030,74.5622
RE1,S11,PWRTRN,1,ELC002,2031,76.7991
RE1,S11,PWRTRN,1,ELC002,2032,79.103
RE1,S11,PWRTRN,1,ELC002,2033,81.4761
RE1,S11,PWRTRN,1,ELC002,2034,83.9204
RE1,S11,PWRTRN,1,ELC002,2035,86.438
RE1,S11,PWRTRN,1,ELC002,2036,89.0312
RE1,S11,PWRTRN,1,ELC002,2037,91.7021
RE1,S11,PWRTRN,1,ELC002,2038,94.4532
RE1,S11,PWRTRN,1,ELC002,2039,97.2868
RE1,S11,PWRTRN,1,ELC002,2040,100.2054
RE1,S11,PWRWND,1,ELC001,2020,0.0
RE1,S11,PWRWND,1,ELC001,2021,0.0
RE1,S11,PWRWND,1,ELC001,2022,0.0
RE1,S11,PWRWND,1,ELC001,2023,0.0
RE1,S11,PWRWND,1,ELC001,2024,0.0
RE1,S11,PWRWND,1,ELC001,2025,0.0
RE1,S11,PWRWND,1,ELC001,2026,0.0
RE1,S11,PWRWND,1,ELC001,2027,0.0
RE1,S11,PWRWND,1,ELC001,2028,0.0
RE1,S11,PWRWND,1,ELC001,2029,0.0
RE1,S11,PWRWND,1,ELC001,2030,0.0
RE1,S11,PWRWND,1,ELC001,2031,0.0
RE1,S11,PWRWND,1,ELC001,2032,0.0
RE1,S11,PWRWND,1,ELC001,2033,0.0
RE1,S11,PWRWND,1,ELC001,2034,0.0
RE1,S11,PWRWND,1,ELC001,2035,0.0
RE1,S11,PWRWND,1,ELC001,2036,0.0
RE1,S11,PWRWND,1,ELC001,2037,0.0
RE1,S11,PWRWND,1,ELC001,2038,0.0
RE1,S11,PWRWND,1,ELC001,2039,0.0
RE1,S11,PWRWND,1,ELC001,2040,0.0
RE1,S12,MINCOA,1,COA,2020,0.0
RE1,S12,MINCOA,1,COA,2021,0.0
RE1,S12,MINCOA,1,COA,2022,0.0
RE1,S12,MINCOA,1,COA,2023,0.0
RE1,S12,MINCOA,1,COA,2024,0.0
RE1,S12,MINCOA,1,COA,2025,0.0
RE1,S12,MINCOA,1,COA,2026,0.0
RE1,S12,MINCOA,1,COA,2027,0.0
RE1,S12,MINCOA,1,COA,2028,0.0
RE1,S12,MINCOA,1,COA,2029,0.0
RE1,S12,MINCOA,1,COA,2030,0.0
RE1,S12,MINCOA,1,COA,2031,0.0
RE1,S12,MINCOA,1,COA,2032,0.0
RE1,S12,MINCOA,1,COA,2033,0.0
RE1,S12,MINCOA,1,COA,2034,0.0
RE1,S12,MINCOA,1,COA,2035,0.0
RE1,S12,MINCOA,1,COA,2036,0.0
RE1,S12,MINCOA,1,COA,2037,0.0
RE1,S12,MINCOA,1,COA,2038,0.0
RE1,S12,MINCOA,1,COA,2039,0.0
RE1,S12,MINCOA,1,COA,2040,0.0
RE1,S12,MINGAS,1,GAS,2020,0.0
RE1,S12,MINGAS,1,GAS,2021,0.0
RE1,S12,MINGAS,1,GAS,2022,0.0
RE1,S12,MINGAS,1,GAS,2023,0.0
RE1,S12,MINGAS,1,GAS,2024,0.0
RE1,S12,MINGAS,1,GAS,2025,0.0
RE1,S12,MINGAS,1,GAS,2026,0.0
RE1,S12,MINGAS,1,GAS,2027,0.0
RE1,S12,MINGAS,1,GAS,2028,0.0
RE1,S12,MINGAS,1,GAS,2029,0.0
RE1,S12,MINGAS,1,GAS,2030,0.0
RE1,S12,MINGAS,1,GAS,2031,0.0
RE1,S12,MINGAS,1,GAS,2032,0.0
RE1,S12,MINGAS,1,GAS,2033,0.0
RE1,S12,MINGAS,1,GAS,2034,0.0
RE1,S12,MINGAS,1,GAS,2035,0.0
RE1,S12,MINGAS,1,GAS,2036,0.0
RE1,S12,MINGAS,1,GAS,2037,0.0
RE1,S12,MINGAS,1,GAS,2038,0.0
RE1,S12,MINGAS,1,GAS,2039,0.0
RE1,S12,MINGAS,1,GAS,2040,0.0
RE1,S12,MINHYD,1,HYD,2020,40.0
RE1,S12,MINHYD,1,HYD,2021,41.2
RE1,S12,MINHYD,1,HYD,2022,42.436
RE1,S12,MINHYD,1,HYD,2023,43.7091
RE1,S12,MINHYD,1,HYD,2024,45.0204
RE1,S12,MINHYD,1,HYD,2025,46.371
RE1,S12,MINHYD,1,HYD,2026,47.7621
RE1,S12,MINHYD,1,HYD,2027,49.195
RE1,S12,MINHYD,1,HYD,2028,50.6708
RE1,S12,MINHYD,1,HYD,2029,52.1909
RE1,S12,MINHYD,1,HYD,2030,53.7567
RE1,S12,MINHYD,1,HYD,2031,55.3694
RE1,S12,MINHYD,1,HYD,2032,57.0304
RE1,S12,MINHYD,1,HYD,2033,58.7413
RE1,S12,MINHYD,1,HYD,2034,60.5036
RE1,S12,MINHYD,1,HYD,2035,62.3187
RE1,S12,MINHYD,1,HYD,2036,64.1883
RE1,S12,MINHYD,1,HYD,2037,66.1139
RE1,S12,MINHYD,1,HYD,2038,68.0973
RE1,S12,MINHYD,1,HYD,2039,70.1402
RE1,S12,MINHYD,1,HYD,2040,72.2444
RE1,S12,MINSOL,1,SOL,2020,0.0
RE1,S12,MINSOL,1,SOL,2021,0.0
RE1,S12,MINSOL,1,SOL,2022,0.0
RE1,S12,MINSOL,1,SOL,2023,0.0
RE1,S12,MINSOL,1,SOL,2024,0.0
RE1,S12,MINSOL,1,SOL,2025,0.0
RE1,S12,MINSOL,1,SOL,2026,0.0
RE1,S12,MINSOL,1,SOL,2027,0.0
RE1,S12,MINSOL,1,SOL,2028,0.0
RE1,S12,MINSOL,1,SOL,2029,0.0
RE1,S12,MINSOL,1,SOL,2030,0.0
RE1,S12,MINSOL,1,SOL,2031,0.0
RE1,S12,MINSOL,1,SOL,2032,0.0
RE1,S12,MINSOL,1,SOL,2033,0.0
RE1,S12,MINSOL,1,SOL,2034,0.0
RE1,S12,MINSOL,1,SOL,2035,0.0
RE1,S12,MINSOL,1,SOL,2036,0.0
RE1,S12,MINSOL,1,SOL,2037,0.0
RE1,S12,MINSOL,1,SOL,2038,0.0
RE1,S12,MINSOL,1,SOL,2039,0.0
RE1,S12,MINSOL,1,SOL,2040,0.0
RE1,S12,MINWND,1,WND,2020,0.0
RE1,S12,MINWND,1,WND,2021,0.0
RE1,S12,MINWND,1,WND,2022,0.0
RE1,S12,MINWND,1,WND,2023,0.0
RE1,S12,MINWND,1,WND,2024,0.0
RE1,S12,MINWND,1,WND,2025,0.0
RE1,S12,MINWND,1,WND,2026,0.0
RE1,S12,MINWND,1,WND,2027,0.0
RE1,S12,MINWND,1,WND,2028,0.0
RE1,S12,MINWND,1,WND,2029,0.0
RE1,S12,MINWND,1,WND,2030,0.0
RE1,S12,MINWND,1,WND,2031,0.0
RE1,S12,MINWND,1,WND,2032,0.0
RE1,S12,MINWND,1,WND,2033,0.0
RE1,S12,MINWND,1,WND,2034,0.0
RE1,S12,MINWND,1,WND,2035,0.0
RE1,S12,MINWND,1,WND,2036,0.0
RE1,S12,MINWND,1,WND,2037,0.0
RE1,S12,MINWND,1,WND,2038,0.0
RE1,S12,MINWND,1,WND,2039,0.0
RE1,S12,MINWND,1,WND,2040,0.0
RE1,S12,PWRCOA,1,ELC001,2020,0.0
RE1,S12,PWRCOA,1,ELC001,2021,0.0
RE1,S12,PWRCOA,1,ELC001,2022,0.0
RE1,S12,PWRCOA,1,ELC001,2023,0.0
RE1,S12,PWRCOA,1,ELC001,2024,0.0
RE1,S12,PWRCOA,1,ELC001,2025,0.0
RE1,S12,PWRCOA,1,ELC001,2026,0.0
RE1,S12,PWRCOA,1,ELC001,2027,0.0
RE1,S12,PWRCOA,1,ELC001,2028,0.0
RE1,S12,PWRCOA,1,ELC001,2029,0.0
RE1,S12,PWRCOA,1,ELC001,2030,0.0
RE1,S12,PWRCOA,1,ELC001,2031,0.0
RE1,S12,PWRCOA,1,ELC001,2032,0.0
RE1,S12,PWRCOA,1,ELC001,2033,0.0
RE1,S12,PWRCOA,1,ELC001,2034,0.0
RE1,S12,PWRCOA,1,ELC001,2035,0.0
RE1,S12,PWRCOA,1,ELC001,2036,0.0
RE1,S12,PWRCOA,1,ELC001,2037,0.0
RE1,S12,PWRCOA,1,ELC001,2038,0.0
RE1,S12,PWRCOA,1,ELC001,2039,0.0
RE1,S12,PWRCOA,1,ELC001,2040,0.0
RE1,S12,PWRGAS,1,ELC001,2020,0.0
RE1,S12,PWRGAS,1,ELC001,2021,0.0
RE1,S12,PWRGAS,1,ELC001,2022,0.0
RE1,S12,PWRGAS,1,ELC001,2023,0.0
RE1,S12,PWRGAS,1,ELC001,2024,0.0
RE1,S12,PWRGAS,1,ELC001,2025,0.0
RE1,S12,PWRGAS,1,ELC001,2026,0.0
RE1,S12,PWRGAS,1,ELC001,2027,0.0
RE1,S12,PWRGAS,1,ELC001,2028,0.0
RE1,S12,PWRGAS,1,ELC001,2029,0.0
RE1,S12,PWRGAS,1,ELC001,2030,0.0
RE1,S12,PWRGAS,1,ELC001,2031,0.0
RE1,S12,PWRGAS,1,ELC001,2032,0.0
RE1,S12,PWRGAS,1,ELC001,2033,0.0
RE1,S12,PWRGAS,1,ELC001,2034,0.0
RE1,S12,PWRGAS,1,ELC001,2035,0.0
RE1,S12,PWRGAS,1,ELC001,2036,0.0
RE1,S12,PWRGAS,1,ELC001,2037,0.0
RE1,S12,PWRGAS,1,ELC001,2038,0.0
RE1,S12,PWRGAS,1,ELC001,2039,0.0
RE1,S12,PWRGAS,1,ELC001,2040,0.0
RE1,S12,PWRHYD,1,ELC001,2020,40.0
RE1,S12,PWRHYD,1,ELC001,2021,41.2
RE1,S12,PWRHYD,1,ELC001,2022,42.436
RE1,S12,PWRHYD,1,ELC001,2023,43.7091
RE1,S12,PWRHYD,1,ELC001,2024,45.0204
RE1,S12,PWRHYD,1,ELC001,2025,46.371
RE1,S12,PWRHYD,1,ELC001,2026,47.7621
RE1,S12,PWRHYD,1,ELC001,2027,49.195
RE1,S12,PWRHYD,1,ELC001,2028,50.6708
RE1,S12,PWRHYD,1,ELC001,2029,52.1909
RE1,S12,PWRHYD,1,ELC001,2030,53.7567
RE1,S12,PWRHYD,1,ELC001,2031,55.3694
RE1,S12,PWRHYD,1,ELC001,2032,57.0304
RE1,S12,PWRHYD,1,ELC001,2033,58.7413
RE1,S12,PWRHYD,1,ELC001,2034,60.5036
RE1,S12,PWRHYD,1,ELC001,2035,62.3187
RE1,S12,PWRHYD,1,ELC001,2036,64.1883
RE1,S12,PWRHYD,1,ELC001,2037,66.1139
RE1,S12,PWRHYD,1,ELC001,2038,68.0973
RE1,S12,PWRHYD,1,ELC001,2039,70.1402
RE1,S12,PWRHYD,1,ELC001,2040,72.2444
RE1,S12,PWRSOL,1,ELC002,2020,0.0
RE1,S12,PWRSOL,1,ELC002,2021,0.0
RE1,S12,PWRSOL,1,ELC002,2022,0.0
RE1,S12,PWRSOL,1,ELC002,2023,0.0
RE1,S12,PWRSOL,1,ELC002,2024,0.0
RE1,S12,PWRSOL,1,ELC002,2025,0.0
RE1,S12,PWRSOL,1,ELC002,2026,0.0
RE1,S12,PWRSOL,1,ELC002,2027,0.0
RE1,S12,PWRSOL,1,ELC002,2028,0.0
RE1,S12,PWRSOL,1,ELC002,2029,0.0
RE1,S12,PWRSOL,1,ELC002,2030,0.0
RE1,S12,PWRSOL,1,ELC002,2031,0.0
RE1,S12,PWRSOL,1,ELC002,2032,0.0
RE1,S12,PWRSOL,1,ELC002,2033,0.0
RE1,S12,PWRSOL,1,ELC002,2034,0.0
RE1,S12,PWRSOL,1,ELC002,2035,0.0
RE1,S12,PWRSOL,1,ELC002,2036,0.0
RE1,S12,PWRSOL,1,ELC002,2037,0.0
RE1,S12,PWRSOL,1,ELC002,2038,0.0
RE1,S12,PWRSOL,1,ELC002,2039,0.0
RE1,S12,PWRSOL,1,ELC002,2040,0.0
RE1,S12,PWRTRN,1,ELC002,2020,36.3636
RE1,S12,PWRTRN,1,ELC002,2021,37.4545
RE1,S12,PWRTRN,1,ELC002,2022,38.5782
RE1,S12,PWRTRN,1,ELC002,2023,39.7355
RE1,S12,PWRTRN,1,ELC002,2024,40.9276
RE1,S12,PWRTRN,1,ELC002,2025,42.1554
RE1,S12,PWRTRN,1,ELC002,2026,43.4201
RE1,S12,PWRTRN,1,ELC002,2027,44.7227
RE1,S12,PWRTRN,1,ELC002,2028,46.0644
RE1,S12,PWRTRN,1,ELC002,2029,47.4463
RE1,S12,PWRTRN,1,ELC002,2030,48.8697
RE1,S12,PWRTRN,1,ELC002,2031,50.3358
RE1,S12,PWRTRN,1,ELC002,2032,51.8458
RE1,S12,PWRTRN,1,ELC002,2033,53.4012
RE1,S12,PWRTRN,1,ELC002,2034,55.0033
RE1,S12,PWRTRN,1,ELC002,2035,56.6534
RE1,S12,PWRTRN,1,ELC002,2036,58.353
RE1,S12,PWRTRN,1,ELC002,2037,60.1036
RE1,S12,PWRTRN,1,ELC002,2038,61.9067
RE1,S12,PWRTRN,1,ELC002,2039,63.7639
RE1,S12,PWRTRN,1,ELC002,2040,65.6768
RE1,S12,PWRWND,1,ELC001,2020,0.0
RE1,S12,PWRWND,1,ELC001,2021,0.0
RE1,S12,PWRWND,1,ELC001,2022,0.0
RE1,S12,PWRWND,1,ELC001,2023,0.0
RE1,S12,PWRWND,1,ELC001,2024,0.0
RE1,S12,PWRWND,1,ELC001,2025,0.0
RE1,S12,PWRWND,1,ELC001,2026,0.0
RE1,S12,PWRWND,1,ELC001,2027,0.0
RE1,S12,PWRWND,1,ELC001,2028,0.0
RE1,S12,PWRWND,1,ELC001,2029,0.0
RE1,S12,PWRWND,1,ELC001,2030,0.0
RE1,S12,PWRWND,1,ELC001,2031,0.0
RE1,S12,PWRWND,1,ELC001,2032,0.0
RE1,S12,PWRWND,1,ELC001,2033,0.0
RE1,S12,PWRWND,1,ELC001,2034,0.0
RE1,S12,PWRWND,1,ELC001,2035,0.0
RE1,S12,PWRWND,1,ELC001,2036,0.0
RE1,S12,PWRWND,1,ELC001,2037,0.0
RE1,S12,PWRWND,1,ELC001,2038,0.0
RE1,S12,PWRWND,1,ELC001,2039,0.0
RE1,S12,PWRWND,1,ELC001,2040,0.0
RE1,S21,MINCOA,1,COA,2020,0.0
RE1,S21,MINCOA,1,COA,2021,0.0
RE1,S21,MINCOA,1,COA,2022,0.0
RE1,S21,MINCOA,1,COA,2023,0.0
RE1,S21,MINCOA,1,COA,2024,0.0
RE1,S21,MINCOA,1,COA,2025,0.0
RE1,S21,MINCOA,1,COA,2026,0.0
RE1,S21,MINCOA,1,COA,2027,0.0
RE1,S21,MINCOA,1,COA,2028,0.0
RE1,S21,MINCOA,1,COA,2029,0.0
RE1,S21,MINCOA,1,COA,2030,0.0
RE1,S21,MINCOA,1,COA,2031,0.0
RE1,S21,MINCOA,1,COA,2032,0.0
RE1,S21,MINCOA,1,COA,2033,0.0
RE1,S21,MINCOA,1,COA,2034,0.0
RE1,S21,MINCOA,1,COA,2035,0.0
RE1,S21,MINCOA,1,COA,2036,0.0
RE1,S21,MINCOA,1,COA,2037,0.0
RE1,S21,MINCOA,1,COA,2038,0.0
RE1,S21,MINCOA,1,COA,2039,0.0
RE1,S21,MINCOA,1,COA,2040,0.0
RE1,S21,MINGAS,1,GAS,2020,0.0
RE1,S21,MINGAS,1,GAS,2021,0.0
RE1,S21,MINGAS,1,GAS,2022,0.0
RE1,S21,MINGAS,1,GAS,2023,0.0
RE1,S21,MINGAS,1,GAS,2024,0.0
RE1,S21,MINGAS,1,GAS,2025,0.0
RE1,S21,MINGAS,1,GAS,2026,0.0
RE1,S21,MINGAS,1,GAS,2027,0.0
RE1,S21,MINGAS,1,GAS,2028,0.0
RE1,S21,MINGAS,1,GAS,2029,0.0
RE1,S21,MINGAS,1,GAS,2030,0.0
RE1,S21,MINGAS,1,GAS,2031,0.0
RE1,S21,MINGAS,1,GAS,2032,0.0
RE1,S21,MINGAS,1,GAS,2033,0.0
RE1,S21,MINGAS,1,GAS,2034,0.0
RE1,S21,MINGAS,1,GAS,2035,0.0
RE1,S21,MINGAS,1,GAS,2036,0.0
RE1,S21,MINGAS,1,GAS,2037,0.0
RE1,S21,MINGAS,1,GAS,2038,0.0
RE1,S21,MINGAS,1,GAS,2039,0.0
RE1,S21,MINGAS,1,GAS,2040,0.0
RE1,S21,MINHYD,1,HYD,2020,101.7157
RE1,S21,MINHYD,1,HYD,2021,104.7672
RE1,S21,MINHYD,1,HYD,2022,107.9102
RE1,S21,MINHYD,1,HYD,2023,111.1475
RE1,S21,MINHYD,1,HYD,2024,114.4819
RE1,S21,MINHYD,1,HYD,2025,117.9164
RE1,S21,MINHYD,1,HYD,2026,121.4538
RE1,S21,MINHYD,1,HYD,2027,125.0975
RE1,S21,MINHYD,1,HYD,2028,128.8504
RE1,S21,MINHYD,1,HYD,2029,132.7159
RE1,S21,MINHYD,1,HYD,2030,136.6974
RE1,S21,MINHYD,1,HYD,2031,140.7983
RE1,S21,MINHYD,1,HYD,2032,145.0223
RE1,S21,MINHYD,1,HYD,2033,149.3729
RE1,S21,MINHYD,1,HYD,2034,153.8541
RE1,S21,MINHYD,1,HYD,2035,158.4697
RE1,S21,MINHYD,1,HYD,2036,163.2238
RE1,S21,MINHYD,1,HYD,2037,168.1205
RE1,S21,MINHYD,1,HYD,2038,173.1642
RE1,S21,MINHYD,1,HYD,2039,178.3591
RE1,S21,MINHYD,1,HYD,2040,183.7098
RE1,S21,MINSOL,1,SOL,2020,13.4135
RE1,S21,MINSOL,1,SOL,2021,13.816
RE1,S21,MINSOL,1,SOL,2022,14.2304
RE1,S21,MINSOL,1,SOL,2023,14.6573
RE1,S21,MINSOL,1,SOL,2024,15.0971
RE1,S21,MINSOL,1,SOL,2025,15.55
RE1,S21,MINSOL,1,SOL,2026,16.0165
RE1,S21,MINSOL,1,SOL,2027,16.497
RE1,S21,MINSOL,1,SOL,2028,16.9919
RE1,S21,MINSOL,1,SOL,2029,17.5016
RE1,S21,MINSOL,1,SOL,2030,18.0267
RE1,S21,MINSOL,1,SOL,2031,18.5675
RE1,S21,MINSOL,1,SOL,2032,19.1245
RE1,S21,MINSOL,1,SOL,2033,19.6982
RE1,S21,MINSOL,1,SOL,2034,20.2892
RE1,S21,MINSOL,1,SOL,2035,20.8979
RE1,S21,MINSOL,1,SOL,2036,21.5248
RE1,S21,MINSOL,1,SOL,2037,22.1706
RE1,S21,MINSOL,1,SOL,2038,22.8357
RE1,S21,MINSOL,1,SOL,2039,23.5207
RE1,S21,MINSOL,1,SOL,2040,24.2264
RE1,S21,MINWND,1,WND,2020,0.0
RE1,S21,MINWND,1,WND,2021,0.0
RE1,S21,MINWND,1,WND,2022,0.0
RE1,S21,MINWND,1,WND,2023,0.0
RE1,S21,MINWND,1,WND,2024,0.0
RE1,S21,MINWND,1,WND,2025,0.0
RE1,S21,MINWND,1,WND,2026,0.0
RE1,S21,MINWND,1,WND,2027,0.0
RE1,S21,MINWND,1,WND,2028,0.0
RE1,S21,MINWND,1,WND,2029,0.0
RE1,S21,MINWND,1,WND,2030,0.0
RE1,S21,MINWND,1,WND,2031,0.0
RE1,S21,MINWND,1,WND,2032,0.0
RE1,S21,MINWND,1,WND,2033,0.0
RE1,S21,MINWND,1,WND,2034,0.0
RE1,S21,MINWND,1,WND,2035,0.0
RE1,S21,MINWND,1,WND,2036,0.0
RE1,S21,MINWND,1,WND,2037,0.0
RE1,S21,MINWND,1,WND,2038,0.0
RE1,S21,MINWND,1,WND,2039,0.0
RE1,S21,MINWND,1,WND,2040,0.0
RE1,S21,PWRCOA,1,ELC001,2020,0.0
RE1,S21,PWRCOA,1,ELC001,2021,0.0
RE1,S21,PWRCOA,1,ELC001,2022,0.0
RE1,S21,PWRCOA,1,ELC001,2023,0.0
RE1,S21,PWRCOA,1,ELC001,2024,0.0
RE1,S21,PWRCOA,1,ELC001,2025,0.0
RE1,S21,PWRCOA,1,ELC001,2026,0.0
RE1,S21,PWRCOA,1,ELC001,2027,0.0
RE1,S21,PWRCOA,1,ELC001,2028,0.0
RE1,S21,PWRCOA,1,ELC001,2029,0.0
RE1,S21,PWRCOA,1,ELC001,2030,0.0
RE1,S21,PWRCOA,1,ELC001,2031,0.0
RE1,S21,PWRCOA,1,ELC001,2032,0.0
RE1,S21,PWRCOA,1,ELC001,2033,0.0
RE1,S21,PWRCOA,1,ELC001,2034,0.0
RE1,S21,PWRCOA,1,ELC001,2035,0.0
RE1,S21,PWRCOA,1,ELC001,2036,0.0
RE1,S21,PWRCOA,1,ELC001,2037,0.0
RE1,S21,PWRCOA,1,ELC001,2038,0.0
RE1,S21,PWRCOA,1,ELC001,2039,0.0
RE1,S21,PWRCOA,1,ELC001,2040,0.0
RE1,S21,PWRGAS,1,ELC001,2020,0.0
RE1,S21,PWRGAS,1,ELC001,2021,0.0
RE1,S21,PWRGAS,1,ELC001,2022,0.0
RE1,S21,PWRGAS,1,ELC001,2023,0.0
RE1,S21,PWRGAS,1,ELC001,2024,0.0
RE1,S21,PWRGAS,1,ELC001,2025,0.0
RE1,S21,PWRGAS,1,ELC001,2026,0.0
RE1,S21,PWRGAS,1,ELC001,2027,0.0
RE1,S21,PWRGAS,1,ELC001,2028,0.0
RE1,S21,PWRGAS,1,ELC001,2029,0.0
RE1,S21,PWRGAS,1,ELC001,2030,0.0
RE1,S21,PWRGAS,1,ELC001,2031,0.0
RE1,S21,PWRGAS,1,ELC001,2032,0.0
RE1,S21,PWRGAS,1,ELC001,2033,0.0
RE1,S21,PWRGAS,1,ELC001,2034,0.0
RE1,S21,PWRGAS,1,ELC001,2035,0.0
RE1,S21,PWRGAS,1,ELC001,2036,0.0
RE1,S21,PWRGAS,1,ELC001,2037,0.0
RE1,S21,PWRGAS,1,ELC001,2038,0.0
RE1,S21,PWRGAS,1,ELC001,2039,0.0
RE1,S21,PWRGAS,1,ELC001,2040,0.0
RE1,S21,PWRHYD,1,ELC001,2020,101.7157
RE1,S21,PWRHYD,1,ELC001,2021,104.7672
RE1,S21,PWRHYD,1,ELC001,2022,107.9102
RE1,S21,PWRHYD,1,ELC001,2023,111.1475
RE1,S21,PWRHYD,1,ELC001,2024,114.4819
RE1,S21,PWRHYD,1,ELC001,2025,117.9164
RE1,S21,PWRHYD,1,ELC001,2026,121.4538
RE1,S21,PWRHYD,1,ELC001,2027,125.0975
RE1,S21,PWRHYD,1,ELC001,2028,128.8504
RE1,S21,PWRHYD,1,ELC001,2029,132.7159
RE1,S21,PWRHYD,1,ELC001,2030,136.6974
RE1,S21,PWRHYD,1,ELC001,2031,140.7983
RE1,S21,PWRHYD,1,ELC001,2032,145.0223
RE1,S21,PWRHYD,1,ELC001,2033,149.3729
RE1,S21,PWRHYD,1,ELC001,2034,153.8541
RE1,S21,PWRHYD,1,ELC001,2035,158.4697
RE1,S21,PWRHYD,1,ELC001,2036,163.2238
RE1,S21,PWRHYD,1,ELC001,2037,168.1205
RE1,S21,PWRHYD,1,ELC001,2038,173.1642
RE1,S21,PWRHYD,1,ELC001,2039,178.3591
RE1,S21,PWRHYD,1,ELC001,2040,183.7098
RE1,S21,PWRSOL,1,ELC002,2020,13.4135
RE1,S21,PWRSOL,1,ELC002,2021,13.816
RE1,S21,PWRSOL,1,ELC002,2022,14.2304
RE1,S21,PWRSOL,1,ELC002,2023,14.6573
RE1,S21,PWRSOL,1,ELC002,2024,15.0971
RE1,S21,PWRSOL,1,ELC002,2025,15.55
RE1,S21,PWRSOL,1,ELC002,2026,16.0165
RE1,S21,PWRSOL,1,ELC002,2027,16.497
RE1,S21,PWRSOL,1,ELC002,2028,16.9919
RE1,S21,PWRSOL,1,ELC002,2029,17.5016
RE1,S21,PWRSOL,1,ELC002,2030,18.0267
RE1,S21,PWRSOL,1,ELC002,2031,18.5675
RE1,S21,PWRSOL,1,ELC002,2032,19.1245
RE1,S21,PWRSOL,1,ELC002,2033,19.6982
RE1,S21,PWRSOL,1,ELC002,2034,20.2892
RE1,S21,PWRSOL,1,ELC002,2035,20.8979
RE1,S21,PWRSOL,1,ELC002,2036,21.5248
RE1,S21,PWRSOL,1,ELC002,2037,22.1706
RE1,S21,PWRSOL,1,ELC002,2038,22.8357
RE1,S21,PWRSOL,1,ELC002,2039,23.5207
RE1,S21,PWRSOL,1,ELC002,2040,24.2264
RE1,S21,PWRTRN,1,ELC002,2020,92.4688
RE1,S21,PWRTRN,1,ELC002,2021,95.2429
RE1,S21,PWRTRN,1,ELC002,2022,98.1002
RE1,S21,PWRTRN,1,ELC002,2023,101.0432
RE1,S21,PWRTRN,1,ELC002,2024,104.0745
RE1,S21,PWRTRN,1,ELC002,2025,107.1967
RE1,S21,PWRTRN,1,ELC002,2026,110.4126
RE1,S21,PWRTRN,1,ELC002,2027,113.725
RE1,S21,PWRTRN,1,ELC002,2028,117.1367
RE1,S21,PWRTRN,1,ELC002,2029,120.6508
RE1,S21,PWRTRN,1,ELC002,2030,124.2703
RE1,S21,PWRTRN,1,ELC002,2031,127.9984
RE1,S21,PWRTRN,1,ELC002,2032,131.8384
RE1,S21,PWRTRN,1,ELC002,2033,135.7936
RE1,S21,PWRTRN,1,ELC002,2034,139.8674
RE1,S21,PWRTRN,1,ELC002,2035,144.0634
RE1,S21,PWRTRN,1,ELC002,2036,148.3853
RE1,S21,PWRTRN,1,ELC002,2037,152.8368
RE1,S21,PWRTRN,1,ELC002,2038,157.422
RE1,S21,PWRTRN,1,ELC002,2039,162.1446
RE1,S21,PWRTRN,1,ELC002,2040,167.009
RE1,S21,PWRWND,1,ELC001,2020,0.0
RE1,S21,PWRWND,1,ELC001,2021,0.0
RE1,S21,PWRWND,1,ELC001,2022,0.0
RE1,S21,PWRWND,1,ELC001,2023,0.0
RE1,S21,PWRWND,1,ELC001,2024,0.0
RE1,S21,PWRWND,1,ELC001,2025,0.0
RE1,S21,PWRWND,1,ELC001,2026,0.0
RE1,S21,PWRWND,1,ELC001,2027,0.0
RE1,S21,PWRWND,1,ELC001,2028,0.0
RE1,S21,PWRWND,1,ELC001,2029,0.0
RE1,S21,PWRWND,1,ELC001,2030,0.0
RE1,S21,PWRWND,1,ELC001,2031,0.0
RE1,S21,PWRWND,1,ELC001,2032,0.0
RE1,S21,PWRWND,1,ELC001,2033,0.0
RE1,S21,PWRWND,1,ELC001,2034,0.0
RE1,S21,PWRWND,1,ELC001,2035,0.0
RE1,S21,PWRWND,1,ELC001,2036,0.0
RE1,S21,PWRWND,1,ELC001,2037,0.0
RE1,S21,PWRWND,1,ELC001,2038,0.0
RE1,S21,PWRWND,1,ELC001,2039,0.0
RE1,S21,PWRWND,1,ELC001,2040,0.0
RE1,S22,MINCOA,1,COA,2020,0.0
RE1,S22,MINCOA,1,COA,2021,0.0
RE1,S22,MINCOA,1,COA,2022,0.0
RE1,S22,MINCOA,1,COA,2023,0.0
RE1,S22,MINCOA,1,COA,2024,0.0
RE1,S22,MINCOA,1,COA,2025,0.0
RE1,S22,MINCOA,1,COA,2026,0.0
RE1,S22,MINCOA,1,COA,2027,0.0
RE1,S22,MINCOA,1,COA,2028,0.0
RE1,S22,MINCOA,1,COA,2029,0.0
RE1,S22,MINCOA,1,COA,2030,0.0
RE1,S22,MINCOA,1,COA,2031,0.0
RE1,S22,MINCOA,1,COA,2032,0.0
RE1,S22,MINCOA,1,COA,2033,0.0
RE1,S22,MINCOA,1,COA,2034,0.0
RE1,S22,MINCOA,1,COA,2035,0.0
RE1,S22,MINCOA,1,COA,2036,0.0
RE1,S22,MINCOA,1,COA,2037,0.0
RE1,S22,MINCOA,1,COA,2038,0.0
RE1,S22,MINCOA,1,COA,2039,0.0
RE1,S22,MINCOA,1,COA,2040,0.0
RE1,S22,MINGAS,1,GAS,2020,340.098
RE1,S22,MINGAS,1,GAS,2021,350.301
RE1,S22,MINGAS,1,GAS,2022,360.81
RE1,S22,MINGAS,1,GAS,2023,371.6343
RE1,S22,MINGAS,1,GAS,2024,382.7833
RE1,S22,MINGAS,1,GAS,2025,394.2668
RE1,S22,MINGAS,1,GAS,2026,406.0948
RE1,S22,MINGAS,1,GAS,2027,418.2777
RE1,S22,MINGAS,1,GAS,2028,430.826
RE1,S22,MINGAS,1,GAS,2029,443.7508
RE1,S22,MINGAS,1,GAS,2030,457.0633
RE1,S22,MINGAS,1,GAS,2031,470.7752
RE1,S22,MINGAS,1,GAS,2032,484.8985
RE1,S22,MINGAS,1,GAS,2033,499.4454
RE1,S22,MINGAS,1,GAS,2034,514.4288
RE1,S22,MINGAS,1,GAS,2035,529.8617
RE1,S22,MINGAS,1,GAS,2036,545.7575
RE1,S22,MINGAS,1,GAS,2037,562.1302
RE1,S22,MINGAS,1,GAS,2038,578.9942
RE1,S22,MINGAS,1,GAS,2039,596.364
RE1,S22,MINGAS,1,GAS,2040,614.2549
RE1,S22,MINHYD,1,HYD,2020,101.7157
RE1,S22,MINHYD,1,HYD,2021,104.7672
RE1,S22,MINHYD,1,HYD,2022,107.9102
RE1,S22,MINHYD,1,HYD,2023,111.1475
RE1,S22,MINHYD,1,HYD,2024,114.4819
RE1,S22,MINHYD,1,HYD,2025,117.9164
RE1,S22,MINHYD,1,HYD,2026,121.4538
RE1,S22,MINHYD,1,HYD,2027,125.0975
RE1,S22,MINHYD,1,HYD,2028,128.8504
RE1,S22,MINHYD,1,HYD,2029,132.7159
RE1,S22,MINHYD,1,HYD,2030,136.6974
RE1,S22,MINHYD,1,HYD,2031,140.7983
RE1,S22,MINHYD,1,HYD,2032,145.0223
RE1,S22,MINHYD,1,HYD,2033,149.3729
RE1,S22,MINHYD,1,HYD,2034,153.8541
RE1,S22,MINHYD,1,HYD,2035,158.4697
RE1,S22,MINHYD,1,HYD,2036,163.2238
RE1,S22,MINHYD,1,HYD,2037,168.1205
RE1,S22,MINHYD,1,HYD,2038,173.1642
RE1,S22,MINHYD,1,HYD,2039,178.3591
RE1,S22,MINHYD,1,HYD,2040,183.7098
RE1,S22,MINSOL,1,SOL,2020,0.0
RE1,S22,MINSOL,1,SOL,2021,0.0
RE1,S22,MINSOL,1,SOL,2022,0.0
RE1,S22,MINSOL,1,SOL,2023,0.0
RE1,S22,MINSOL,1,SOL,2024,0.0
RE1,S22,MINSOL,1,SOL,2025,0.0
RE1,S22,MINSOL,1,SOL,2026,0.0
RE1,S22,MINSOL,1,SOL,2027,0.0
RE1,S22,MINSOL,1,SOL,2028,0.0
RE1,S22,MINSOL,1,SOL,2029,0.0
RE1,S22,MINSOL,1,SOL,2030,0.0
RE1,S22,MINSOL,1,SOL,2031,0.0
RE1,S22,MINSOL,1,SOL,2032,0.0
RE1,S22,MINSOL,1,SOL,2033,0.0
RE1,S22,MINSOL,1,SOL,2034,0.0
RE1,S22,MINSOL,1,SOL,2035,0.0
RE1,S22,MINSOL,1,SOL,2036,0.0
RE1,S22,MINSOL,1,SOL,2037,0.0
RE1,S22,MINSOL,1,SOL,2038,0.0
RE1,S22,MINSOL,1,SOL,2039,0.0
RE1,S22,MINSOL,1,SOL,2040,0.0
RE1,S22,MINWND,1,WND,2020,0.0
RE1,S22,MINWND,1,WND,2021,0.0
RE1,S22,MINWND,1,WND,2022,0.0
RE1,S22,MINWND,1,WND,2023,0.0
RE1,S22,MINWND,1,WND,2024,0.0
RE1,S22,MINWND,1,WND,2025,0.0
RE1,S22,MINWND,1,WND,2026,0.0
RE1,S22,MINWND,1,WND,2027,0.0
RE1,S22,MINWND,1,WND,2028,0.0
RE1,S22,MINWND,1,WND,2029,0.0
RE1,S22,MINWND,1,WND,2030,0.0
RE1,S22,MINWND,1,WND,2031,0.0
RE1,S22,MINWND,1,WND,2032,0.0
RE1,S22,MINWND,1,WND,2033,0.0
RE1,S22,MINWND,1,WND,2034,0.0
RE1,S22,MINWND,1,WND,2035,0.0
RE1,S22,MINWND,1,WND,2036,0.0
RE1,S22,MINWND,1,WND,2037,0.0
RE1,S22,MINWND,1,WND,2038,0.0
RE1,S22,MINWND,1,WND,2039,0.0
RE1,S22,MINWND,1,WND,2040,0.0
RE1,S22,PWRCOA,1,ELC001,2020,0.0
RE1,S22,PWRCOA,1,ELC001,2021,0.0
RE1,S22,PWRCOA,1,ELC001,2022,0.0
RE1,S22,PWRCOA,1,ELC001,2023,0.0
RE1,S22,PWRCOA,1,ELC001,2024,0.0
RE1,S22,PWRCOA,1,ELC001,2025,0.0
RE1,S22,PWRCOA,1,ELC001,2026,0.0
RE1,S22,PWRCOA,1,ELC001,2027,0.0
RE1,S22,PWRCOA,1,ELC001,2028,0.0
RE1,S22,PWRCOA,1,ELC001,2029,0.0
RE1,S22,PWRCOA,1,ELC001,2030,0.0
RE1,S22,PWRCOA,1,ELC001,2031,0.0
RE1,S22,PWRCOA,1,ELC001,2032,0.0
RE1,S22,PWRCOA,1,ELC001,2033,0.0
RE1,S22,PWRCOA,1,ELC001,2034,0.0
RE1,S22,PWRCOA,1,ELC001,2035,0.0
RE1,S22,PWRCOA,1,ELC001,2036,0.0
RE1,S22,PWRCOA,1,ELC001,2037,0.0
RE1,S22,PWRCOA,1,ELC001,2038,0.0
RE1,S22,PWRCOA,1,ELC001,2039,0.0
RE1,S22,PWRCOA,1,ELC001,2040,0.0
RE1,S22,PWRGAS,1,ELC001,2020,170.049
RE1,S22,PWRGAS,1,ELC001,2021,175.1505
RE1,S22,PWRGAS,1,ELC001,2022,180.405
RE1,S22,PWRGAS,1,ELC001,2023,185.8172
RE1,S22,PWRGAS,1,ELC001,2024,191.3917
RE1,S22,PWRGAS,1,ELC001,2025,197.1334
RE1,S22,PWRGAS,1,ELC001,2026,203.0474
RE1,S22,PWRGAS,1,ELC001,2027,209.1388
RE1,S22,PWRGAS,1,ELC001,2028,215.413
RE1,S22,PWRGAS,1,ELC001,2029,221.8754
RE1,S22,PWRGAS,1,ELC001,2030,228.5317
RE1,S22,PWRGAS,1,ELC001,2031,235.3876
RE1,S22,PWRGAS,1,ELC001,2032,242.4492
RE1,S22,PWRGAS,1,ELC001,2033,249.7227
RE1,S22,PWRGAS,1,ELC001,2034,257.2144
RE1,S22,PWRGAS,1,ELC001,2035,264.9308
RE1,S22,PWRGAS,1,ELC001,2036,272.8788
RE1,S22,PWRGAS,1,ELC001,2037,281.0651
RE1,S22,PWRGAS,1,ELC001,2038,289.4971
RE1,S22,PWRGAS,1,ELC001,2039,298.182
RE1,S22,PWRGAS,1,ELC001,2040,307.1274
RE1,S22,PWRHYD,1,ELC001,2020,101.7157
RE1,S22,PWRHYD,1,ELC001,2021,104.7672
RE1,S22,PWRHYD,1,ELC001,2022,107.9102
RE1,S22,PWRHYD,1,ELC001,2023,111.1475
RE1,S22,PWRHYD,1,ELC001,2024,114.4819
RE1,S22,PWRHYD,1,ELC001,2025,117.9164
RE1,S22,PWRHYD,1,ELC001,2026,121.4538
RE1,S22,PWRHYD,1,ELC001,2027,125.0975
RE1,S22,PWRHYD,1,ELC001,2028,128.8504
RE1,S22,PWRHYD,1,ELC001,2029,132.7159
RE1,S22,PWRHYD,1,ELC001,2030,136.6974
RE1,S22,PWRHYD,1,ELC001,2031,140.7983
RE1,S22,PWRHYD,1,ELC001,2032,145.0223
RE1,S22,PWRHYD,1,ELC001,2033,149.3729
RE1,S22,PWRHYD,1,ELC001,2034,153.8541
RE1,S22,PWRHYD,1,ELC001,2035,158.4697
RE1,S22,PWRHYD,1,ELC001,2036,163.2238
RE1,S22,PWRHYD,1,ELC001,2037,168.1205
RE1,S22,PWRHYD,1,ELC001,2038,173.1642
RE1,S22,PWRHYD,1,ELC001,2039,178.3591
RE1,S22,PWRHYD,1,ELC001,2040,183.7098
RE1,S22,PWRSOL,1,ELC002,2020,0.0
RE1,S22,PWRSOL,1,ELC002,2021,0.0
RE1,S22,PWRSOL,1,ELC002,2022,0.0
RE1,S22,PWRSOL,1,ELC002,2023,0.0
RE1,S22,PWRSOL,1,ELC002,2024,0.0
RE1,S22,PWRSOL,1,ELC002,2025,0.0
RE1,S22,PWRSOL,1,ELC002,2026,0.0
RE1,S22,PWRSOL,1,ELC002,2027,0.0
RE1,S22,PWRSOL,1,ELC002,2028,0.0
RE1,S22,PWRSOL,1,ELC002,2029,0.0
RE1,S22,PWRSOL,1,ELC002,2030,0.0
RE1,S22,PWRSOL,1,ELC002,2031,0.0
RE1,S22,PWRSOL,1,ELC002,2032,0.0
RE1,S22,PWRSOL,1,ELC002,2033,0.0
RE1,S22,PWRSOL,1,ELC002,2034,0.0
RE1,S22,PWRSOL,1,ELC002,2035,0.0
RE1,S22,PWRSOL,1,ELC002,2036,0.0
RE1,S22,PWRSOL,1,ELC002,2037,0.0
RE1,S22,PWRSOL,1,ELC002,2038,0.0
RE1,S22,PWRSOL,1,ELC002,2039,0.0
RE1,S22,PWRSOL,1,ELC002,2040,0.0
RE1,S22,PWRTRN,1,ELC002,2020,247.0588
RE1,S22,PWRTRN,1,ELC002,2021,254.4706
RE1,S22,PWRTRN,1,ELC002,2022,262.1047
RE1,S22,PWRTRN,1,ELC002,2023,269.9678
RE1,S22,PWRTRN,1,ELC002,2024,278.0669
RE1,S22,PWRTRN,1,ELC002,2025,286.4089
RE1,S22,PWRTRN,1,ELC002,2026,295.0012
RE1,S22,PWRTRN,1,ELC002,2027,303.8512
RE1,S22,PWRTRN,1,ELC002,2028,312.9667
RE1,S22,PWRTRN,1,ELC002,2029,322.3557
RE1,S22,PWRTRN,1,ELC002,2030,332.0264
RE1,S22,PWRTRN,1,ELC002,2031,341.9872
RE1,S22,PWRTRN,1,ELC002,2032,352.2468
RE1,S22,PWRTRN,1,ELC002,2033,362.8142
RE1,S22,PWRTRN,1,ELC002,2034,373.6986
RE1,S22,PWRTRN,1,ELC002,2035,384.9096
RE1,S22,PWRTRN,1,ELC002,2036,396.4569
RE1,S22,PWRTRN,1,ELC002,2037,408.3506
RE1,S22,PWRTRN,1,ELC002,2038,420.6011
RE1,S22,PWRTRN,1,ELC002,2039,433.2191
RE1,S22,PWRTRN,1,ELC002,2040,446.2157
RE1,S22,PWRWND,1,ELC001,2020,0.0
RE1,S22,PWRWND,1,ELC001,2021,0.0
RE1,S22,PWRWND,1,ELC001,2022,0.0
RE1,S22,PWRWND,1,ELC001,2023,0.0
RE1,S22,PWRWND,1,ELC001,2024,0.0
RE1,S22,PWRWND,1,ELC001,2025,0.0
RE1,S22,PWRWND,1,ELC001,2026,0.0
RE1,S22,PWRWND,1,ELC001,2027,0.0
RE1,S22,PWRWND,1,ELC001,2028,0.0
RE1,S22,PWRWND,1,ELC001,2029,0.0
RE1,S22,PWRWND,1,ELC001,2030,0.0
RE1,S22,PWRWND,1,ELC001,2031,0.0
RE1,S22,PWRWND,1,ELC001,2032,0.0
RE1,S22,PWRWND,1,ELC001,2033,0.0
RE1,S22,PWRWND,1,ELC001,2034,0.0
RE1,S22,PWRWND,1,ELC001,2035,0.0
RE1,S22,PWRWND,1,ELC001,2036,0.0
RE1,S22,PWRWND,1,ELC001,2037,0.0
RE1,S22,PWRWND,1,ELC001,2038,0.0
RE1,S22,PWRWND,1,ELC001,2039,0.0
RE1,S22,PWRWND,1,ELC001,2040,0.0
