t,f,m,y,InputActivityRatio,l,YearSplit,r,RateOfActivity,UseByTechnology
LNDBLT,LND,1,2020,1.0,S11,2.0,RE1,5.0,10.0
LNDBLT,LND,1,2021,1.0,S11,2.0,RE1,5.15,10.3
LNDBLT,LND,1,2022,1.0,S11,2.0,RE1,5.3,10.6
LNDBLT,LND,1,2023,1.0,S11,2.0,RE1,5.45,10.9
LNDBLT,LND,1,2024,1.0,S11,0.45,RE1,25.1111,11.3
LNDBLT,LND,1,2025,1.0,S11,0.45,RE1,0.0,0.0
LNDBLT,LND,1,2026,1.0,S11,0.45,RE1,0.0,0.0
LNDBLT,LND,1,2027,1.0,S11,0.45,RE1,0.0,0.0
LNDBLT,LND,1,2028,1.0,S11,0.45,RE1,28.2222,12.7
LNDBLT,LND,1,2029,1.0,S11,0.45,RE1,28.8889,13.0
LNDBLT,LND,1,2030,1.0,S11,0.45,RE1,29.7778,13.4
LNDBLT,LND,1,2031,1.0,S11,0.45,RE1,30.6667,13.8
LNDBLT,LND,1,2032,1.0,S11,0.45,RE1,0.0,0.0
LNDBLT,LND,1,2033,1.0,S11,0.45,RE1,0.0,0.0
LNDBLT,LND,1,2034,1.0,S11,0.45,RE1,33.5556,15.1
LNDBLT,LND,1,2035,1.0,S11,0.45,RE1,0.0,0.0
LNDBLT,WTRPRC,1,2020,1.2,S11,2.0,RE1,5.0,12.0
LNDBLT,WTRPRC,1,2021,1.2,S11,2.0,RE1,5.15,12.36
LNDBLT,WTRPRC,1,2022,1.2,S11,2.0,RE1,5.3,12.72
LNDBLT,WTRPRC,1,2023,1.2,S11,2.0,RE1,5.45,13.08
LNDBLT,WTRPRC,1,2024,1.2,S11,0.45,RE1,25.1111,13.56
LNDBLT,WTRPRC,1,2025,1.2,S11,0.45,RE1,0.0,0.0
LNDBLT,WTRPRC,1,2026,1.2,S11,0.45,RE1,0.0,0.0
LNDBLT,WTRPRC,1,2027,1.2,S11,0.45,RE1,0.0,0.0
LNDBLT,WTRPRC,1,2028,1.2,S11,0.45,RE1,28.2222,15.24
LNDBLT,WTRPRC,1,2029,1.2,S11,0.45,RE1,28.8889,15.6
LNDBLT,WTRPRC,1,2030,1.2,S11,0.45,RE1,29.7778,16.08
LNDBLT,WTRPRC,1,2031,1.2,S11,0.45,RE1,30.6667,16.56
LNDBLT,WTRPRC,1,2032,1.2,S11,0.45,RE1,0.0,0.0
LNDBLT,WTRPRC,1,2033,1.2,S11,0.45,RE1,0.0,0.0
LNDBLT,WTRPRC,1,2034,1.2,S11,0.45,RE1,33.5556,18.12
LNDBLT,WTRPRC,1,2035,1.2,S11,0.45,RE1,0.0,0.0
LNDFOR,LND,1,2020,1.0,S11,2.0,RE1,87.5,175.0
LNDFOR,LND,1,2021,1.0,S11,2.0,RE1,86.325,172.65
LNDFOR,LND,1,2022,1.0,S11,2.0,RE1,85.2,170.4
LNDFOR,LND,1,2023,1.0,S11,2.0,RE1,83.9625,167.925
LNDFOR,LND,1,2024,1.0,S11,0.45,RE1,0.0,0.0
LNDFOR,LND,1,2025,1.0,S11,0.45,RE1,0.0,0.0
LNDFOR,LND,1,2026,1.0,S11,0.45,RE1,345.1111,155.3
LNDFOR,LND,1,2027,1.0,S11,0.45,RE1,0.0,0.0
LNDFOR,LND,1,2028,1.0,S11,0.45,RE1,332.9444,149.825
LNDFOR,LND,1,2029,1.0,S11,0.45,RE1,0.0,0.0
LNDFOR,LND,1,2030,1.0,S11,0.45,RE1,320.4444,144.2
LNDFOR,LND,1,2031,1.0,S11,0.45,RE1,313.7222,141.175
LNDFOR,LND,1,2032,1.0,S11,0.45,RE1,307.0,138.15
LNDFOR,LND,1,2033,1.0,S11,0.45,RE1,0.0,0.0
LNDFOR,LND,1,2034,1.0,S11,0.45,RE1,0.0,0.0
LNDFOR,LND,1,2035,1.0,S11,0.45,RE1,0.0,0.0
LNDFOR,WTRPRC,1,2020,1.2,S11,2.0,RE1,87.5,210.0
LNDFOR,WTRPRC,1,2021,1.2,S11,2.0,RE1,86.325,207.18
LNDFOR,WTRPRC,1,2022,1.2,S11,2.0,RE1,85.2,204.48
LNDFOR,WTRPRC,1,2023,1.2,S11,2.0,RE1,83.9625,201.51
LNDFOR,WTRPRC,1,2024,1.2,S11,0.45,RE1,0.0,0.0
LNDFOR,WTRPRC,1,2025,1.2,S11,0.45,RE1,0.0,0.0
LNDFOR,WTRPRC,1,2026,1.2,S11,0.45,RE1,345.1111,186.36
LNDFOR,WTRPRC,1,2027,1.2,S11,0.45,RE1,0.0,0.0
LNDFOR,WTRPRC,1,2028,1.2,S11,0.45,RE1,332.9444,179.79
LNDFOR,WTRPRC,1,2029,1.2,S11,0.45,RE1,0.0,0.0
LNDFOR,WTRPRC,1,2030,1.2,S11,0.45,RE1,320.4444,173.04
LNDFOR,WTRPRC,1,2031,1.2,S11,0.45,RE1,313.7222,169.41
LNDFOR,WTRPRC,1,2032,1.2,S11,0.45,RE1,307.0,165.78
LNDFOR,WTRPRC,1,2033,1.2,S11,0.45,RE1,0.0,0.0
LNDFOR,WTRPRC,1,2034,1.2,S11,0.45,RE1,0.0,0.0
LNDFOR,WTRPRC,1,2035,1.2,S11,0.45,RE1,0.0,0.0
LNDMAIHI,LND,1,2020,1.0,S11,2.0,RE1,0.0,0.0
LNDMAIHI,LND,1,2021,1.0,S11,2.0,RE1,0.0,0.0
LNDMAIHI,LND,1,2022,1.0,S11,2.0,RE1,0.0,0.0
LNDMAIHI,LND,1,2023,1.0,S11,2.0,RE1,0.0,0.0
LNDMAIHI,LND,1,2024,1.0,S11,0.45,RE1,0.0,0.0
LNDMAIHI,LND,1,2025,1.0,S11,0.45,RE1,0.0,0.0
LNDMAIHI,LND,1,2026,1.0,S11,0.45,RE1,0.0,0.0
LNDMAIHI,LND,1,2027,1.0,S11,0.45,RE1,0.0,0.0
LNDMAIHI,LND,1,2028,1.0,S11,0.45,RE1,0.0,0.0
LNDMAIHI,LND,1,2029,1.0,S11,0.45,RE1,0.0,0.0
LNDMAIHI,LND,1,2030,1.0,S11,0.45,RE1,0.0,0.0
LNDMAIHI,LND,1,2031,1.0,S11,0.45,RE1,0.0,0.0
LNDMAIHI,LND,1,2032,1.0,S11,0.45,RE1,0.0,0.0
LNDMAIHI,LND,1,2033,1.0,S11,0.45,RE1,0.0,0.0
LNDMAIHI,LND,1,2034,1.0,S11,0.45,RE1,0.0,0.0
LNDMAIHI,LND,1,2035,1.0,S11,0.45,RE1,0.0,0.0
LNDMAIHI,WTRPRC,1,2020,1.2,S11,2.0,RE1,0.0,0.0
LNDMAIHI,WTRPRC,1,2021,1.2,S11,2.0,RE1,0.0,0.0
LNDMAIHI,WTRPRC,1,2022,1.2,S11,2.0,RE1,0.0,0.0
LNDMAIHI,WTRPRC,1,2023,1.2,S11,2.0,RE1,0.0,0.0
LNDMAIHI,WTRPRC,1,2024,1.2,S11,0.45,RE1,0.0,0.0
LNDMAIHI,WTRPRC,1,2025,1.2,S11,0.45,RE1,0.0,0.0
LNDMAIHI,WTRPRC,1,2026,1.2,S11,0.45,RE1,0.0,0.0
LNDMAIHI,WTRPRC,1,2027,1.2,S11,0.45,RE1,0.0,0.0
LNDMAIHI,WTRPRC,1,2028,1.2,S11,0.45,RE1,0.0,0.0
LNDMAIHI,WTRPRC,1,2029,1.2,S11,0.45,RE1,0.0,0.0
LNDMAIHI,WTRPRC,1,2030,1.2,S11,0.45,RE1,0.0,0.0
LNDMAIHI,WTRPRC,1,2031,1.2,S11,0.45,RE1,0.0,0.0
LNDMAIHI,WTRPRC,1,2032,1.2,S11,0.45,RE1,0.0,0.0
LNDMAIHI,WTRPRC,1,2033,1.2,S11,0.45,RE1,0.0,0.0
LNDMAIHI,WTRPRC,1,2034,1.2,S11,0.45,RE1,0.0,0.0
LNDMAIHI,WTRPRC,1,2035,1.2,S11,0.45,RE1,0.0,0.0
LNDMAIHR,LND,1,2020,1.0,S11,2.0,RE1,25.0,50.0
LNDMAIHR,LND,1,2021,1.0,S11,2.0,RE1,25.625,51.25
LNDMAIHR,LND,1,2022,1.0,S11,2.0,RE1,26.25,52.5
LNDMAIHR,LND,1,2023,1.0,S11,2.0,RE1,0.0,0.0
LNDMAIHR,LND,1,2024,1.0,S11,0.45,RE1,0.0,0.0
LNDMAIHR,LND,1,2025,1.0,S11,0.45,RE1,0.0,0.0
LNDMAIHR,LND,1,2026,1.0,S11,0.45,RE1,0.0,0.0
LNDMAIHR,LND,1,2027,1.0,S11,0.45,RE1,0.0,0.0
LNDMAIHR,LND,1,2028,1.0,S11,0.45,RE1,135.2778,60.875
LNDMAIHR,LND,1,2029,1.0,S11,0.45,RE1,138.8889,62.5
LNDMAIHR,LND,1,2030,1.0,S11,0.45,RE1,0.0,0.0
LNDMAIHR,LND,1,2031,1.0,S11,0.45,RE1,145.8333,65.625
LNDMAIHR,LND,1,2032,1.0,S11,0.45,RE1,149.4444,67.25
LNDMAIHR,LND,1,2033,1.0,S11,0.45,RE1,153.0556,68.875
LNDMAIHR,LND,1,2034,1.0,S11,0.45,RE1,156.9444,70.625
LNDMAIHR,LND,1,2035,1.0,S11,0.45,RE1,0.0,0.0
LNDMAIHR,WTRPRC,1,2020,1.2,S11,2.0,RE1,25.0,60.0
LNDMAIHR,WTRPRC,1,2021,1.2,S11,2.0,RE1,25.625,61.5
LNDMAIHR,WTRPRC,1,2022,1.2,S11,2.0,RE1,26.25,63.0
LNDMAIHR,WTRPRC,1,2023,1.2,S11,2.0,RE1,0.0,0.0
LNDMAIHR,WTRPRC,1,2024,1.2,S11,0.45,RE1,0.0,0.0
LNDMAIHR,WTRPRC,1,2025,1.2,S11,0.45,RE1,0.0,0.0
LNDMAIHR,WTRPRC,1,2026,1.2,S11,0.45,RE1,0.0,0.0
LNDMAIHR,WTRPRC,1,2027,1.2,S11,0.45,RE1,0.0,0.0
LNDMAIHR,WTRPRC,1,2028,1.2,S11,0.45,RE1,135.2778,73.05
LNDMAIHR,WTRPRC,1,2029,1.2,S11,0.45,RE1,138.8889,75.0
LNDMAIHR,WTRPRC,1,2030,1.2,S11,0.45,RE1,0.0,0.0
LNDMAIHR,WTRPRC,1,2031,1.2,S11,0.45,RE1,145.8333,78.75
LNDMAIHR,WTRPRC,1,2032,1.2,S11,0.45,RE1,149.4444,80.7
LNDMAIHR,WTRPRC,1,2033,1.2,S11,0.45,RE1,153.0556,82.65
LNDMAIHR,WTRPRC,1,2034,1.2,S11,0.45,RE1,156.9444,84.75
LNDMAIHR,WTRPRC,1,2035,1.2,S11,0.45,RE1,0.0,0.0
LNDRICHI,LND,1,2020,1.0,S11,2.0,RE1,0.0,0.0
LNDRICHI,LND,1,2021,1.0,S11,2.0,RE1,0.0,0.0
LNDRICHI,LND,1,2022,1.0,S11,2.0,RE1,0.0,0.0
LNDRICHI,LND,1,2023,1.0,S11,2.0,RE1,0.0,0.0
LNDRICHI,LND,1,2024,1.0,S11,0.45,RE1,0.0,0.0
LNDRICHI,LND,1,2025,1.0,S11,0.45,RE1,0.0,0.0
LNDRICHI,LND,1,2026,1.0,S11,0.45,RE1,0.0,0.0
LNDRICHI,LND,1,2027,1.0,S11,0.45,RE1,0.0,0.0
LNDRICHI,LND,1,2028,1.0,S11,0.45,RE1,0.0,0.0
LNDRICHI,LND,1,2029,1.0,S11,0.45,RE1,0.0,0.0
LNDRICHI,LND,1,2030,1.0,S11,0.45,RE1,0.0,0.0
LNDRICHI,LND,1,2031,1.0,S11,0.45,RE1,0.0,0.0
LNDRICHI,LND,1,2032,1.0,S11,0.45,RE1,0.0,0.0
LNDRICHI,LND,1,2033,1.0,S11,0.45,RE1,0.0,0.0
LNDRICHI,LND,1,2034,1.0,S11,0.45,RE1,0.0,0.0
LNDRICHI,LND,1,2035,1.0,S11,0.45,RE1,0.0,0.0
LNDRICHI,WTRPRC,1,2020,1.2,S11,2.0,RE1,0.0,0.0
LNDRICHI,WTRPRC,1,2021,1.2,S11,2.0,RE1,0.0,0.0
LNDRICHI,WTRPRC,1,2022,1.2,S11,2.0,RE1,0.0,0.0
LNDRICHI,WTRPRC,1,2023,1.2,S11,2.0,RE1,0.0,0.0
LNDRICHI,WTRPRC,1,2024,1.2,S11,0.45,RE1,0.0,0.0
LNDRICHI,WTRPRC,1,2025,1.2,S11,0.45,RE1,0.0,0.0
LNDRICHI,WTRPRC,1,2026,1.2,S11,0.45,RE1,0.0,0.0
LNDRICHI,WTRPRC,1,2027,1.2,S11,0.45,RE1,0.0,0.0
LNDRICHI,WTRPRC,1,2028,1.2,S11,0.45,RE1,0.0,0.0
LNDRICHI,WTRPRC,1,2029,1.2,S11,0.45,RE1,0.0,0.0
LNDRICHI,WTRPRC,1,2030,1.2,S11,0.45,RE1,0.0,0.0
LNDRICHI,WTRPRC,1,2031,1.2,S11,0.45,RE1,0.0,0.0
LNDRICHI,WTRPRC,1,2032,1.2,S11,0.45,RE1,0.0,0.0
LNDRICHI,WTRPRC,1,2033,1.2,S11,0.45,RE1,0.0,0.0
LNDRICHI,WTRPRC,1,2034,1.2,S11,0.45,RE1,0.0,0.0
LNDRICHI,WTRPRC,1,2035,1.2,S11,0.45,RE1,0.0,0.0
LNDRICHR,LND,1,2020,1.0,S11,2.0,RE1,0.0,0.0
LNDRICHR,LND,1,2021,1.0,S11,2.0,RE1,15.4,30.8
LNDRICHR,LND,1,2022,1.0,S11,2.0,RE1,15.75,31.5
LNDRICHR,LND,1,2023,1.0,S11,2.0,RE1,16.15,32.3
LNDRICHR,LND,1,2024,1.0,S11,0.45,RE1,0.0,0.0
LNDRICHR,LND,1,2025,1.0,S11,0.45,RE1,0.0,0.0
LNDRICHR,LND,1,2026,1.0,S11,0.45,RE1,0.0,0.0
LNDRICHR,LND,1,2027,1.0,S11,0.45,RE1,0.0,0.0
LNDRICHR,LND,1,2028,1.0,S11,0.45,RE1,81.3333,36.6
LNDRICHR,LND,1,2029,1.0,S11,0.45,RE1,83.3333,37.5
LNDRICHR,LND,1,2030,1.0,S11,0.45,RE1,0.0,0.0
LNDRICHR,LND,1,2031,1.0,S11,0.45,RE1,87.5556,39.4
LNDRICHR,LND,1,2032,1.0,S11,0.45,RE1,0.0,0.0
LNDRICHR,LND,1,2033,1.0,S11,0.45,RE1,0.0,0.0
LNDRICHR,LND,1,2034,1.0,S11,0.45,RE1,94.2222,42.4
LNDRICHR,LND,1,2035,1.0,S11,0.45,RE1,0.0,0.0
LNDRICHR,WTRPRC,1,2020,1.2,S11,2.0,RE1,0.0,0.0
LNDRICHR,WTRPRC,1,2021,1.2,S11,2.0,RE1,15.4,36.96
LNDRICHR,WTRPRC,1,2022,1.2,S11,2.0,RE1,15.75,37.8
LNDRICHR,WTRPRC,1,2023,1.2,S11,2.0,RE1,16.15,38.76
LNDRICHR,WTRPRC,1,2024,1.2,S11,0.45,RE1,0.0,0.0
LNDRICHR,WTRPRC,1,2025,1.2,S11,0.45,RE1,0.0,0.0
LNDRICHR,WTRPRC,1,2026,1.2,S11,0.45,RE1,0.0,0.0
LNDRICHR,WTRPRC,1,2027,1.2,S11,0.45,RE1,0.0,0.0
LNDRICHR,WTRPRC,1,2028,1.2,S11,0.45,RE1,81.3333,43.92
LNDRICHR,WTRPRC,1,2029,1.2,S11,0.45,RE1,83.3333,45.0
LNDRICHR,WTRPRC,1,2030,1.2,S11,0.45,RE1,0.0,0.0
LNDRICHR,WTRPRC,1,2031,1.2,S11,0.45,RE1,87.5556,47.28
LNDRICHR,WTRPRC,1,2032,1.2,S11,0.45,RE1,0.0,0.0
LNDRICHR,WTRPRC,1,2033,1.2,S11,0.45,RE1,0.0,0.0
LNDRICHR,WTRPRC,1,2034,1.2,S11,0.45,RE1,94.2222,50.88
LNDRICHR,WTRPRC,1,2035,1.2,S11,0.45,RE1,0.0,0.0
LNDWAT,LND,1,2020,1.0,S11,2.0,RE1,0.0,0.0
LNDWAT,LND,1,2021,1.0,S11,2.0,RE1,17.5,35.0
LNDWAT,LND,1,2022,1.0,S11,2.0,RE1,17.5,35.0
LNDWAT,LND,1,2023,1.0,S11,2.0,RE1,17.5,35.0
LNDWAT,LND,1,2024,1.0,S11,0.45,RE1,0.0,0.0
LNDWAT,LND,1,2025,1.0,S11,0.45,RE1,0.0,0.0
LNDWAT,LND,1,2026,1.0,S11,0.45,RE1,88.8889,40.0
LNDWAT,LND,1,2027,1.0,S11,0.45,RE1,0.0,0.0
LNDWAT,LND,1,2028,1.0,S11,0.45,RE1,88.8889,40.0
LNDWAT,LND,1,2029,1.0,S11,0.45,RE1,88.8889,40.0
LNDWAT,LND,1,2030,1.0,S11,0.45,RE1,88.8889,40.0
LNDWAT,LND,1,2031,1.0,S11,0.45,RE1,88.8889,40.0
LNDWAT,LND,1,2032,1.0,S11,0.45,RE1,88.8889,40.0
LNDWAT,LND,1,2033,1.0,S11,0.45,RE1,0.0,0.0
LNDWAT,LND,1,2034,1.0,S11,0.45,RE1,88.8889,40.0
LNDWAT,LND,1,2035,1.0,S11,0.45,RE1,88.8889,40.0
LNDWAT,WTRPRC,1,2020,1.2,S11,2.0,RE1,0.0,0.0
LNDWAT,WTRPRC,1,2021,1.2,S11,2.0,RE1,17.5,42.0
LNDWAT,WTRPRC,1,2022,1.2,S11,2.0,RE1,17.5,42.0
LNDWAT,WTRPRC,1,2023,1.2,S11,2.0,RE1,17.5,42.0
LNDWAT,WTRPRC,1,2024,1.2,S11,0.45,RE1,0.0,0.0
LNDWAT,WTRPRC,1,2025,1.2,S11,0.45,RE1,0.0,0.0
LNDWAT,WTRPRC,1,2026,1.2,S11,0.45,RE1,88.8889,48.0
LNDWAT,WTRPRC,1,2027,1.2,S11,0.45,RE1,0.0,0.0
LNDWAT,WTRPRC,1,2028,1.2,S11,0.45,RE1,88.8889,48.0
LNDWAT,WTRPRC,1,2029,1.2,S11,0.45,RE1,88.8889,48.0
LNDWAT,WTRPRC,1,2030,1.2,S11,0.45,RE1,88.8889,48.0
LNDWAT,WTRPRC,1,2031,1.2,S11,0.45,RE1,88.8889,48.0
LNDWAT,WTRPRC,1,2032,1.2,S11,0.45,RE1,88.8889,48.0
LNDWAT,WTRPRC,1,2033,1.2,S11,0.45,RE1,0.0,0.0
LNDWAT,WTRPRC,1,2034,1.2,S11,0.45,RE1,88.8889,48.0
LNDWAT,WTRPRC,1,2035,1.2,S11,0.45,RE1,88.8889,48.0
PWRCOA,COA,1,2020,3.0,S11,2.0,RE1,0.0,0.0
PWRCOA,COA,1,2021,3.0,S11,2.0,RE1,0.0,0.0
PWRCOA,COA,1,2022,3.0,S11,2.0,RE1,0.0,0.0
PWRCOA,COA,1,2023,3.0,S11,2.0,RE1,0.0,0.0
PWRCOA,COA,1,2024,3.0,S11,0.45,RE1,60.0272,81.0367
PWRCOA,COA,1,2025,3.0,S11,0.45,RE1,57.6435,77.8187
PWRCOA,COA,1,2026,3.0,S11,0.45,RE1,59.9902,80.9868
PWRCOA,COA,1,2027,3.0,S11,0.45,RE1,55.8736,75.4294
PWRCOA,COA,1,2028,3.0,S11,0.45,RE1,50.0674,67.591
PWRCOA,COA,1,2029,3.0,S11,0.45,RE1,44.2611,59.7525
PWRCOA,COA,1,2030,3.0,S11,0.45,RE1,21.5244,29.0579
PWRCOA,COA,1,2031,3.0,S11,0.45,RE1,23.8711,32.226
PWRCOA,COA,1,2032,3.0,S11,0.45,RE1,24.4178,32.964
PWRCOA,COA,1,2033,3.0,S11,0.45,RE1,25.1467,33.948
PWRCOA,COA,1,2034,3.0,S11,0.45,RE1,25.6933,34.686
PWRCOA,COA,1,2035,3.0,S11,0.45,RE1,26.4222,35.67
PWRGAS,GAS,1,2020,2.0,S11,2.0,RE1,0.0,0.0
PWRGAS,GAS,1,2021,2.0,S11,2.0,RE1,0.0,0.0
PWRGAS,GAS,1,2022,2.0,S11,2.0,RE1,0.0,0.0
PWRGAS,GAS,1,2023,2.0,S11,2.0,RE1,0.0,0.0
PWRGAS,GAS,1,2024,2.0,S11,0.45,RE1,0.0,0.0
PWRGAS,GAS,1,2025,2.0,S11,0.45,RE1,0.0,0.0
PWRGAS,GAS,1,2026,2.0,S11,0.45,RE1,0.0,0.0
PWRGAS,GAS,1,2027,2.0,S11,0.45,RE1,0.0,0.0
PWRGAS,GAS,1,2028,2.0,S11,0.45,RE1,0.0,0.0
PWRGAS,GAS,1,2029,2.0,S11,0.45,RE1,0.0,0.0
PWRGAS,GAS,1,2030,2.0,S11,0.45,RE1,0.0,0.0
PWRGAS,GAS,1,2031,2.0,S11,0.45,RE1,0.0,0.0
PWRGAS,GAS,1,2032,2.0,S11,0.45,RE1,0.0,0.0
PWRGAS,GAS,1,2033,2.0,S11,0.45,RE1,0.0,0.0
PWRGAS,GAS,1,2034,2.0,S11,0.45,RE1,0.0,0.0
PWRGAS,GAS,1,2035,2.0,S11,0.45,RE1,0.0,0.0
PWRHYD,HYD,1,2020,1.0,S11,2.0,RE1,9.4608,18.9216
PWRHYD,HYD,1,2021,1.0,S11,2.0,RE1,9.4608,18.9216
PWRHYD,HYD,1,2022,1.0,S11,2.0,RE1,9.4608,18.9216
PWRHYD,HYD,1,2023,1.0,S11,2.0,RE1,9.4608,18.9216
PWRHYD,HYD,1,2024,1.0,S11,0.45,RE1,9.4608,4.2574
PWRHYD,HYD,1,2025,1.0,S11,0.45,RE1,14.1912,6.386
PWRHYD,HYD,1,2026,1.0,S11,0.45,RE1,14.1912,6.386
PWRHYD,HYD,1,2027,1.0,S11,0.45,RE1,14.1912,6.386
PWRHYD,HYD,1,2028,1.0,S11,0.45,RE1,14.1912,6.386
PWRHYD,HYD,1,2029,1.0,S11,0.45,RE1,14.1912,6.386
PWRHYD,HYD,1,2030,1.0,S11,0.45,RE1,14.1912,6.386
PWRHYD,HYD,1,2031,1.0,S11,0.45,RE1,14.1912,6.386
PWRHYD,HYD,1,2032,1.0,S11,0.45,RE1,14.1912,6.386
PWRHYD,HYD,1,2033,1.0,S11,0.45,RE1,14.1912,6.386
PWRHYD,HYD,1,2034,1.0,S11,0.45,RE1,14.1912,6.386
PWRHYD,HYD,1,2035,1.0,S11,0.45,RE1,14.1912,6.386
PWRSOL,SOL,1,2020,1.0,S11,2.0,RE1,0.0,0.0
PWRSOL,SOL,1,2021,1.0,S11,2.0,RE1,0.0,0.0
PWRSOL,SOL,1,2022,1.0,S11,2.0,RE1,0.0,0.0
PWRSOL,SOL,1,2023,1.0,S11,2.0,RE1,7.0956,14.1912
PWRSOL,SOL,1,2024,1.0,S11,0.45,RE1,7.0956,3.193
PWRSOL,SOL,1,2025,1.0,S11,0.45,RE1,7.0956,3.193
PWRSOL,SOL,1,2026,1.0,S11,0.45,RE1,7.0956,3.193
PWRSOL,SOL,1,2027,1.0,S11,0.45,RE1,7.0956,3.193
PWRSOL,SOL,1,2028,1.0,S11,0.45,RE1,7.0956,3.193
PWRSOL,SOL,1,2029,1.0,S11,0.45,RE1,7.0956,3.193
PWRSOL,SOL,1,2030,1.0,S11,0.45,RE1,7.0956,3.193
PWRSOL,SOL,1,2031,1.0,S11,0.45,RE1,7.0956,3.193
PWRSOL,SOL,1,2032,1.0,S11,0.45,RE1,7.0956,3.193
PWRSOL,SOL,1,2033,1.0,S11,0.45,RE1,7.0956,3.193
PWRSOL,SOL,1,2034,1.0,S11,0.45,RE1,7.0956,3.193
PWRSOL,SOL,1,2035,1.0,S11,0.45,RE1,7.0956,3.193
PWRTRN,ELC001,1,2020,1.1,S11,2.0,RE1,16.0,35.2
PWRTRN,ELC001,1,2021,1.1,S11,2.0,RE1,16.48,36.256
PWRTRN,ELC001,1,2022,1.1,S11,2.0,RE1,16.8,36.96
PWRTRN,ELC001,1,2023,1.1,S11,2.0,RE1,17.28,38.016
PWRTRN,ELC001,1,2024,1.1,S11,0.45,RE1,78.2222,38.72
PWRTRN,ELC001,1,2025,1.1,S11,0.45,RE1,80.3556,39.776
PWRTRN,ELC001,1,2026,1.1,S11,0.45,RE1,82.4889,40.832
PWRTRN,ELC001,1,2027,1.1,S11,0.45,RE1,84.6222,41.888
PWRTRN,ELC001,1,2028,1.1,S11,0.45,RE1,86.7556,42.944
PWRTRN,ELC001,1,2029,1.1,S11,0.45,RE1,88.8889,44.0
PWRTRN,ELC001,1,2030,1.1,S11,0.45,RE1,91.0222,45.056
PWRTRN,ELC001,1,2031,1.1,S11,0.45,RE1,93.1556,46.112
PWRTRN,ELC001,1,2032,1.1,S11,0.45,RE1,95.2889,47.168
PWRTRN,ELC001,1,2033,1.1,S11,0.45,RE1,98.1333,48.576
PWRTRN,ELC001,1,2034,1.1,S11,0.45,RE1,100.2667,49.632
PWRTRN,ELC001,1,2035,1.1,S11,0.45,RE1,103.1111,51.04
PWRWND,WND,1,2020,1.0,S11,2.0,RE1,8.1392,16.2784
PWRWND,WND,1,2021,1.0,S11,2.0,RE1,8.6672,17.3344
PWRWND,WND,1,2022,1.0,S11,2.0,RE1,9.0192,18.0384
PWRWND,WND,1,2023,1.0,S11,2.0,RE1,2.4516,4.9032
PWRWND,WND,1,2024,1.0,S11,0.45,RE1,9.4608,4.2574
PWRWND,WND,1,2025,1.0,S11,0.45,RE1,9.4608,4.2574
PWRWND,WND,1,2026,1.0,S11,0.45,RE1,9.4608,4.2574
PWRWND,WND,1,2027,1.0,S11,0.45,RE1,15.924,7.1658
PWRWND,WND,1,2028,1.0,S11,0.45,RE1,24.0769,10.8346
PWRWND,WND,1,2029,1.0,S11,0.45,RE1,32.2299,14.5035
PWRWND,WND,1,2030,1.0,S11,0.45,RE1,57.3132,25.7909
PWRWND,WND,1,2031,1.0,S11,0.45,RE1,57.3132,25.7909
PWRWND,WND,1,2032,1.0,S11,0.45,RE1,59.1132,26.6009
PWRWND,WND,1,2033,1.0,S11,0.45,RE1,61.5132,27.6809
PWRWND,WND,1,2034,1.0,S11,0.45,RE1,63.3132,28.4909
PWRWND,WND,1,2035,1.0,S11,0.45,RE1,65.7132,29.5709
LNDBLT,LND,1,2020,1.0,S12,0.22,RE1,0.0,0.0
LNDBLT,LND,1,2021,1.0,S12,0.22,RE1,0.0,0.0
LNDBLT,LND,1,2022,1.0,S12,0.22,RE1,0.0,0.0
LNDBLT,LND,1,2023,1.0,S12,0.22,RE1,0.0,0.0
LNDBLT,LND,1,2024,1.0,S12,0.22,RE1,0.0,0.0
LNDBLT,LND,1,2025,1.0,S12,0.22,RE1,52.7273,11.6
LNDBLT,LND,1,2026,1.0,S12,0.22,RE1,54.0909,11.9
LNDBLT,LND,1,2027,1.0,S12,0.22,RE1,55.9091,12.3
LNDBLT,LND,1,2028,1.0,S12,0.22,RE1,0.0,0.0
LNDBLT,LND,1,2029,1.0,S12,0.22,RE1,0.0,0.0
LNDBLT,LND,1,2030,1.0,S12,0.22,RE1,0.0,0.0
LNDBLT,LND,1,2031,1.0,S12,0.22,RE1,0.0,0.0
LNDBLT,LND,1,2032,1.0,S12,0.22,RE1,65.0,14.3
LNDBLT,LND,1,2033,1.0,S12,0.22,RE1,66.8182,14.7
LNDBLT,LND,1,2034,1.0,S12,0.22,RE1,0.0,0.0
LNDBLT,LND,1,2035,1.0,S12,0.22,RE1,70.9091,15.6
LNDBLT,WTRPRC,1,2020,1.2,S12,0.22,RE1,0.0,0.0
LNDBLT,WTRPRC,1,2021,1.2,S12,0.22,RE1,0.0,0.0
LNDBLT,WTRPRC,1,2022,1.2,S12,0.22,RE1,0.0,0.0
LNDBLT,WTRPRC,1,2023,1.2,S12,0.22,RE1,0.0,0.0
LNDBLT,WTRPRC,1,2024,1.2,S12,0.22,RE1,0.0,0.0
LNDBLT,WTRPRC,1,2025,1.2,S12,0.22,RE1,52.7273,13.92
LNDBLT,WTRPRC,1,2026,1.2,S12,0.22,RE1,54.0909,14.28
LNDBLT,WTRPRC,1,2027,1.2,S12,0.22,RE1,55.9091,14.76
LNDBLT,WTRPRC,1,2028,1.2,S12,0.22,RE1,0.0,0.0
LNDBLT,WTRPRC,1,2029,1.2,S12,0.22,RE1,0.0,0.0
LNDBLT,WTRPRC,1,2030,1.2,S12,0.22,RE1,0.0,0.0
LNDBLT,WTRPRC,1,2031,1.2,S12,0.22,RE1,0.0,0.0
LNDBLT,WTRPRC,1,2032,1.2,S12,0.22,RE1,65.0,17.16
LNDBLT,WTRPRC,1,2033,1.2,S12,0.22,RE1,66.8182,17.64
LNDBLT,WTRPRC,1,2034,1.2,S12,0.22,RE1,0.0,0.0
LNDBLT,WTRPRC,1,2035,1.2,S12,0.22,RE1,70.9091,18.72
LNDFOR,LND,1,2020,1.0,S12,0.22,RE1,0.0,0.0
LNDFOR,LND,1,2021,1.0,S12,0.22,RE1,0.0,0.0
LNDFOR,LND,1,2022,1.0,S12,0.22,RE1,0.0,0.0
LNDFOR,LND,1,2023,1.0,S12,0.22,RE1,0.0,0.0
LNDFOR,LND,1,2024,1.0,S12,0.22,RE1,0.0,0.0
LNDFOR,LND,1,2025,1.0,S12,0.22,RE1,0.0,0.0
LNDFOR,LND,1,2026,1.0,S12,0.22,RE1,0.0,0.0
LNDFOR,LND,1,2027,1.0,S12,0.22,RE1,693.75,152.625
LNDFOR,LND,1,2028,1.0,S12,0.22,RE1,0.0,0.0
LNDFOR,LND,1,2029,1.0,S12,0.22,RE1,0.0,0.0
LNDFOR,LND,1,2030,1.0,S12,0.22,RE1,0.0,0.0
LNDFOR,LND,1,2031,1.0,S12,0.22,RE1,0.0,0.0
LNDFOR,LND,1,2032,1.0,S12,0.22,RE1,0.0,0.0
LNDFOR,LND,1,2033,1.0,S12,0.22,RE1,0.0,0.0
LNDFOR,LND,1,2034,1.0,S12,0.22,RE1,0.0,0.0
LNDFOR,LND,1,2035,1.0,S12,0.22,RE1,0.0,0.0
LNDFOR,WTRPRC,1,2020,1.2,S12,0.22,RE1,0.0,0.0
LNDFOR,WTRPRC,1,2021,1.2,S12,0.22,RE1,0.0,0.0
LNDFOR,WTRPRC,1,2022,1.2,S12,0.22,RE1,0.0,0.0
LNDFOR,WTRPRC,1,2023,1.2,S12,0.22,RE1,0.0,0.0
LNDFOR,WTRPRC,1,2024,1.2,S12,0.22,RE1,0.0,0.0
LNDFOR,WTRPRC,1,2025,1.2,S12,0.22,RE1,0.0,0.0
LNDFOR,WTRPRC,1,2026,1.2,S12,0.22,RE1,0.0,0.0
LNDFOR,WTRPRC,1,2027,1.2,S12,0.22,RE1,693.75,183.15
LNDFOR,WTRPRC,1,2028,1.2,S12,0.22,RE1,0.0,0.0
LNDFOR,WTRPRC,1,2029,1.2,S12,0.22,RE1,0.0,0.0
LNDFOR,WTRPRC,1,2030,1.2,S12,0.22,RE1,0.0,0.0
LNDFOR,WTRPRC,1,2031,1.2,S12,0.22,RE1,0.0,0.0
LNDFOR,WTRPRC,1,2032,1.2,S12,0.22,RE1,0.0,0.0
LNDFOR,WTRPRC,1,2033,1.2,S12,0.22,RE1,0.0,0.0
LNDFOR,WTRPRC,1,2034,1.2,S12,0.22,RE1,0.0,0.0
LNDFOR,WTRPRC,1,2035,1.2,S12,0.22,RE1,0.0,0.0
LNDMAIHI,LND,1,2020,1.0,S12,0.22,RE1,0.0,0.0
LNDMAIHI,LND,1,2021,1.0,S12,0.22,RE1,0.0,0.0
LNDMAIHI,LND,1,2022,1.0,S12,0.22,RE1,0.0,0.0
LNDMAIHI,LND,1,2023,1.0,S12,0.22,RE1,0.0,0.0
LNDMAIHI,LND,1,2024,1.0,S12,0.22,RE1,0.0,0.0
LNDMAIHI,LND,1,2025,1.0,S12,0.22,RE1,0.0,0.0
LNDMAIHI,LND,1,2026,1.0,S12,0.22,RE1,0.0,0.0
LNDMAIHI,LND,1,2027,1.0,S12,0.22,RE1,0.0,0.0
LNDMAIHI,LND,1,2028,1.0,S12,0.22,RE1,0.0,0.0
LNDMAIHI,LND,1,2029,1.0,S12,0.22,RE1,0.0,0.0
LNDMAIHI,LND,1,2030,1.0,S12,0.22,RE1,0.0,0.0
LNDMAIHI,LND,1,2031,1.0,S12,0.22,RE1,0.0,0.0
LNDMAIHI,LND,1,2032,1.0,S12,0.22,RE1,0.0,0.0
LNDMAIHI,LND,1,2033,1.0,S12,0.22,RE1,0.0,0.0
LNDMAIHI,LND,1,2034,1.0,S12,0.22,RE1,0.0,0.0
LNDMAIHI,LND,1,2035,1.0,S12,0.22,RE1,0.0,0.0
LNDMAIHI,WTRPRC,1,2020,1.2,S12,0.22,RE1,0.0,0.0
LNDMAIHI,WTRPRC,1,2021,1.2,S12,0.22,RE1,0.0,0.0
LNDMAIHI,WTRPRC,1,2022,1.2,S12,0.22,RE1,0.0,0.0
LNDMAIHI,WTRPRC,1,2023,1.2,S12,0.22,RE1,0.0,0.0
LNDMAIHI,WTRPRC,1,2024,1.2,S12,0.22,RE1,0.0,0.0
LNDMAIHI,WTRPRC,1,2025,1.2,S12,0.22,RE1,0.0,0.0
LNDMAIHI,WTRPRC,1,2026,1.2,S12,0.22,RE1,0.0,0.0
LNDMAIHI,WTRPRC,1,2027,1.2,S12,0.22,RE1,0.0,0.0
LNDMAIHI,WTRPRC,1,2028,1.2,S12,0.22,RE1,0.0,0.0
LNDMAIHI,WTRPRC,1,2029,1.2,S12,0.22,RE1,0.0,0.0
LNDMAIHI,WTRPRC,1,2030,1.2,S12,0.22,RE1,0.0,0.0
LNDMAIHI,WTRPRC,1,2031,1.2,S12,0.22,RE1,0.0,0.0
LNDMAIHI,WTRPRC,1,2032,1.2,S12,0.22,RE1,0.0,0.0
LNDMAIHI,WTRPRC,1,2033,1.2,S12,0.22,RE1,0.0,0.0
LNDMAIHI,WTRPRC,1,2034,1.2,S12,0.22,RE1,0.0,0.0
LNDMAIHI,WTRPRC,1,2035,1.2,S12,0.22,RE1,0.0,0.0
LNDMAIHR,LND,1,2020,1.0,S12,0.22,RE1,0.0,0.0
LNDMAIHR,LND,1,2021,1.0,S12,0.22,RE1,0.0,0.0
LNDMAIHR,LND,1,2022,1.0,S12,0.22,RE1,0.0,0.0
LNDMAIHR,LND,1,2023,1.0,S12,0.22,RE1,244.8864,53.875
LNDMAIHR,LND,1,2024,1.0,S12,0.22,RE1,0.0,0.0
LNDMAIHR,LND,1,2025,1.0,S12,0.22,RE1,257.3864,56.625
LNDMAIHR,LND,1,2026,1.0,S12,0.22,RE1,263.6364,58.0
LNDMAIHR,LND,1,2027,1.0,S12,0.22,RE1,269.8864,59.375
LNDMAIHR,LND,1,2028,1.0,S12,0.22,RE1,0.0,0.0
LNDMAIHR,LND,1,2029,1.0,S12,0.22,RE1,0.0,0.0
LNDMAIHR,LND,1,2030,1.0,S12,0.22,RE1,0.0,0.0
LNDMAIHR,LND,1,2031,1.0,S12,0.22,RE1,0.0,0.0
LNDMAIHR,LND,1,2032,1.0,S12,0.22,RE1,0.0,0.0
LNDMAIHR,LND,1,2033,1.0,S12,0.22,RE1,0.0,0.0
LNDMAIHR,LND,1,2034,1.0,S12,0.22,RE1,0.0,0.0
LNDMAIHR,LND,1,2035,1.0,S12,0.22,RE1,0.0,0.0
LNDMAIHR,WTRPRC,1,2020,1.2,S12,0.22,RE1,0.0,0.0
LNDMAIHR,WTRPRC,1,2021,1.2,S12,0.22,RE1,0.0,0.0
LNDMAIHR,WTRPRC,1,2022,1.2,S12,0.22,RE1,0.0,0.0
LNDMAIHR,WTRPRC,1,2023,1.2,S12,0.22,RE1,244.8864,64.65
LNDMAIHR,WTRPRC,1,2024,1.2,S12,0.22,RE1,0.0,0.0
LNDMAIHR,WTRPRC,1,2025,1.2,S12,0.22,RE1,257.3864,67.95
LNDMAIHR,WTRPRC,1,2026,1.2,S12,0.22,RE1,263.6364,69.6
LNDMAIHR,WTRPRC,1,2027,1.2,S12,0.22,RE1,269.8864,71.25
LNDMAIHR,WTRPRC,1,2028,1.2,S12,0.22,RE1,0.0,0.0
LNDMAIHR,WTRPRC,1,2029,1.2,S12,0.22,RE1,0.0,0.0
LNDMAIHR,WTRPRC,1,2030,1.2,S12,0.22,RE1,0.0,0.0
LNDMAIHR,WTRPRC,1,2031,1.2,S12,0.22,RE1,0.0,0.0
LNDMAIHR,WTRPRC,1,2032,1.2,S12,0.22,RE1,0.0,0.0
LNDMAIHR,WTRPRC,1,2033,1.2,S12,0.22,RE1,0.0,0.0
LNDMAIHR,WTRPRC,1,2034,1.2,S12,0.22,RE1,0.0,0.0
LNDMAIHR,WTRPRC,1,2035,1.2,S12,0.22,RE1,0.0,0.0
LNDRICHI,LND,1,2020,1.0,S12,0.22,RE1,0.0,0.0
LNDRICHI,LND,1,2021,1.0,S12,0.22,RE1,0.0,0.0
LNDRICHI,LND,1,2022,1.0,S12,0.22,RE1,0.0,0.0
LNDRICHI,LND,1,2023,1.0,S12,0.22,RE1,0.0,0.0
LNDRICHI,LND,1,2024,1.0,S12,0.22,RE1,0.0,0.0
LNDRICHI,LND,1,2025,1.0,S12,0.22,RE1,0.0,0.0
LNDRICHI,LND,1,2026,1.0,S12,0.22,RE1,0.0,0.0
LNDRICHI,LND,1,2027,1.0,S12,0.22,RE1,0.0,0.0
LNDRICHI,LND,1,2028,1.0,S12,0.22,RE1,0.0,0.0
LNDRICHI,LND,1,2029,1.0,S12,0.22,RE1,0.0,0.0
LNDRICHI,LND,1,2030,1.0,S12,0.22,RE1,0.0,0.0
LNDRICHI,LND,1,2031,1.0,S12,0.22,RE1,0.0,0.0
LNDRICHI,LND,1,2032,1.0,S12,0.22,RE1,0.0,0.0
LNDRICHI,LND,1,2033,1.0,S12,0.22,RE1,0.0,0.0
LNDRICHI,LND,1,2034,1.0,S12,0.22,RE1,0.0,0.0
LNDRICHI,LND,1,2035,1.0,S12,0.22,RE1,0.0,0.0
LNDRICHI,WTRPRC,1,2020,1.2,S12,0.22,RE1,0.0,0.0
LNDRICHI,WTRPRC,1,2021,1.2,S12,0.22,RE1,0.0,0.0
LNDRICHI,WTRPRC,1,2022,1.2,S12,0.22,RE1,0.0,0.0
LNDRICHI,WTRPRC,1,2023,1.2,S12,0.22,RE1,0.0,0.0
LNDRICHI,WTRPRC,1,2024,1.2,S12,0.22,RE1,0.0,0.0
LNDRICHI,WTRPRC,1,2025,1.2,S12,0.22,RE1,0.0,0.0
LNDRICHI,WTRPRC,1,2026,1.2,S12,0.22,RE1,0.0,0.0
LNDRICHI,WTRPRC,1,2027,1.2,S12,0.22,RE1,0.0,0.0
LNDRICHI,WTRPRC,1,2028,1.2,S12,0.22,RE1,0.0,0.0
LNDRICHI,WTRPRC,1,2029,1.2,S12,0.22,RE1,0.0,0.0
LNDRICHI,WTRPRC,1,2030,1.2,S12,0.22,RE1,0.0,0.0
LNDRICHI,WTRPRC,1,2031,1.2,S12,0.22,RE1,0.0,0.0
LNDRICHI,WTRPRC,1,2032,1.2,S12,0.22,RE1,0.0,0.0
LNDRICHI,WTRPRC,1,2033,1.2,S12,0.22,RE1,0.0,0.0
LNDRICHI,WTRPRC,1,2034,1.2,S12,0.22,RE1,0.0,0.0
LNDRICHI,WTRPRC,1,2035,1.2,S12,0.22,RE1,0.0,0.0
LNDRICHR,LND,1,2020,1.0,S12,0.22,RE1,136.3636,30.0
LNDRICHR,LND,1,2021,1.0,S12,0.22,RE1,0.0,0.0
LNDRICHR,LND,1,2022,1.0,S12,0.22,RE1,0.0,0.0
LNDRICHR,LND,1,2023,1.0,S12,0.22,RE1,0.0,0.0
LNDRICHR,LND,1,2024,1.0,S12,0.22,RE1,0.0,0.0
LNDRICHR,LND,1,2025,1.0,S12,0.22,RE1,154.0909,33.9
LNDRICHR,LND,1,2026,1.0,S12,0.22,RE1,158.1818,34.8
LNDRICHR,LND,1,2027,1.0,S12,0.22,RE1,162.2727,35.7
LNDRICHR,LND,1,2028,1.0,S12,0.22,RE1,0.0,0.0
LNDRICHR,LND,1,2029,1.0,S12,0.22,RE1,0.0,0.0
LNDRICHR,LND,1,2030,1.0,S12,0.22,RE1,0.0,0.0
LNDRICHR,LND,1,2031,1.0,S12,0.22,RE1,0.0,0.0
LNDRICHR,LND,1,2032,1.0,S12,0.22,RE1,183.1818,40.3
LNDRICHR,LND,1,2033,1.0,S12,0.22,RE1,0.0,0.0
LNDRICHR,LND,1,2034,1.0,S12,0.22,RE1,0.0,0.0
LNDRICHR,LND,1,2035,1.0,S12,0.22,RE1,197.2727,43.4
LNDRICHR,WTRPRC,1,2020,1.2,S12,0.22,RE1,136.3636,36.0
LNDRICHR,WTRPRC,1,2021,1.2,S12,0.22,RE1,0.0,0.0
LNDRICHR,WTRPRC,1,2022,1.2,S12,0.22,RE1,0.0,0.0
LNDRICHR,WTRPRC,1,2023,1.2,S12,0.22,RE1,0.0,0.0
LNDRICHR,WTRPRC,1,2024,1.2,S12,0.22,RE1,0.0,0.0
LNDRICHR,WTRPRC,1,2025,1.2,S12,0.22,RE1,154.0909,40.68
LNDRICHR,WTRPRC,1,2026,1.2,S12,0.22,RE1,158.1818,41.76
LNDRICHR,WTRPRC,1,2027,1.2,S12,0.22,RE1,162.2727,42.84
LNDRICHR,WTRPRC,1,2028,1.2,S12,0.22,RE1,0.0,0.0
LNDRICHR,WTRPRC,1,2029,1.2,S12,0.22,RE1,0.0,0.0
LNDRICHR,WTRPRC,1,2030,1.2,S12,0.22,RE1,0.0,0.0
LNDRICHR,WTRPRC,1,2031,1.2,S12,0.22,RE1,0.0,0.0
LNDRICHR,WTRPRC,1,2032,1.2,S12,0.22,RE1,183.1818,48.36
LNDRICHR,WTRPRC,1,2033,1.2,S12,0.22,RE1,0.0,0.0
LNDRICHR,WTRPRC,1,2034,1.2,S12,0.22,RE1,0.0,0.0
LNDRICHR,WTRPRC,1,2035,1.2,S12,0.22,RE1,197.2727,52.08
LNDWAT,LND,1,2020,1.0,S12,0.22,RE1,159.0909,35.0
LNDWAT,LND,1,2021,1.0,S12,0.22,RE1,0.0,0.0
LNDWAT,LND,1,2022,1.0,S12,0.22,RE1,0.0,0.0
LNDWAT,LND,1,2023,1.0,S12,0.22,RE1,0.0,0.0
LNDWAT,LND,1,2024,1.0,S12,0.22,RE1,0.0,0.0
LNDWAT,LND,1,2025,1.0,S12,0.22,RE1,181.8182,40.0
LNDWAT,LND,1,2026,1.0,S12,0.22,RE1,0.0,0.0
LNDWAT,LND,1,2027,1.0,S12,0.22,RE1,181.8182,40.0
LNDWAT,LND,1,2028,1.0,S12,0.22,RE1,0.0,0.0
LNDWAT,LND,1,2029,1.0,S12,0.22,RE1,0.0,0.0
LNDWAT,LND,1,2030,1.0,S12,0.22,RE1,0.0,0.0
LNDWAT,LND,1,2031,1.0,S12,0.22,RE1,0.0,0.0
LNDWAT,LND,1,2032,1.0,S12,0.22,RE1,0.0,0.0
LNDWAT,LND,1,2033,1.0,S12,0.22,RE1,0.0,0.0
LNDWAT,LND,1,2034,1.0,S12,0.22,RE1,0.0,0.0
LNDWAT,LND,1,2035,1.0,S12,0.22,RE1,0.0,0.0
LNDWAT,WTRPRC,1,2020,1.2,S12,0.22,RE1,159.0909,42.0
LNDWAT,WTRPRC,1,2021,1.2,S12,0.22,RE1,0.0,0.0
LNDWAT,WTRPRC,1,2022,1.2,S12,0.22,RE1,0.0,0.0
LNDWAT,WTRPRC,1,2023,1.2,S12,0.22,RE1,0.0,0.0
LNDWAT,WTRPRC,1,2024,1.2,S12,0.22,RE1,0.0,0.0
LNDWAT,WTRPRC,1,2025,1.2,S12,0.22,RE1,181.8182,48.0
LNDWAT,WTRPRC,1,2026,1.2,S12,0.22,RE1,0.0,0.0
LNDWAT,WTRPRC,1,2027,1.2,S12,0.22,RE1,181.8182,48.0
LNDWAT,WTRPRC,1,2028,1.2,S12,0.22,RE1,0.0,0.0
LNDWAT,WTRPRC,1,2029,1.2,S12,0.22,RE1,0.0,0.0
LNDWAT,WTRPRC,1,2030,1.2,S12,0.22,RE1,0.0,0.0
LNDWAT,WTRPRC,1,2031,1.2,S12,0.22,RE1,0.0,0.0
LNDWAT,WTRPRC,1,2032,1.2,S12,0.22,RE1,0.0,0.0
LNDWAT,WTRPRC,1,2033,1.2,S12,0.22,RE1,0.0,0.0
LNDWAT,WTRPRC,1,2034,1.2,S12,0.22,RE1,0.0,0.0
LNDWAT,WTRPRC,1,2035,1.2,S12,0.22,RE1,0.0,0.0
PWRCOA,COA,1,2020,3.0,S12,0.22,RE1,24.232,15.9931
PWRCOA,COA,1,2021,3.0,S12,0.22,RE1,25.432,16.7851
PWRCOA,COA,1,2022,3.0,S12,0.22,RE1,26.232,17.3131
PWRCOA,COA,1,2023,3.0,S12,0.22,RE1,27.432,18.1051
PWRCOA,COA,1,2024,3.0,S12,0.22,RE1,28.232,18.6331
PWRCOA,COA,1,2025,3.0,S12,0.22,RE1,24.7016,16.3031
PWRCOA,COA,1,2026,3.0,S12,0.22,RE1,25.9016,17.0951
PWRCOA,COA,1,2027,3.0,S12,0.22,RE1,22.7928,15.0432
PWRCOA,COA,1,2028,3.0,S12,0.22,RE1,18.5575,12.248
PWRCOA,COA,1,2029,3.0,S12,0.22,RE1,14.3222,9.4527
PWRCOA,COA,1,2030,3.0,S12,0.22,RE1,0.0,0.0
PWRCOA,COA,1,2031,3.0,S12,0.22,RE1,0.0,0.0
PWRCOA,COA,1,2032,3.0,S12,0.22,RE1,0.0,0.0
PWRCOA,COA,1,2033,3.0,S12,0.22,RE1,0.0,0.0
PWRCOA,COA,1,2034,3.0,S12,0.22,RE1,0.0,0.0
PWRCOA,COA,1,2035,3.0,S12,0.22,RE1,0.0,0.0
PWRGAS,GAS,1,2020,2.0,S12,0.22,RE1,0.0,0.0
PWRGAS,GAS,1,2021,2.0,S12,0.22,RE1,0.0,0.0
PWRGAS,GAS,1,2022,2.0,S12,0.22,RE1,0.0,0.0
PWRGAS,GAS,1,2023,2.0,S12,0.22,RE1,0.0,0.0
PWRGAS,GAS,1,2024,2.0,S12,0.22,RE1,0.0,0.0
PWRGAS,GAS,1,2025,2.0,S12,0.22,RE1,0.0,0.0
PWRGAS,GAS,1,2026,2.0,S12,0.22,RE1,0.0,0.0
PWRGAS,GAS,1,2027,2.0,S12,0.22,RE1,0.0,0.0
PWRGAS,GAS,1,2028,2.0,S12,0.22,RE1,0.0,0.0
PWRGAS,GAS,1,2029,2.0,S12,0.22,RE1,0.0,0.0
PWRGAS,GAS,1,2030,2.0,S12,0.22,RE1,0.0,0.0
PWRGAS,GAS,1,2031,2.0,S12,0.22,RE1,0.0,0.0
PWRGAS,GAS,1,2032,2.0,S12,0.22,RE1,0.0,0.0
PWRGAS,GAS,1,2033,2.0,S12,0.22,RE1,0.0,0.0
PWRGAS,GAS,1,2034,2.0,S12,0.22,RE1,0.0,0.0
PWRGAS,GAS,1,2035,2.0,S12,0.22,RE1,0.0,0.0
PWRHYD,HYD,1,2020,1.0,S12,0.22,RE1,9.4608,2.0814
PWRHYD,HYD,1,2021,1.0,S12,0.22,RE1,9.4608,2.0814
PWRHYD,HYD,1,2022,1.0,S12,0.22,RE1,9.4608,2.0814
PWRHYD,HYD,1,2023,1.0,S12,0.22,RE1,9.4608,2.0814
PWRHYD,HYD,1,2024,1.0,S12,0.22,RE1,9.4608,2.0814
PWRHYD,HYD,1,2025,1.0,S12,0.22,RE1,14.1912,3.1221
PWRHYD,HYD,1,2026,1.0,S12,0.22,RE1,14.1912,3.1221
PWRHYD,HYD,1,2027,1.0,S12,0.22,RE1,14.1912,3.1221
PWRHYD,HYD,1,2028,1.0,S12,0.22,RE1,14.1912,3.1221
PWRHYD,HYD,1,2029,1.0,S12,0.22,RE1,14.1912,3.1221
PWRHYD,HYD,1,2030,1.0,S12,0.22,RE1,14.1912,3.1221
PWRHYD,HYD,1,2031,1.0,S12,0.22,RE1,14.1912,3.1221
PWRHYD,HYD,1,2032,1.0,S12,0.22,RE1,14.1912,3.1221
PWRHYD,HYD,1,2033,1.0,S12,0.22,RE1,14.1912,3.1221
PWRHYD,HYD,1,2034,1.0,S12,0.22,RE1,14.1912,3.1221
PWRHYD,HYD,1,2035,1.0,S12,0.22,RE1,14.1912,3.1221
PWRSOL,SOL,1,2020,1.0,S12,0.22,RE1,0.0,0.0
PWRSOL,SOL,1,2021,1.0,S12,0.22,RE1,0.0,0.0
PWRSOL,SOL,1,2022,1.0,S12,0.22,RE1,0.0,0.0
PWRSOL,SOL,1,2023,1.0,S12,0.22,RE1,0.0,0.0
PWRSOL,SOL,1,2024,1.0,S12,0.22,RE1,0.0,0.0
PWRSOL,SOL,1,2025,1.0,S12,0.22,RE1,0.0,0.0
PWRSOL,SOL,1,2026,1.0,S12,0.22,RE1,0.0,0.0
PWRSOL,SOL,1,2027,1.0,S12,0.22,RE1,0.0,0.0
PWRSOL,SOL,1,2028,1.0,S12,0.22,RE1,0.0,0.0
PWRSOL,SOL,1,2029,1.0,S12,0.22,RE1,0.0,0.0
PWRSOL,SOL,1,2030,1.0,S12,0.22,RE1,0.0,0.0
PWRSOL,SOL,1,2031,1.0,S12,0.22,RE1,0.0,0.0
PWRSOL,SOL,1,2032,1.0,S12,0.22,RE1,0.0,0.0
PWRSOL,SOL,1,2033,1.0,S12,0.22,RE1,0.0,0.0
PWRSOL,SOL,1,2034,1.0,S12,0.22,RE1,0.0,0.0
PWRSOL,SOL,1,2035,1.0,S12,0.22,RE1,0.0,0.0
PWRTRN,ELC001,1,2020,1.1,S12,0.22,RE1,36.3636,8.8
PWRTRN,ELC001,1,2021,1.1,S12,0.22,RE1,37.4545,9.064
PWRTRN,ELC001,1,2022,1.1,S12,0.22,RE1,38.1818,9.24
PWRTRN,ELC001,1,2023,1.1,S12,0.22,RE1,39.2727,9.504
PWRTRN,ELC001,1,2024,1.1,S12,0.22,RE1,40.0,9.68
PWRTRN,ELC001,1,2025,1.1,S12,0.22,RE1,41.0909,9.944
PWRTRN,ELC001,1,2026,1.1,S12,0.22,RE1,42.1818,10.208
PWRTRN,ELC001,1,2027,1.1,S12,0.22,RE1,43.2727,10.472
PWRTRN,ELC001,1,2028,1.1,S12,0.22,RE1,44.3636,10.736
PWRTRN,ELC001,1,2029,1.1,S12,0.22,RE1,45.4545,11.0
PWRTRN,ELC001,1,2030,1.1,S12,0.22,RE1,46.5455,11.264
PWRTRN,ELC001,1,2031,1.1,S12,0.22,RE1,47.6364,11.528
PWRTRN,ELC001,1,2032,1.1,S12,0.22,RE1,48.7273,11.792
PWRTRN,ELC001,1,2033,1.1,S12,0.22,RE1,50.1818,12.144
PWRTRN,ELC001,1,2034,1.1,S12,0.22,RE1,51.2727,12.408
PWRTRN,ELC001,1,2035,1.1,S12,0.22,RE1,52.7273,12.76
PWRWND,WND,1,2020,1.0,S12,0.22,RE1,6.3072,1.3876
PWRWND,WND,1,2021,1.0,S12,0.22,RE1,6.3072,1.3876
PWRWND,WND,1,2022,1.0,S12,0.22,RE1,6.3072,1.3876
PWRWND,WND,1,2023,1.0,S12,0.22,RE1,6.3072,1.3876
PWRWND,WND,1,2024,1.0,S12,0.22,RE1,6.3072,1.3876
PWRWND,WND,1,2025,1.0,S12,0.22,RE1,6.3072,1.3876
PWRWND,WND,1,2026,1.0,S12,0.22,RE1,6.3072,1.3876
PWRWND,WND,1,2027,1.0,S12,0.22,RE1,10.616,2.3355
PWRWND,WND,1,2028,1.0,S12,0.22,RE1,16.0513,3.5313
PWRWND,WND,1,2029,1.0,S12,0.22,RE1,21.4866,4.7271
PWRWND,WND,1,2030,1.0,S12,0.22,RE1,37.0088,8.1419
PWRWND,WND,1,2031,1.0,S12,0.22,RE1,38.2088,8.4059
PWRWND,WND,1,2032,1.0,S12,0.22,RE1,39.4088,8.6699
PWRWND,WND,1,2033,1.0,S12,0.22,RE1,41.0088,9.0219
PWRWND,WND,1,2034,1.0,S12,0.22,RE1,42.2088,9.2859
PWRWND,WND,1,2035,1.0,S12,0.22,RE1,43.8088,9.6379
LNDBLT,LND,1,2020,1.0,S21,0.17,RE1,0.0,0.0
LNDBLT,LND,1,2021,1.0,S21,0.17,RE1,0.0,0.0
LNDBLT,LND,1,2022,1.0,S21,0.17,RE1,0.0,0.0
LNDBLT,LND,1,2023,1.0,S21,0.17,RE1,0.0,0.0
LNDBLT,LND,1,2024,1.0,S21,0.17,RE1,0.0,0.0
LNDBLT,LND,1,2025,1.0,S21,0.17,RE1,0.0,0.0
LNDBLT,LND,1,2026,1.0,S21,0.17,RE1,0.0,0.0
LNDBLT,LND,1,2027,1.0,S21,0.17,RE1,0.0,0.0
LNDBLT,LND,1,2028,1.0,S21,0.17,RE1,0.0,0.0
LNDBLT,LND,1,2029,1.0,S21,0.17,RE1,0.0,0.0
LNDBLT,LND,1,2030,1.0,S21,0.17,RE1,0.0,0.0
LNDBLT,LND,1,2031,1.0,S21,0.17,RE1,0.0,0.0
LNDBLT,LND,1,2032,1.0,S21,0.17,RE1,0.0,0.0
LNDBLT,LND,1,2033,1.0,S21,0.17,RE1,0.0,0.0
LNDBLT,LND,1,2034,1.0,S21,0.17,RE1,0.0,0.0
LNDBLT,LND,1,2035,1.0,S21,0.17,RE1,0.0,0.0
LNDBLT,WTRPRC,1,2020,1.2,S21,0.17,RE1,0.0,0.0
LNDBLT,WTRPRC,1,2021,1.2,S21,0.17,RE1,0.0,0.0
LNDBLT,WTRPRC,1,2022,1.2,S21,0.17,RE1,0.0,0.0
LNDBLT,WTRPRC,1,2023,1.2,S21,0.17,RE1,0.0,0.0
LNDBLT,WTRPRC,1,2024,1.2,S21,0.17,RE1,0.0,0.0
LNDBLT,WTRPRC,1,2025,1.2,S21,0.17,RE1,0.0,0.0
LNDBLT,WTRPRC,1,2026,1.2,S21,0.17,RE1,0.0,0.0
LNDBLT,WTRPRC,1,2027,1.2,S21,0.17,RE1,0.0,0.0
LNDBLT,WTRPRC,1,2028,1.2,S21,0.17,RE1,0.0,0.0
LNDBLT,WTRPRC,1,2029,1.2,S21,0.17,RE1,0.0,0.0
LNDBLT,WTRPRC,1,2030,1.2,S21,0.17,RE1,0.0,0.0
LNDBLT,WTRPRC,1,2031,1.2,S21,0.17,RE1,0.0,0.0
LNDBLT,WTRPRC,1,2032,1.2,S21,0.17,RE1,0.0,0.0
LNDBLT,WTRPRC,1,2033,1.2,S21,0.17,RE1,0.0,0.0
LNDBLT,WTRPRC,1,2034,1.2,S21,0.17,RE1,0.0,0.0
LNDBLT,WTRPRC,1,2035,1.2,S21,0.17,RE1,0.0,0.0
LNDFOR,LND,1,2020,1.0,S21,0.17,RE1,0.0,0.0
LNDFOR,LND,1,2021,1.0,S21,0.17,RE1,0.0,0.0
LNDFOR,LND,1,2022,1.0,S21,0.17,RE1,0.0,0.0
LNDFOR,LND,1,2023,1.0,S21,0.17,RE1,0.0,0.0
LNDFOR,LND,1,2024,1.0,S21,0.17,RE1,972.6471,165.35
LNDFOR,LND,1,2025,1.0,S21,0.17,RE1,928.6765,157.875
LNDFOR,LND,1,2026,1.0,S21,0.17,RE1,0.0,0.0
LNDFOR,LND,1,2027,1.0,S21,0.17,RE1,0.0,0.0
LNDFOR,LND,1,2028,1.0,S21,0.17,RE1,0.0,0.0
LNDFOR,LND,1,2029,1.0,S21,0.17,RE1,0.0,0.0
LNDFOR,LND,1,2030,1.0,S21,0.17,RE1,0.0,0.0
LNDFOR,LND,1,2031,1.0,S21,0.17,RE1,0.0,0.0
LNDFOR,LND,1,2032,1.0,S21,0.17,RE1,0.0,0.0
LNDFOR,LND,1,2033,1.0,S21,0.17,RE1,794.2647,135.025
LNDFOR,LND,1,2034,1.0,S21,0.17,RE1,775.7353,131.875
LNDFOR,LND,1,2035,1.0,S21,0.17,RE1,756.6176,128.625
LNDFOR,WTRPRC,1,2020,1.2,S21,0.17,RE1,0.0,0.0
LNDFOR,WTRPRC,1,2021,1.2,S21,0.17,RE1,0.0,0.0
LNDFOR,WTRPRC,1,2022,1.2,S21,0.17,RE1,0.0,0.0
LNDFOR,WTRPRC,1,2023,1.2,S21,0.17,RE1,0.0,0.0
LNDFOR,WTRPRC,1,2024,1.2,S21,0.17,RE1,972.6471,198.42
LNDFOR,WTRPRC,1,2025,1.2,S21,0.17,RE1,928.6765,189.45
LNDFOR,WTRPRC,1,2026,1.2,S21,0.17,RE1,0.0,0.0
LNDFOR,WTRPRC,1,2027,1.2,S21,0.17,RE1,0.0,0.0
LNDFOR,WTRPRC,1,2028,1.2,S21,0.17,RE1,0.0,0.0
LNDFOR,WTRPRC,1,2029,1.2,S21,0.17,RE1,0.0,0.0
LNDFOR,WTRPRC,1,2030,1.2,S21,0.17,RE1,0.0,0.0
LNDFOR,WTRPRC,1,2031,1.2,S21,0.17,RE1,0.0,0.0
LNDFOR,WTRPRC,1,2032,1.2,S21,0.17,RE1,0.0,0.0
LNDFOR,WTRPRC,1,2033,1.2,S21,0.17,RE1,794.2647,162.03
LNDFOR,WTRPRC,1,2034,1.2,S21,0.17,RE1,775.7353,158.25
LNDFOR,WTRPRC,1,2035,1.2,S21,0.17,RE1,756.6176,154.35
LNDMAIHI,LND,1,2020,1.0,S21,0.17,RE1,0.0,0.0
LNDMAIHI,LND,1,2021,1.0,S21,0.17,RE1,0.0,0.0
LNDMAIHI,LND,1,2022,1.0,S21,0.17,RE1,0.0,0.0
LNDMAIHI,LND,1,2023,1.0,S21,0.17,RE1,0.0,0.0
LNDMAIHI,LND,1,2024,1.0,S21,0.17,RE1,0.0,0.0
LNDMAIHI,LND,1,2025,1.0,S21,0.17,RE1,0.0,0.0
LNDMAIHI,LND,1,2026,1.0,S21,0.17,RE1,0.0,0.0
LNDMAIHI,LND,1,2027,1.0,S21,0.17,RE1,0.0,0.0
LNDMAIHI,LND,1,2028,1.0,S21,0.17,RE1,0.0,0.0
LNDMAIHI,LND,1,2029,1.0,S21,0.17,RE1,0.0,0.0
LNDMAIHI,LND,1,2030,1.0,S21,0.17,RE1,0.0,0.0
LNDMAIHI,LND,1,2031,1.0,S21,0.17,RE1,0.0,0.0
LNDMAIHI,LND,1,2032,1.0,S21,0.17,RE1,0.0,0.0
LNDMAIHI,LND,1,2033,1.0,S21,0.17,RE1,0.0,0.0
LNDMAIHI,LND,1,2034,1.0,S21,0.17,RE1,0.0,0.0
LNDMAIHI,LND,1,2035,1.0,S21,0.17,RE1,0.0,0.0
LNDMAIHI,WTRPRC,1,2020,1.2,S21,0.17,RE1,0.0,0.0
LNDMAIHI,WTRPRC,1,2021,1.2,S21,0.17,RE1,0.0,0.0
LNDMAIHI,WTRPRC,1,2022,1.2,S21,0.17,RE1,0.0,0.0
LNDMAIHI,WTRPRC,1,2023,1.2,S21,0.17,RE1,0.0,0.0
LNDMAIHI,WTRPRC,1,2024,1.2,S21,0.17,RE1,0.0,0.0
LNDMAIHI,WTRPRC,1,2025,1.2,S21,0.17,RE1,0.0,0.0
LNDMAIHI,WTRPRC,1,2026,1.2,S21,0.17,RE1,0.0,0.0
LNDMAIHI,WTRPRC,1,2027,1.2,S21,0.17,RE1,0.0,0.0
LNDMAIHI,WTRPRC,1,2028,1.2,S21,0.17,RE1,0.0,0.0
LNDMAIHI,WTRPRC,1,2029,1.2,S21,0.17,RE1,0.0,0.0
LNDMAIHI,WTRPRC,1,2030,1.2,S21,0.17,RE1,0.0,0.0
LNDMAIHI,WTRPRC,1,2031,1.2,S21,0.17,RE1,0.0,0.0
LNDMAIHI,WTRPRC,1,2032,1.2,S21,0.17,RE1,0.0,0.0
LNDMAIHI,WTRPRC,1,2033,1.2,S21,0.17,RE1,0.0,0.0
LNDMAIHI,WTRPRC,1,2034,1.2,S21,0.17,RE1,0.0,0.0
LNDMAIHI,WTRPRC,1,2035,1.2,S21,0.17,RE1,0.0,0.0
LNDMAIHR,LND,1,2020,1.0,S21,0.17,RE1,0.0,0.0
LNDMAIHR,LND,1,2021,1.0,S21,0.17,RE1,0.0,0.0
LNDMAIHR,LND,1,2022,1.0,S21,0.17,RE1,0.0,0.0
LNDMAIHR,LND,1,2023,1.0,S21,0.17,RE1,0.0,0.0
LNDMAIHR,LND,1,2024,1.0,S21,0.17,RE1,325.0,55.25
LNDMAIHR,LND,1,2025,1.0,S21,0.17,RE1,0.0,0.0
LNDMAIHR,LND,1,2026,1.0,S21,0.17,RE1,0.0,0.0
LNDMAIHR,LND,1,2027,1.0,S21,0.17,RE1,0.0,0.0
LNDMAIHR,LND,1,2028,1.0,S21,0.17,RE1,0.0,0.0
LNDMAIHR,LND,1,2029,1.0,S21,0.17,RE1,0.0,0.0
LNDMAIHR,LND,1,2030,1.0,S21,0.17,RE1,0.0,0.0
LNDMAIHR,LND,1,2031,1.0,S21,0.17,RE1,0.0,0.0
LNDMAIHR,LND,1,2032,1.0,S21,0.17,RE1,0.0,0.0
LNDMAIHR,LND,1,2033,1.0,S21,0.17,RE1,0.0,0.0
LNDMAIHR,LND,1,2034,1.0,S21,0.17,RE1,0.0,0.0
LNDMAIHR,LND,1,2035,1.0,S21,0.17,RE1,0.0,0.0
LNDMAIHR,WTRPRC,1,2020,1.2,S21,0.17,RE1,0.0,0.0
LNDMAIHR,WTRPRC,1,2021,1.2,S21,0.17,RE1,0.0,0.0
LNDMAIHR,WTRPRC,1,2022,1.2,S21,0.17,RE1,0.0,0.0
LNDMAIHR,WTRPRC,1,2023,1.2,S21,0.17,RE1,0.0,0.0
LNDMAIHR,WTRPRC,1,2024,1.2,S21,0.17,RE1,325.0,66.3
LNDMAIHR,WTRPRC,1,2025,1.2,S21,0.17,RE1,0.0,0.0
LNDMAIHR,WTRPRC,1,2026,1.2,S21,0.17,RE1,0.0,0.0
LNDMAIHR,WTRPRC,1,2027,1.2,S21,0.17,RE1,0.0,0.0
LNDMAIHR,WTRPRC,1,2028,1.2,S21,0.17,RE1,0.0,0.0
LNDMAIHR,WTRPRC,1,2029,1.2,S21,0.17,RE1,0.0,0.0
LNDMAIHR,WTRPRC,1,2030,1.2,S21,0.17,RE1,0.0,0.0
LNDMAIHR,WTRPRC,1,2031,1.2,S21,0.17,RE1,0.0,0.0
LNDMAIHR,WTRPRC,1,2032,1.2,S21,0.17,RE1,0.0,0.0
LNDMAIHR,WTRPRC,1,2033,1.2,S21,0.17,RE1,0.0,0.0
LNDMAIHR,WTRPRC,1,2034,1.2,S21,0.17,RE1,0.0,0.0
LNDMAIHR,WTRPRC,1,2035,1.2,S21,0.17,RE1,0.0,0.0
LNDRICHI,LND,1,2020,1.0,S21,0.17,RE1,0.0,0.0
LNDRICHI,LND,1,2021,1.0,S21,0.17,RE1,0.0,0.0
LNDRICHI,LND,1,2022,1.0,S21,0.17,RE1,0.0,0.0
LNDRICHI,LND,1,2023,1.0,S21,0.17,RE1,0.0,0.0
LNDRICHI,LND,1,2024,1.0,S21,0.17,RE1,0.0,0.0
LNDRICHI,LND,1,2025,1.0,S21,0.17,RE1,0.0,0.0
LNDRICHI,LND,1,2026,1.0,S21,0.17,RE1,0.0,0.0
LNDRICHI,LND,1,2027,1.0,S21,0.17,RE1,0.0,0.0
LNDRICHI,LND,1,2028,1.0,S21,0.17,RE1,0.0,0.0
LNDRICHI,LND,1,2029,1.0,S21,0.17,RE1,0.0,0.0
LNDRICHI,LND,1,2030,1.0,S21,0.17,RE1,0.0,0.0
LNDRICHI,LND,1,2031,1.0,S21,0.17,RE1,0.0,0.0
LNDRICHI,LND,1,2032,1.0,S21,0.17,RE1,0.0,0.0
LNDRICHI,LND,1,2033,1.0,S21,0.17,RE1,0.0,0.0
LNDRICHI,LND,1,2034,1.0,S21,0.17,RE1,0.0,0.0
LNDRICHI,LND,1,2035,1.0,S21,0.17,RE1,0.0,0.0
LNDRICHI,WTRPRC,1,2020,1.2,S21,0.17,RE1,0.0,0.0
LNDRICHI,WTRPRC,1,2021,1.2,S21,0.17,RE1,0.0,0.0
LNDRICHI,WTRPRC,1,2022,1.2,S21,0.17,RE1,0.0,0.0
LNDRICHI,WTRPRC,1,2023,1.2,S21,0.17,RE1,0.0,0.0
LNDRICHI,WTRPRC,1,2024,1.2,S21,0.17,RE1,0.0,0.0
LNDRICHI,WTRPRC,1,2025,1.2,S21,0.17,RE1,0.0,0.0
LNDRICHI,WTRPRC,1,2026,1.2,S21,0.17,RE1,0.0,0.0
LNDRICHI,WTRPRC,1,2027,1.2,S21,0.17,RE1,0.0,0.0
LNDRICHI,WTRPRC,1,2028,1.2,S21,0.17,RE1,0.0,0.0
LNDRICHI,WTRPRC,1,2029,1.2,S21,0.17,RE1,0.0,0.0
LNDRICHI,WTRPRC,1,2030,1.2,S21,0.17,RE1,0.0,0.0
LNDRICHI,WTRPRC,1,2031,1.2,S21,0.17,RE1,0.0,0.0
LNDRICHI,WTRPRC,1,2032,1.2,S21,0.17,RE1,0.0,0.0
LNDRICHI,WTRPRC,1,2033,1.2,S21,0.17,RE1,0.0,0.0
LNDRICHI,WTRPRC,1,2034,1.2,S21,0.17,RE1,0.0,0.0
LNDRICHI,WTRPRC,1,2035,1.2,S21,0.17,RE1,0.0,0.0
LNDRICHR,LND,1,2020,1.0,S21,0.17,RE1,0.0,0.0
LNDRICHR,LND,1,2021,1.0,S21,0.17,RE1,0.0,0.0
LNDRICHR,LND,1,2022,1.0,S21,0.17,RE1,0.0,0.0
LNDRICHR,LND,1,2023,1.0,S21,0.17,RE1,0.0,0.0
LNDRICHR,LND,1,2024,1.0,S21,0.17,RE1,194.7059,33.1
LNDRICHR,LND,1,2025,1.0,S21,0.17,RE1,0.0,0.0
LNDRICHR,LND,1,2026,1.0,S21,0.17,RE1,0.0,0.0
LNDRICHR,LND,1,2027,1.0,S21,0.17,RE1,0.0,0.0
LNDRICHR,LND,1,2028,1.0,S21,0.17,RE1,0.0,0.0
LNDRICHR,LND,1,2029,1.0,S21,0.17,RE1,0.0,0.0
LNDRICHR,LND,1,2030,1.0,S21,0.17,RE1,225.8824,38.4
LNDRICHR,LND,1,2031,1.0,S21,0.17,RE1,0.0,0.0
LNDRICHR,LND,1,2032,1.0,S21,0.17,RE1,0.0,0.0
LNDRICHR,LND,1,2033,1.0,S21,0.17,RE1,243.5294,41.4
LNDRICHR,LND,1,2034,1.0,S21,0.17,RE1,0.0,0.0
LNDRICHR,LND,1,2035,1.0,S21,0.17,RE1,0.0,0.0
LNDRICHR,WTRPRC,1,2020,1.2,S21,0.17,RE1,0.0,0.0
LNDRICHR,WTRPRC,1,2021,1.2,S21,0.17,RE1,0.0,0.0
LNDRICHR,WTRPRC,1,2022,1.2,S21,0.17,RE1,0.0,0.0
LNDRICHR,WTRPRC,1,2023,1.2,S21,0.17,RE1,0.0,0.0
LNDRICHR,WTRPRC,1,2024,1.2,S21,0.17,RE1,194.7059,39.72
LNDRICHR,WTRPRC,1,2025,1.2,S21,0.17,RE1,0.0,0.0
LNDRICHR,WTRPRC,1,2026,1.2,S21,0.17,RE1,0.0,0.0
LNDRICHR,WTRPRC,1,2027,1.2,S21,0.17,RE1,0.0,0.0
LNDRICHR,WTRPRC,1,2028,1.2,S21,0.17,RE1,0.0,0.0
LNDRICHR,WTRPRC,1,2029,1.2,S21,0.17,RE1,0.0,0.0
LNDRICHR,WTRPRC,1,2030,1.2,S21,0.17,RE1,225.8824,46.08
LNDRICHR,WTRPRC,1,2031,1.2,S21,0.17,RE1,0.0,0.0
LNDRICHR,WTRPRC,1,2032,1.2,S21,0.17,RE1,0.0,0.0
LNDRICHR,WTRPRC,1,2033,1.2,S21,0.17,RE1,243.5294,49.68
LNDRICHR,WTRPRC,1,2034,1.2,S21,0.17,RE1,0.0,0.0
LNDRICHR,WTRPRC,1,2035,1.2,S21,0.17,RE1,0.0,0.0
LNDWAT,LND,1,2020,1.0,S21,0.17,RE1,0.0,0.0
LNDWAT,LND,1,2021,1.0,S21,0.17,RE1,0.0,0.0
LNDWAT,LND,1,2022,1.0,S21,0.17,RE1,0.0,0.0
LNDWAT,LND,1,2023,1.0,S21,0.17,RE1,0.0,0.0
LNDWAT,LND,1,2024,1.0,S21,0.17,RE1,205.8824,35.0
LNDWAT,LND,1,2025,1.0,S21,0.17,RE1,0.0,0.0
LNDWAT,LND,1,2026,1.0,S21,0.17,RE1,0.0,0.0
LNDWAT,LND,1,2027,1.0,S21,0.17,RE1,0.0,0.0
LNDWAT,LND,1,2028,1.0,S21,0.17,RE1,0.0,0.0
LNDWAT,LND,1,2029,1.0,S21,0.17,RE1,0.0,0.0
LNDWAT,LND,1,2030,1.0,S21,0.17,RE1,0.0,0.0
LNDWAT,LND,1,2031,1.0,S21,0.17,RE1,0.0,0.0
LNDWAT,LND,1,2032,1.0,S21,0.17,RE1,0.0,0.0
LNDWAT,LND,1,2033,1.0,S21,0.17,RE1,235.2941,40.0
LNDWAT,LND,1,2034,1.0,S21,0.17,RE1,0.0,0.0
LNDWAT,LND,1,2035,1.0,S21,0.17,RE1,0.0,0.0
LNDWAT,WTRPRC,1,2020,1.2,S21,0.17,RE1,0.0,0.0
LNDWAT,WTRPRC,1,2021,1.2,S21,0.17,RE1,0.0,0.0
LNDWAT,WTRPRC,1,2022,1.2,S21,0.17,RE1,0.0,0.0
LNDWAT,WTRPRC,1,2023,1.2,S21,0.17,RE1,0.0,0.0
LNDWAT,WTRPRC,1,2024,1.2,S21,0.17,RE1,205.8824,42.0
LNDWAT,WTRPRC,1,2025,1.2,S21,0.17,RE1,0.0,0.0
LNDWAT,WTRPRC,1,2026,1.2,S21,0.17,RE1,0.0,0.0
LNDWAT,WTRPRC,1,2027,1.2,S21,0.17,RE1,0.0,0.0
LNDWAT,WTRPRC,1,2028,1.2,S21,0.17,RE1,0.0,0.0
LNDWAT,WTRPRC,1,2029,1.2,S21,0.17,RE1,0.0,0.0
LNDWAT,WTRPRC,1,2030,1.2,S21,0.17,RE1,0.0,0.0
LNDWAT,WTRPRC,1,2031,1.2,S21,0.17,RE1,0.0,0.0
LNDWAT,WTRPRC,1,2032,1.2,S21,0.17,RE1,0.0,0.0
LNDWAT,WTRPRC,1,2033,1.2,S21,0.17,RE1,235.2941,48.0
LNDWAT,WTRPRC,1,2034,1.2,S21,0.17,RE1,0.0,0.0
LNDWAT,WTRPRC,1,2035,1.2,S21,0.17,RE1,0.0,0.0
PWRCOA,COA,1,2020,3.0,S21,0.17,RE1,87.2998,44.5229
PWRCOA,COA,1,2021,3.0,S21,0.17,RE1,90.7939,46.3049
PWRCOA,COA,1,2022,3.0,S21,0.17,RE1,93.1233,47.4929
PWRCOA,COA,1,2023,3.0,S21,0.17,RE1,96.6174,49.2749
PWRCOA,COA,1,2024,3.0,S21,0.17,RE1,98.9468,50.4629
PWRCOA,COA,1,2025,3.0,S21,0.17,RE1,94.557,48.2241
PWRCOA,COA,1,2026,3.0,S21,0.17,RE1,98.0511,50.0061
PWRCOA,COA,1,2027,3.0,S21,0.17,RE1,96.1592,49.0412
PWRCOA,COA,1,2028,3.0,S21,0.17,RE1,92.8592,47.3582
PWRCOA,COA,1,2029,3.0,S21,0.17,RE1,89.5592,45.6752
PWRCOA,COA,1,2030,3.0,S21,0.17,RE1,63.072,32.1667
PWRCOA,COA,1,2031,3.0,S21,0.17,RE1,63.072,32.1667
PWRCOA,COA,1,2032,3.0,S21,0.17,RE1,63.072,32.1667
PWRCOA,COA,1,2033,3.0,S21,0.17,RE1,63.072,32.1667
PWRCOA,COA,1,2034,3.0,S21,0.17,RE1,63.072,32.1667
PWRCOA,COA,1,2035,3.0,S21,0.17,RE1,63.072,32.1667
PWRGAS,GAS,1,2020,2.0,S21,0.17,RE1,0.0,0.0
PWRGAS,GAS,1,2021,2.0,S21,0.17,RE1,0.0,0.0
PWRGAS,GAS,1,2022,2.0,S21,0.17,RE1,0.0,0.0
PWRGAS,GAS,1,2023,2.0,S21,0.17,RE1,0.0,0.0
PWRGAS,GAS,1,2024,2.0,S21,0.17,RE1,0.0,0.0
PWRGAS,GAS,1,2025,2.0,S21,0.17,RE1,0.0,0.0
PWRGAS,GAS,1,2026,2.0,S21,0.17,RE1,0.0,0.0
PWRGAS,GAS,1,2027,2.0,S21,0.17,RE1,0.0,0.0
PWRGAS,GAS,1,2028,2.0,S21,0.17,RE1,0.0,0.0
PWRGAS,GAS,1,2029,2.0,S21,0.17,RE1,0.0,0.0
PWRGAS,GAS,1,2030,2.0,S21,0.17,RE1,9.0786,3.0867
PWRGAS,GAS,1,2031,2.0,S21,0.17,RE1,12.5727,4.2747
PWRGAS,GAS,1,2032,2.0,S21,0.17,RE1,14.5668,4.9527
PWRGAS,GAS,1,2033,2.0,S21,0.17,RE1,17.2256,5.8567
PWRGAS,GAS,1,2034,2.0,S21,0.17,RE1,19.2197,6.5347
PWRGAS,GAS,1,2035,2.0,S21,0.17,RE1,21.8786,7.4387
PWRHYD,HYD,1,2020,1.0,S21,0.17,RE1,15.768,2.6806
PWRHYD,HYD,1,2021,1.0,S21,0.17,RE1,15.768,2.6806
PWRHYD,HYD,1,2022,1.0,S21,0.17,RE1,15.768,2.6806
PWRHYD,HYD,1,2023,1.0,S21,0.17,RE1,15.768,2.6806
PWRHYD,HYD,1,2024,1.0,S21,0.17,RE1,15.768,2.6806
PWRHYD,HYD,1,2025,1.0,S21,0.17,RE1,23.652,4.0208
PWRHYD,HYD,1,2026,1.0,S21,0.17,RE1,23.652,4.0208
PWRHYD,HYD,1,2027,1.0,S21,0.17,RE1,23.652,4.0208
PWRHYD,HYD,1,2028,1.0,S21,0.17,RE1,23.652,4.0208
PWRHYD,HYD,1,2029,1.0,S21,0.17,RE1,23.652,4.0208
PWRHYD,HYD,1,2030,1.0,S21,0.17,RE1,23.652,4.0208
PWRHYD,HYD,1,2031,1.0,S21,0.17,RE1,23.652,4.0208
PWRHYD,HYD,1,2032,1.0,S21,0.17,RE1,23.652,4.0208
PWRHYD,HYD,1,2033,1.0,S21,0.17,RE1,23.652,4.0208
PWRHYD,HYD,1,2034,1.0,S21,0.17,RE1,23.652,4.0208
PWRHYD,HYD,1,2035,1.0,S21,0.17,RE1,23.652,4.0208
PWRSOL,SOL,1,2020,1.0,S21,0.17,RE1,5.5188,0.9382
PWRSOL,SOL,1,2021,1.0,S21,0.17,RE1,5.5188,0.9382
PWRSOL,SOL,1,2022,1.0,S21,0.17,RE1,5.5188,0.9382
PWRSOL,SOL,1,2023,1.0,S21,0.17,RE1,5.5188,0.9382
PWRSOL,SOL,1,2024,1.0,S21,0.17,RE1,5.5188,0.9382
PWRSOL,SOL,1,2025,1.0,S21,0.17,RE1,5.5188,0.9382
PWRSOL,SOL,1,2026,1.0,S21,0.17,RE1,5.5188,0.9382
PWRSOL,SOL,1,2027,1.0,S21,0.17,RE1,5.5188,0.9382
PWRSOL,SOL,1,2028,1.0,S21,0.17,RE1,5.5188,0.9382
PWRSOL,SOL,1,2029,1.0,S21,0.17,RE1,5.5188,0.9382
PWRSOL,SOL,1,2030,1.0,S21,0.17,RE1,5.5188,0.9382
PWRSOL,SOL,1,2031,1.0,S21,0.17,RE1,5.5188,0.9382
PWRSOL,SOL,1,2032,1.0,S21,0.17,RE1,5.5188,0.9382
PWRSOL,SOL,1,2033,1.0,S21,0.17,RE1,5.5188,0.9382
PWRSOL,SOL,1,2034,1.0,S21,0.17,RE1,5.5188,0.9382
PWRSOL,SOL,1,2035,1.0,S21,0.17,RE1,5.5188,0.9382
PWRTRN,ELC001,1,2020,1.1,S21,0.17,RE1,105.8824,19.8
PWRTRN,ELC001,1,2021,1.1,S21,0.17,RE1,109.0588,20.394
PWRTRN,ELC001,1,2022,1.1,S21,0.17,RE1,111.1765,20.79
PWRTRN,ELC001,1,2023,1.1,S21,0.17,RE1,114.3529,21.384
PWRTRN,ELC001,1,2024,1.1,S21,0.17,RE1,116.4706,21.78
PWRTRN,ELC001,1,2025,1.1,S21,0.17,RE1,119.6471,22.374
PWRTRN,ELC001,1,2026,1.1,S21,0.17,RE1,122.8235,22.968
PWRTRN,ELC001,1,2027,1.1,S21,0.17,RE1,126.0,23.562
PWRTRN,ELC001,1,2028,1.1,S21,0.17,RE1,129.1765,24.156
PWRTRN,ELC001,1,2029,1.1,S21,0.17,RE1,132.3529,24.75
PWRTRN,ELC001,1,2030,1.1,S21,0.17,RE1,135.5294,25.344
PWRTRN,ELC001,1,2031,1.1,S21,0.17,RE1,138.7059,25.938
PWRTRN,ELC001,1,2032,1.1,S21,0.17,RE1,141.8824,26.532
PWRTRN,ELC001,1,2033,1.1,S21,0.17,RE1,146.1176,27.324
PWRTRN,ELC001,1,2034,1.1,S21,0.17,RE1,149.2941,27.918
PWRTRN,ELC001,1,2035,1.1,S21,0.17,RE1,153.5294,28.71
PWRWND,WND,1,2020,1.0,S21,0.17,RE1,7.884,1.3403
PWRWND,WND,1,2021,1.0,S21,0.17,RE1,7.884,1.3403
PWRWND,WND,1,2022,1.0,S21,0.17,RE1,7.884,1.3403
PWRWND,WND,1,2023,1.0,S21,0.17,RE1,7.884,1.3403
PWRWND,WND,1,2024,1.0,S21,0.17,RE1,7.884,1.3403
PWRWND,WND,1,2025,1.0,S21,0.17,RE1,7.884,1.3403
PWRWND,WND,1,2026,1.0,S21,0.17,RE1,7.884,1.3403
PWRWND,WND,1,2027,1.0,S21,0.17,RE1,13.27,2.2559
PWRWND,WND,1,2028,1.0,S21,0.17,RE1,20.0641,3.4109
PWRWND,WND,1,2029,1.0,S21,0.17,RE1,26.8582,4.5659
PWRWND,WND,1,2030,1.0,S21,0.17,RE1,47.761,8.1194
PWRWND,WND,1,2031,1.0,S21,0.17,RE1,47.761,8.1194
PWRWND,WND,1,2032,1.0,S21,0.17,RE1,49.261,8.3744
PWRWND,WND,1,2033,1.0,S21,0.17,RE1,51.261,8.7144
PWRWND,WND,1,2034,1.0,S21,0.17,RE1,52.761,8.9694
PWRWND,WND,1,2035,1.0,S21,0.17,RE1,54.761,9.3094
LNDBLT,LND,1,2020,1.0,S22,0.17,RE1,0.0,0.0
LNDBLT,LND,1,2021,1.0,S22,0.17,RE1,0.0,0.0
LNDBLT,LND,1,2022,1.0,S22,0.17,RE1,0.0,0.0
LNDBLT,LND,1,2023,1.0,S22,0.17,RE1,0.0,0.0
LNDBLT,LND,1,2024,1.0,S22,0.17,RE1,0.0,0.0
LNDBLT,LND,1,2025,1.0,S22,0.17,RE1,0.0,0.0
LNDBLT,LND,1,2026,1.0,S22,0.17,RE1,0.0,0.0
LNDBLT,LND,1,2027,1.0,S22,0.17,RE1,0.0,0.0
LNDBLT,LND,1,2028,1.0,S22,0.17,RE1,0.0,0.0
LNDBLT,LND,1,2029,1.0,S22,0.17,RE1,0.0,0.0
LNDBLT,LND,1,2030,1.0,S22,0.17,RE1,0.0,0.0
LNDBLT,LND,1,2031,1.0,S22,0.17,RE1,0.0,0.0
LNDBLT,LND,1,2032,1.0,S22,0.17,RE1,0.0,0.0
LNDBLT,LND,1,2033,1.0,S22,0.17,RE1,0.0,0.0
LNDBLT,LND,1,2034,1.0,S22,0.17,RE1,0.0,0.0
LNDBLT,LND,1,2035,1.0,S22,0.17,RE1,0.0,0.0
LNDBLT,WTRPRC,1,2020,1.2,S22,0.17,RE1,0.0,0.0
LNDBLT,WTRPRC,1,2021,1.2,S22,0.17,RE1,0.0,0.0
LNDBLT,WTRPRC,1,2022,1.2,S22,0.17,RE1,0.0,0.0
LNDBLT,WTRPRC,1,2023,1.2,S22,0.17,RE1,0.0,0.0
LNDBLT,WTRPRC,1,2024,1.2,S22,0.17,RE1,0.0,0.0
LNDBLT,WTRPRC,1,2025,1.2,S22,0.17,RE1,0.0,0.0
LNDBLT,WTRPRC,1,2026,1.2,S22,0.17,RE1,0.0,0.0
LNDBLT,WTRPRC,1,2027,1.2,S22,0.17,RE1,0.0,0.0
LNDBLT,WTRPRC,1,2028,1.2,S22,0.17,RE1,0.0,0.0
LNDBLT,WTRPRC,1,2029,1.2,S22,0.17,RE1,0.0,0.0
LNDBLT,WTRPRC,1,2030,1.2,S22,0.17,RE1,0.0,0.0
LNDBLT,WTRPRC,1,2031,1.2,S22,0.17,RE1,0.0,0.0
LNDBLT,WTRPRC,1,2032,1.2,S22,0.17,RE1,0.0,0.0
LNDBLT,WTRPRC,1,2033,1.2,S22,0.17,RE1,0.0,0.0
LNDBLT,WTRPRC,1,2034,1.2,S22,0.17,RE1,0.0,0.0
LNDBLT,WTRPRC,1,2035,1.2,S22,0.17,RE1,0.0,0.0
LNDFOR,LND,1,2020,1.0,S22,0.17,RE1,0.0,0.0
LNDFOR,LND,1,2021,1.0,S22,0.17,RE1,0.0,0.0
LNDFOR,LND,1,2022,1.0,S22,0.17,RE1,0.0,0.0
LNDFOR,LND,1,2023,1.0,S22,0.17,RE1,0.0,0.0
LNDFOR,LND,1,2024,1.0,S22,0.17,RE1,0.0,0.0
LNDFOR,LND,1,2025,1.0,S22,0.17,RE1,0.0,0.0
LNDFOR,LND,1,2026,1.0,S22,0.17,RE1,0.0,0.0
LNDFOR,LND,1,2027,1.0,S22,0.17,RE1,0.0,0.0
LNDFOR,LND,1,2028,1.0,S22,0.17,RE1,0.0,0.0
LNDFOR,LND,1,2029,1.0,S22,0.17,RE1,864.7059,147.0
LNDFOR,LND,1,2030,1.0,S22,0.17,RE1,0.0,0.0
LNDFOR,LND,1,2031,1.0,S22,0.17,RE1,0.0,0.0
LNDFOR,LND,1,2032,1.0,S22,0.17,RE1,0.0,0.0
LNDFOR,LND,1,2033,1.0,S22,0.17,RE1,0.0,0.0
LNDFOR,LND,1,2034,1.0,S22,0.17,RE1,0.0,0.0
LNDFOR,LND,1,2035,1.0,S22,0.17,RE1,0.0,0.0
LNDFOR,WTRPRC,1,2020,1.2,S22,0.17,RE1,0.0,0.0
LNDFOR,WTRPRC,1,2021,1.2,S22,0.17,RE1,0.0,0.0
LNDFOR,WTRPRC,1,2022,1.2,S22,0.17,RE1,0.0,0.0
LNDFOR,WTRPRC,1,2023,1.2,S22,0.17,RE1,0.0,0.0
LNDFOR,WTRPRC,1,2024,1.2,S22,0.17,RE1,0.0,0.0
LNDFOR,WTRPRC,1,2025,1.2,S22,0.17,RE1,0.0,0.0
LNDFOR,WTRPRC,1,2026,1.2,S22,0.17,RE1,0.0,0.0
LNDFOR,WTRPRC,1,2027,1.2,S22,0.17,RE1,0.0,0.0
LNDFOR,WTRPRC,1,2028,1.2,S22,0.17,RE1,0.0,0.0
LNDFOR,WTRPRC,1,2029,1.2,S22,0.17,RE1,864.7059,176.4
LNDFOR,WTRPRC,1,2030,1.2,S22,0.17,RE1,0.0,0.0
LNDFOR,WTRPRC,1,2031,1.2,S22,0.17,RE1,0.0,0.0
LNDFOR,WTRPRC,1,2032,1.2,S22,0.17,RE1,0.0,0.0
LNDFOR,WTRPRC,1,2033,1.2,S22,0.17,RE1,0.0,0.0
LNDFOR,WTRPRC,1,2034,1.2,S22,0.17,RE1,0.0,0.0
LNDFOR,WTRPRC,1,2035,1.2,S22,0.17,RE1,0.0,0.0
LNDMAIHI,LND,1,2020,1.0,S22,0.17,RE1,0.0,0.0
LNDMAIHI,LND,1,2021,1.0,S22,0.17,RE1,0.0,0.0
LNDMAIHI,LND,1,2022,1.0,S22,0.17,RE1,0.0,0.0
LNDMAIHI,LND,1,2023,1.0,S22,0.17,RE1,0.0,0.0
LNDMAIHI,LND,1,2024,1.0,S22,0.17,RE1,0.0,0.0
LNDMAIHI,LND,1,2025,1.0,S22,0.17,RE1,0.0,0.0
LNDMAIHI,LND,1,2026,1.0,S22,0.17,RE1,0.0,0.0
LNDMAIHI,LND,1,2027,1.0,S22,0.17,RE1,0.0,0.0
LNDMAIHI,LND,1,2028,1.0,S22,0.17,RE1,0.0,0.0
LNDMAIHI,LND,1,2029,1.0,S22,0.17,RE1,0.0,0.0
LNDMAIHI,LND,1,2030,1.0,S22,0.17,RE1,0.0,0.0
LNDMAIHI,LND,1,2031,1.0,S22,0.17,RE1,0.0,0.0
LNDMAIHI,LND,1,2032,1.0,S22,0.17,RE1,0.0,0.0
LNDMAIHI,LND,1,2033,1.0,S22,0.17,RE1,0.0,0.0
LNDMAIHI,LND,1,2034,1.0,S22,0.17,RE1,0.0,0.0
LNDMAIHI,LND,1,2035,1.0,S22,0.17,RE1,0.0,0.0
LNDMAIHI,WTRPRC,1,2020,1.2,S22,0.17,RE1,0.0,0.0
LNDMAIHI,WTRPRC,1,2021,1.2,S22,0.17,RE1,0.0,0.0
LNDMAIHI,WTRPRC,1,2022,1.2,S22,0.17,RE1,0.0,0.0
LNDMAIHI,WTRPRC,1,2023,1.2,S22,0.17,RE1,0.0,0.0
LNDMAIHI,WTRPRC,1,2024,1.2,S22,0.17,RE1,0.0,0.0
LNDMAIHI,WTRPRC,1,2025,1.2,S22,0.17,RE1,0.0,0.0
LNDMAIHI,WTRPRC,1,2026,1.2,S22,0.17,RE1,0.0,0.0
LNDMAIHI,WTRPRC,1,2027,1.2,S22,0.17,RE1,0.0,0.0
LNDMAIHI,WTRPRC,1,2028,1.2,S22,0.17,RE1,0.0,0.0
LNDMAIHI,WTRPRC,1,2029,1.2,S22,0.17,RE1,0.0,0.0
LNDMAIHI,WTRPRC,1,2030,1.2,S22,0.17,RE1,0.0,0.0
LNDMAIHI,WTRPRC,1,2031,1.2,S22,0.17,RE1,0.0,0.0
LNDMAIHI,WTRPRC,1,2032,1.2,S22,0.17,RE1,0.0,0.0
LNDMAIHI,WTRPRC,1,2033,1.2,S22,0.17,RE1,0.0,0.0
LNDMAIHI,WTRPRC,1,2034,1.2,S22,0.17,RE1,0.0,0.0
LNDMAIHI,WTRPRC,1,2035,1.2,S22,0.17,RE1,0.0,0.0
LNDMAIHR,LND,1,2020,1.0,S22,0.17,RE1,0.0,0.0
LNDMAIHR,LND,1,2021,1.0,S22,0.17,RE1,0.0,0.0
LNDMAIHR,LND,1,2022,1.0,S22,0.17,RE1,0.0,0.0
LNDMAIHR,LND,1,2023,1.0,S22,0.17,RE1,0.0,0.0
LNDMAIHR,LND,1,2024,1.0,S22,0.17,RE1,0.0,0.0
LNDMAIHR,LND,1,2025,1.0,S22,0.17,RE1,0.0,0.0
LNDMAIHR,LND,1,2026,1.0,S22,0.17,RE1,0.0,0.0
LNDMAIHR,LND,1,2027,1.0,S22,0.17,RE1,0.0,0.0
LNDMAIHR,LND,1,2028,1.0,S22,0.17,RE1,0.0,0.0
LNDMAIHR,LND,1,2029,1.0,S22,0.17,RE1,0.0,0.0
LNDMAIHR,LND,1,2030,1.0,S22,0.17,RE1,376.4706,64.0
LNDMAIHR,LND,1,2031,1.0,S22,0.17,RE1,0.0,0.0
LNDMAIHR,LND,1,2032,1.0,S22,0.17,RE1,0.0,0.0
LNDMAIHR,LND,1,2033,1.0,S22,0.17,RE1,0.0,0.0
LNDMAIHR,LND,1,2034,1.0,S22,0.17,RE1,0.0,0.0
LNDMAIHR,LND,1,2035,1.0,S22,0.17,RE1,425.7353,72.375
LNDMAIHR,WTRPRC,1,2020,1.2,S22,0.17,RE1,0.0,0.0
LNDMAIHR,WTRPRC,1,2021,1.2,S22,0.17,RE1,0.0,0.0
LNDMAIHR,WTRPRC,1,2022,1.2,S22,0.17,RE1,0.0,0.0
LNDMAIHR,WTRPRC,1,2023,1.2,S22,0.17,RE1,0.0,0.0
LNDMAIHR,WTRPRC,1,2024,1.2,S22,0.17,RE1,0.0,0.0
LNDMAIHR,WTRPRC,1,2025,1.2,S22,0.17,RE1,0.0,0.0
LNDMAIHR,WTRPRC,1,2026,1.2,S22,0.17,RE1,0.0,0.0
LNDMAIHR,WTRPRC,1,2027,1.2,S22,0.17,RE1,0.0,0.0
LNDMAIHR,WTRPRC,1,2028,1.2,S22,0.17,RE1,0.0,0.0
LNDMAIHR,WTRPRC,1,2029,1.2,S22,0.17,RE1,0.0,0.0
LNDMAIHR,WTRPRC,1,2030,1.2,S22,0.17,RE1,376.4706,76.8
LNDMAIHR,WTRPRC,1,2031,1.2,S22,0.17,RE1,0.0,0.0
LNDMAIHR,WTRPRC,1,2032,1.2,S22,0.17,RE1,0.0,0.0
LNDMAIHR,WTRPRC,1,2033,1.2,S22,0.17,RE1,0.0,0.0
LNDMAIHR,WTRPRC,1,2034,1.2,S22,0.17,RE1,0.0,0.0
LNDMAIHR,WTRPRC,1,2035,1.2,S22,0.17,RE1,425.7353,86.85
LNDRICHI,LND,1,2020,1.0,S22,0.17,RE1,0.0,0.0
LNDRICHI,LND,1,2021,1.0,S22,0.17,RE1,0.0,0.0
LNDRICHI,LND,1,2022,1.0,S22,0.17,RE1,0.0,0.0
LNDRICHI,LND,1,2023,1.0,S22,0.17,RE1,0.0,0.0
LNDRICHI,LND,1,2024,1.0,S22,0.17,RE1,0.0,0.0
LNDRICHI,LND,1,2025,1.0,S22,0.17,RE1,0.0,0.0
LNDRICHI,LND,1,2026,1.0,S22,0.17,RE1,0.0,0.0
LNDRICHI,LND,1,2027,1.0,S22,0.17,RE1,0.0,0.0
LNDRICHI,LND,1,2028,1.0,S22,0.17,RE1,0.0,0.0
LNDRICHI,LND,1,2029,1.0,S22,0.17,RE1,0.0,0.0
LNDRICHI,LND,1,2030,1.0,S22,0.17,RE1,0.0,0.0
LNDRICHI,LND,1,2031,1.0,S22,0.17,RE1,0.0,0.0
LNDRICHI,LND,1,2032,1.0,S22,0.17,RE1,0.0,0.0
LNDRICHI,LND,1,2033,1.0,S22,0.17,RE1,0.0,0.0
LNDRICHI,LND,1,2034,1.0,S22,0.17,RE1,0.0,0.0
LNDRICHI,LND,1,2035,1.0,S22,0.17,RE1,0.0,0.0
LNDRICHI,WTRPRC,1,2020,1.2,S22,0.17,RE1,0.0,0.0
LNDRICHI,WTRPRC,1,2021,1.2,S22,0.17,RE1,0.0,0.0
LNDRICHI,WTRPRC,1,2022,1.2,S22,0.17,RE1,0.0,0.0
LNDRICHI,WTRPRC,1,2023,1.2,S22,0.17,RE1,0.0,0.0
LNDRICHI,WTRPRC,1,2024,1.2,S22,0.17,RE1,0.0,0.0
LNDRICHI,WTRPRC,1,2025,1.2,S22,0.17,RE1,0.0,0.0
LNDRICHI,WTRPRC,1,2026,1.2,S22,0.17,RE1,0.0,0.0
LNDRICHI,WTRPRC,1,2027,1.2,S22,0.17,RE1,0.0,0.0
LNDRICHI,WTRPRC,1,2028,1.2,S22,0.17,RE1,0.0,0.0
LNDRICHI,WTRPRC,1,2029,1.2,S22,0.17,RE1,0.0,0.0
LNDRICHI,WTRPRC,1,2030,1.2,S22,0.17,RE1,0.0,0.0
LNDRICHI,WTRPRC,1,2031,1.2,S22,0.17,RE1,0.0,0.0
LNDRICHI,WTRPRC,1,2032,1.2,S22,0.17,RE1,0.0,0.0
LNDRICHI,WTRPRC,1,2033,1.2,S22,0.17,RE1,0.0,0.0
LNDRICHI,WTRPRC,1,2034,1.2,S22,0.17,RE1,0.0,0.0
LNDRICHI,WTRPRC,1,2035,1.2,S22,0.17,RE1,0.0,0.0
LNDRICHR,LND,1,2020,1.0,S22,0.17,RE1,0.0,0.0
LNDRICHR,LND,1,2021,1.0,S22,0.17,RE1,0.0,0.0
LNDRICHR,LND,1,2022,1.0,S22,0.17,RE1,0.0,0.0
LNDRICHR,LND,1,2023,1.0,S22,0.17,RE1,0.0,0.0
LNDRICHR,LND,1,2024,1.0,S22,0.17,RE1,0.0,0.0
LNDRICHR,LND,1,2025,1.0,S22,0.17,RE1,0.0,0.0
LNDRICHR,LND,1,2026,1.0,S22,0.17,RE1,0.0,0.0
LNDRICHR,LND,1,2027,1.0,S22,0.17,RE1,0.0,0.0
LNDRICHR,LND,1,2028,1.0,S22,0.17,RE1,0.0,0.0
LNDRICHR,LND,1,2029,1.0,S22,0.17,RE1,0.0,0.0
LNDRICHR,LND,1,2030,1.0,S22,0.17,RE1,0.0,0.0
LNDRICHR,LND,1,2031,1.0,S22,0.17,RE1,0.0,0.0
LNDRICHR,LND,1,2032,1.0,S22,0.17,RE1,0.0,0.0
LNDRICHR,LND,1,2033,1.0,S22,0.17,RE1,0.0,0.0
LNDRICHR,LND,1,2034,1.0,S22,0.17,RE1,0.0,0.0
LNDRICHR,LND,1,2035,1.0,S22,0.17,RE1,0.0,0.0
LNDRICHR,WTRPRC,1,2020,1.2,S22,0.17,RE1,0.0,0.0
LNDRICHR,WTRPRC,1,2021,1.2,S22,0.17,RE1,0.0,0.0
LNDRICHR,WTRPRC,1,2022,1.2,S22,0.17,RE1,0.0,0.0
LNDRICHR,WTRPRC,1,2023,1.2,S22,0.17,RE1,0.0,0.0
LNDRICHR,WTRPRC,1,2024,1.2,S22,0.17,RE1,0.0,0.0
LNDRICHR,WTRPRC,1,2025,1.2,S22,0.17,RE1,0.0,0.0
LNDRICHR,WTRPRC,1,2026,1.2,S22,0.17,RE1,0.0,0.0
LNDRICHR,WTRPRC,1,2027,1.2,S22,0.17,RE1,0.0,0.0
LNDRICHR,WTRPRC,1,2028,1.2,S22,0.17,RE1,0.0,0.0
LNDRICHR,WTRPRC,1,2029,1.2,S22,0.17,RE1,0.0,0.0
LNDRICHR,WTRPRC,1,2030,1.2,S22,0.17,RE1,0.0,0.0
LNDRICHR,WTRPRC,1,2031,1.2,S22,0.17,RE1,0.0,0.0
LNDRICHR,WTRPRC,1,2032,1.2,S22,0.17,RE1,0.0,0.0
LNDRICHR,WTRPRC,1,2033,1.2,S22,0.17,RE1,0.0,0.0
LNDRICHR,WTRPRC,1,2034,1.2,S22,0.17,RE1,0.0,0.0
LNDRICHR,WTRPRC,1,2035,1.2,S22,0.17,RE1,0.0,0.0
LNDWAT,LND,1,2020,1.0,S22,0.17,RE1,0.0,0.0
LNDWAT,LND,1,2021,1.0,S22,0.17,RE1,0.0,0.0
LNDWAT,LND,1,2022,1.0,S22,0.17,RE1,0.0,0.0
LNDWAT,LND,1,2023,1.0,S22,0.17,RE1,0.0,0.0
LNDWAT,LND,1,2024,1.0,S22,0.17,RE1,0.0,0.0
LNDWAT,LND,1,2025,1.0,S22,0.17,RE1,0.0,0.0
LNDWAT,LND,1,2026,1.0,S22,0.17,RE1,0.0,0.0
LNDWAT,LND,1,2027,1.0,S22,0.17,RE1,0.0,0.0
LNDWAT,LND,1,2028,1.0,S22,0.17,RE1,0.0,0.0
LNDWAT,LND,1,2029,1.0,S22,0.17,RE1,0.0,0.0
LNDWAT,LND,1,2030,1.0,S22,0.17,RE1,0.0,0.0
LNDWAT,LND,1,2031,1.0,S22,0.17,RE1,0.0,0.0
LNDWAT,LND,1,2032,1.0,S22,0.17,RE1,0.0,0.0
LNDWAT,LND,1,2033,1.0,S22,0.17,RE1,0.0,0.0
LNDWAT,LND,1,2034,1.0,S22,0.17,RE1,0.0,0.0
LNDWAT,LND,1,2035,1.0,S22,0.17,RE1,0.0,0.0
LNDWAT,WTRPRC,1,2020,1.2,S22,0.17,RE1,0.0,0.0
LNDWAT,WTRPRC,1,2021,1.2,S22,0.17,RE1,0.0,0.0
LNDWAT,WTRPRC,1,2022,1.2,S22,0.17,RE1,0.0,0.0
LNDWAT,WTRPRC,1,2023,1.2,S22,0.17,RE1,0.0,0.0
LNDWAT,WTRPRC,1,2024,1.2,S22,0.17,RE1,0.0,0.0
LNDWAT,WTRPRC,1,2025,1.2,S22,0.17,RE1,0.0,0.0
LNDWAT,WTRPRC,1,2026,1.2,S22,0.17,RE1,0.0,0.0
LNDWAT,WTRPRC,1,2027,1.2,S22,0.17,RE1,0.0,0.0
LNDWAT,WTRPRC,1,2028,1.2,S22,0.17,RE1,0.0,0.0
LNDWAT,WTRPRC,1,2029,1.2,S22,0.17,RE1,0.0,0.0
LNDWAT,WTRPRC,1,2030,1.2,S22,0.17,RE1,0.0,0.0
LNDWAT,WTRPRC,1,2031,1.2,S22,0.17,RE1,0.0,0.0
LNDWAT,WTRPRC,1,2032,1.2,S22,0.17,RE1,0.0,0.0
LNDWAT,WTRPRC,1,2033,1.2,S22,0.17,RE1,0.0,0.0
LNDWAT,WTRPRC,1,2034,1.2,S22,0.17,RE1,0.0,0.0
LNDWAT,WTRPRC,1,2035,1.2,S22,0.17,RE1,0.0,0.0
PWRCOA,COA,1,2020,3.0,S22,0.17,RE1,126.144,64.3334
PWRCOA,COA,1,2021,3.0,S22,0.17,RE1,126.144,64.3334
PWRCOA,COA,1,2022,3.0,S22,0.17,RE1,126.144,64.3334
PWRCOA,COA,1,2023,3.0,S22,0.17,RE1,126.144,64.3334
PWRCOA,COA,1,2024,3.0,S22,0.17,RE1,126.144,64.3334
PWRCOA,COA,1,2025,3.0,S22,0.17,RE1,126.144,64.3334
PWRCOA,COA,1,2026,3.0,S22,0.17,RE1,126.144,64.3334
PWRCOA,COA,1,2027,3.0,S22,0.17,RE1,126.144,64.3334
PWRCOA,COA,1,2028,3.0,S22,0.17,RE1,126.144,64.3334
PWRCOA,COA,1,2029,3.0,S22,0.17,RE1,126.144,64.3334
PWRCOA,COA,1,2030,3.0,S22,0.17,RE1,63.072,32.1667
PWRCOA,COA,1,2031,3.0,S22,0.17,RE1,63.072,32.1667
PWRCOA,COA,1,2032,3.0,S22,0.17,RE1,63.072,32.1667
PWRCOA,COA,1,2033,3.0,S22,0.17,RE1,63.072,32.1667
PWRCOA,COA,1,2034,3.0,S22,0.17,RE1,63.072,32.1667
PWRCOA,COA,1,2035,3.0,S22,0.17,RE1,63.072,32.1667
PWRGAS,GAS,1,2020,2.0,S22,0.17,RE1,120.3919,40.9332
PWRGAS,GAS,1,2021,2.0,S22,0.17,RE1,128.5448,43.7052
PWRGAS,GAS,1,2022,2.0,S22,0.17,RE1,133.9801,45.5532
PWRGAS,GAS,1,2023,2.0,S22,0.17,RE1,142.1331,48.3253
PWRGAS,GAS,1,2024,2.0,S22,0.17,RE1,147.5684,50.1733
PWRGAS,GAS,1,2025,2.0,S22,0.17,RE1,147.8373,50.2647
PWRGAS,GAS,1,2026,2.0,S22,0.17,RE1,155.9903,53.0367
PWRGAS,GAS,1,2027,2.0,S22,0.17,RE1,157.68,53.6112
PWRGAS,GAS,1,2028,2.0,S22,0.17,RE1,157.68,53.6112
PWRGAS,GAS,1,2029,2.0,S22,0.17,RE1,157.68,53.6112
PWRGAS,GAS,1,2030,2.0,S22,0.17,RE1,203.8216,69.2993
PWRGAS,GAS,1,2031,2.0,S22,0.17,RE1,211.9746,72.0714
PWRGAS,GAS,1,2032,2.0,S22,0.17,RE1,218.3275,74.2314
PWRGAS,GAS,1,2033,2.0,S22,0.17,RE1,226.7981,77.1114
PWRGAS,GAS,1,2034,2.0,S22,0.17,RE1,233.151,79.2713
PWRGAS,GAS,1,2035,2.0,S22,0.17,RE1,241.6216,82.1513
PWRHYD,HYD,1,2020,1.0,S22,0.17,RE1,15.768,2.6806
PWRHYD,HYD,1,2021,1.0,S22,0.17,RE1,15.768,2.6806
PWRHYD,HYD,1,2022,1.0,S22,0.17,RE1,15.768,2.6806
PWRHYD,HYD,1,2023,1.0,S22,0.17,RE1,15.768,2.6806
PWRHYD,HYD,1,2024,1.0,S22,0.17,RE1,15.768,2.6806
PWRHYD,HYD,1,2025,1.0,S22,0.17,RE1,23.652,4.0208
PWRHYD,HYD,1,2026,1.0,S22,0.17,RE1,23.652,4.0208
PWRHYD,HYD,1,2027,1.0,S22,0.17,RE1,23.652,4.0208
PWRHYD,HYD,1,2028,1.0,S22,0.17,RE1,23.652,4.0208
PWRHYD,HYD,1,2029,1.0,S22,0.17,RE1,23.652,4.0208
PWRHYD,HYD,1,2030,1.0,S22,0.17,RE1,23.652,4.0208
PWRHYD,HYD,1,2031,1.0,S22,0.17,RE1,23.652,4.0208
PWRHYD,HYD,1,2032,1.0,S22,0.17,RE1,23.652,4.0208
PWRHYD,HYD,1,2033,1.0,S22,0.17,RE1,23.652,4.0208
PWRHYD,HYD,1,2034,1.0,S22,0.17,RE1,23.652,4.0208
PWRHYD,HYD,1,2035,1.0,S22,0.17,RE1,23.652,4.0208
PWRSOL,SOL,1,2020,1.0,S22,0.17,RE1,0.0,0.0
PWRSOL,SOL,1,2021,1.0,S22,0.17,RE1,0.0,0.0
PWRSOL,SOL,1,2022,1.0,S22,0.17,RE1,0.0,0.0
PWRSOL,SOL,1,2023,1.0,S22,0.17,RE1,0.0,0.0
PWRSOL,SOL,1,2024,1.0,S22,0.17,RE1,0.0,0.0
PWRSOL,SOL,1,2025,1.0,S22,0.17,RE1,0.0,0.0
PWRSOL,SOL,1,2026,1.0,S22,0.17,RE1,0.0,0.0
PWRSOL,SOL,1,2027,1.0,S22,0.17,RE1,0.0,0.0
PWRSOL,SOL,1,2028,1.0,S22,0.17,RE1,0.0,0.0
PWRSOL,SOL,1,2029,1.0,S22,0.17,RE1,0.0,0.0
PWRSOL,SOL,1,2030,1.0,S22,0.17,RE1,0.0,0.0
PWRSOL,SOL,1,2031,1.0,S22,0.17,RE1,0.0,0.0
PWRSOL,SOL,1,2032,1.0,S22,0.17,RE1,0.0,0.0
PWRSOL,SOL,1,2033,1.0,S22,0.17,RE1,0.0,0.0
PWRSOL,SOL,1,2034,1.0,S22,0.17,RE1,0.0,0.0
PWRSOL,SOL,1,2035,1.0,S22,0.17,RE1,0.0,0.0
PWRTRN,ELC001,1,2020,1.1,S22,0.17,RE1,247.0588,46.2
PWRTRN,ELC001,1,2021,1.1,S22,0.17,RE1,254.4706,47.586
PWRTRN,ELC001,1,2022,1.1,S22,0.17,RE1,259.4118,48.51
PWRTRN,ELC001,1,2023,1.1,S22,0.17,RE1,266.8235,49.896
PWRTRN,ELC001,1,2024,1.1,S22,0.17,RE1,271.7647,50.82
PWRTRN,ELC001,1,2025,1.1,S22,0.17,RE1,279.1765,52.206
PWRTRN,ELC001,1,2026,1.1,S22,0.17,RE1,286.5882,53.592
PWRTRN,ELC001,1,2027,1.1,S22,0.17,RE1,294.0,54.978
PWRTRN,ELC001,1,2028,1.1,S22,0.17,RE1,301.4118,56.364
PWRTRN,ELC001,1,2029,1.1,S22,0.17,RE1,308.8235,57.75
PWRTRN,ELC001,1,2030,1.1,S22,0.17,RE1,316.2353,59.136
PWRTRN,ELC001,1,2031,1.1,S22,0.17,RE1,323.6471,60.522
PWRTRN,ELC001,1,2032,1.1,S22,0.17,RE1,331.0588,61.908
PWRTRN,ELC001,1,2033,1.1,S22,0.17,RE1,340.9412,63.756
PWRTRN,ELC001,1,2034,1.1,S22,0.17,RE1,348.3529,65.142
PWRTRN,ELC001,1,2035,1.1,S22,0.17,RE1,358.2353,66.99
PWRWND,WND,1,2020,1.0,S22,0.17,RE1,9.4608,1.6083
PWRWND,WND,1,2021,1.0,S22,0.17,RE1,9.4608,1.6083
PWRWND,WND,1,2022,1.0,S22,0.17,RE1,9.4608,1.6083
PWRWND,WND,1,2023,1.0,S22,0.17,RE1,9.4608,1.6083
PWRWND,WND,1,2024,1.0,S22,0.17,RE1,9.4608,1.6083
PWRWND,WND,1,2025,1.0,S22,0.17,RE1,9.4608,1.6083
PWRWND,WND,1,2026,1.0,S22,0.17,RE1,9.4608,1.6083
PWRWND,WND,1,2027,1.0,S22,0.17,RE1,15.924,2.7071
PWRWND,WND,1,2028,1.0,S22,0.17,RE1,24.0769,4.0931
PWRWND,WND,1,2029,1.0,S22,0.17,RE1,32.2299,5.4791
PWRWND,WND,1,2030,1.0,S22,0.17,RE1,57.3132,9.7432
PWRWND,WND,1,2031,1.0,S22,0.17,RE1,57.3132,9.7432
PWRWND,WND,1,2032,1.0,S22,0.17,RE1,59.1132,10.0492
PWRWND,WND,1,2033,1.0,S22,0.17,RE1,61.5132,10.4572
PWRWND,WND,1,2034,1.0,S22,0.17,RE1,63.3132,10.7632
PWRWND,WND,1,2035,1.0,S22,0.17,RE1,65.7132,11.1712
